sha256	bytes	path
1d7108b28bc4ff97ad1dfb8ea65d0f78d5a5ac25accc7fabbfb028f1c46ea94e	8986	CRITICAL_NOTES.md
46250a72cdd708243c22c0b65dc5239b3278bf6cb69e7f9a531d82fc2d2069a9	10988	README.md
6c9dea85686eb532243fa20a6265ae15f51cbf86ee2ec0cbb61d3d5d808f5547	1377	STATUS.md
1e1c06a3d95bfc7771e4f6e5696274db4b969a967221f07c225f344914f599a0	3746	controls/00_READ_FIRST_AL_BATTANI_AUTHOR_PROJECT.md
8b26713e0fe2f59c949471042b7ba8417f991b02699b209faa3ee1aed4cc8352	2908	controls/01_PROJECT_CONTRACT.md
6b3627280d488b04c26deed3013e233efa74245c52116d9fd19cb3efb7da6030	2213	controls/02_AUTHOR_BIBLIOGRAPHY_AND_TIER_MAP.tsv
fa087cb5a0b3a916ea2f0cc655fcc809fb68419e842f566d4ad6367ede0d0d28	2876	controls/03_SOURCE_WITNESS_GATE.tsv
f20f6cac3b9483378af53c34ad8ead01a4c1bd7a0f8ac0ca125c93da35d9e2dd	2927	controls/04_MASTER_TOPOLOGY_AND_DISPOSITION_MAP.tsv
e651d8c966ebe519ab4f007255f1bfb393145ed5ba0255b05d4342bd92462a11	2585	controls/05_SESSION_MAP.tsv
dc8a422ec71223f254f673acd254a41f2a76ef285d3ad79f0c8d0f1e49734492	2460	controls/06_COMMON_SESSION_PROTOCOL.md
ddd74859c664ab00b2f67491f8f898cdbe4bdd3e210cdcbf83186cf222dcdaf8	1387	controls/07_PRIOR_OUTPUT_CONTINUITY_AND_GAPS.tsv
504069b411632f330e6dfe43970e28b7fd6ee7decc50288a846d920caa7dc18b	6576	controls/08_UNIVERSAL_GALOIS_DERIVED_PRODUCTION_STANDARD.txt
e4a915568034e13a90cf7f7bab16620da400815210054a126e34683a3685ad52	2785	controls/09_MULTILINGUAL_QA_FEEDBACK_LOOP.txt
0986b706c97d5545bafacac6a0b21add66393863bf5530e7258e22834bf6e28f	1427	controls/10_LICENSE_ACCESS_AND_PROVENANCE.md
0e09b153a2fc84288efeaa9b257b5fd8de8a6a95e20f068c8138133024b76861	2089	controls/11_PACKET_VALIDATION_STATUS.md
bc25fb62b49e4a13558b11bd66110974259419b9a6c3148c83ad45b17a9e2aeb	883	controls/12_SESSION_S01_PART_I_FRONTMATTER_PDF002_089.txt
e0abba8481d17f18d3baba044ddc37d8a70026730d3d63e775725648b7f53ab0	729	controls/13_SESSION_S02_PART_I_PRINT001_109.txt
b8a284038de59229642cd245394a1907a57988c6bf677591f50718493bc9ebb3	646	controls/14_SESSION_S03_PART_I_PRINT110_218.txt
9cf82dbdadefdddb2602e6655c4c8f90733fc766261af0aed63446ac3822285e	589	controls/15_SESSION_S04_PART_I_PRINT219_327.txt
97f92ab1483071063d5ab95ef14e18dfcc4632fc97110590d80354bec49fc626	674	controls/16_SESSION_S05_PART_II_FRONTMATTER_PDF418_448.txt
ad090c7dcaeb7f11b175d4e05f2ad45d2358885c281f4c22e578dfc42df847df	623	controls/17_SESSION_S06_PART_II_PRINT001_100.txt
2ed7a47b6d5dd93b79d5074d26321330052e385eb83bb70fdf129ebf6ad7e38d	559	controls/18_SESSION_S07_PART_II_PRINT101_200.txt
6e165237d81d1d373092353a8eba83e447d6fd0df0a0ab49f726c96cc6e3b1df	565	controls/19_SESSION_S08_PART_II_PRINT201_300.txt
f3874792a92155ddaca8aa6dcfe1957e347453ddbf6da84549842cd2dc531f46	611	controls/20_SESSION_S09_PART_II_PRINT301_413.txt
0c27de7085943b8e08747c08266dcff189238b19c2c6b3539fe28671b5ff45f4	621	controls/21_SESSION_S10_PART_III_ARABIC_BLOCK1.txt
f536f58abd819a4e06d1852c201aee8a494975269d106c8ca66572828e8a0c31	595	controls/22_SESSION_S11_PART_III_ARABIC_BLOCK2.txt
25ea54faf07bda5347c97bfe46a245c6b3d58ca1c73f2b9593978e966a2bd314	512	controls/23_SESSION_S12_PART_III_ARABIC_BLOCK3.txt
fe0effae30ce44115fdf561bb76c2a3753a42f582fd04a5f65ba1f653aa93789	663	controls/24_SESSION_S13_PART_III_ARABIC_TABLES.txt
f5f4efe2d691a7013ba9e932c0365cf7c6aed57608bf8eb009baa44cc68f2440	717	controls/25_SESSION_S14_TETRABIBLOS_COMMENTARY.txt
57186fc06f5bc72581bbf68dca0da38688281a38b2bf838e874e8bd365373d1f	766	controls/26_SESSION_S15_ASTROLOGICAL_HISTORY.txt
3945def3dff2d402154ac5348d70c8644efd7db667afe7addffa8985475af615	801	controls/27_SESSION_S16_INTEGRATION_AND_COLD_AUDIT.txt
b61b475c4c9f087104bafc224b06bf5cbae993f5d0c441dcffd27e3e29c91e2d	4118	controls/99_PACKET_MANIFEST_SHA256.txt
7f4a76da3044e9a77a0672054f9ca49943b1842ccfc6a15dabefe0654afd9bb3	645	history/README.md
d6c0612bd784f7f4274fe8e6d4b30f131166ab8f840797a36933d5450f275336	695	history/first_pass_pages/AB01-PDF0010.json
0891cf195d4fb16967500b6dbee8f5dba8040dff04559a93782e2f918ad47295	2466	history/first_pass_pages/AB01-PDF0012.json
30036b4b5924ce93bcac9403f3f4e02e3965673c816f1f4f413b1798ba720983	589	history/first_pass_pages/AB01-PDF0013.json
bd45b960dd738bb62f6b0fe4e3d9aaac8d13b74295420154a7fe1a095db36277	776	history/first_pass_pages/AB01-PDF0014.json
cfd66e3e2cc178f1c8e6d1979e4cfabb5681d215d471e1610b0c93f21726a376	511	history/first_pass_pages/AB01-PDF0015.json
916f60c2d268091e09e32c95f9378cc944fa03afaf9fe9cfd4d6118d3e80497b	6803	history/first_pass_pages/AB01-PDF0016.json
d95583ec1c2998addd76aedb0185f0ffb03ca03e874381b6b69ab82792dbc066	12259	history/first_pass_pages/AB01-PDF0017.json
44d55cfb7f67e6de91e25ee09d6302a26262a3f68f7f3eac25aff2db33a63dd5	11662	history/first_pass_pages/AB01-PDF0018.json
a484df2c306ca8dda7e994f5963ed6f7ec1b716026bb57f2e7d2ea1c28663489	10598	history/first_pass_pages/AB01-PDF0019.json
b6be633762ec0c0c2bcbfcd5dc2552741dafa6acf580555f268b78c33b5652a2	11379	history/first_pass_pages/AB01-PDF0020.json
e7830152f9dfbe11c6e5184467a3a9318dbcace3618e4e47712acb240405e70b	9992	history/first_pass_pages/AB01-PDF0021.json
c0c233d26d468578cbf708d75b85cee030f03a6faf65c4f67ac04e5766990e36	10347	history/first_pass_pages/AB01-PDF0022.json
371f397288176de46fcb015e605ccf045376e330a29be4587b239b5930b9d53b	11892	history/first_pass_pages/AB01-PDF0023.json
73f65770b1696d126206346448a459faeb7e60e6976e245343c5984e17881dd5	13608	history/first_pass_pages/AB01-PDF0024.json
bf58740fcf991b0c3e38f4c600feb8f19456e6f2df455617778e82b130701c79	10898	history/first_pass_pages/AB01-PDF0025.json
6d9c1100974db8609a6ee6e590ae301fdc8830d87c722123bee08b48fa027332	11138	history/first_pass_pages/AB01-PDF0026.json
0266fe66c6facdf752f85299ead962687eafb6a90fd157b85546b04dbfd64528	11599	history/first_pass_pages/AB01-PDF0027.json
e71702f1c4421f4c44e6ff3c773d1bd5ac745aad80e504ef586e57307c3ee8e6	9166	history/first_pass_pages/AB01-PDF0028.json
eb23fff7f8c9a907e7647f2ce696a2c9b3dc7d23ea468abb87dc0c39f997c0be	9370	history/first_pass_pages/AB01-PDF0029.json
a7dd3c719442f8e32318ac12aa24b6120f35de0a5943d4813dc4b81e51ddcb87	12838	history/first_pass_pages/AB01-PDF0030.json
0625f7d9973e0109fb32a7f8bafeb299f189d6d50863d95b69002f350e3b4a15	7763	history/first_pass_pages/AB01-PDF0031.json
28e9765ad08ac6f89ef8a7f9ec163c73ef8d44c3c4c17449031f6ca582dbc8a8	9270	history/first_pass_pages/AB01-PDF0032.json
5d9d1e20bbabec0706e477f337ffd14f7d26844588889c06cd55581a2006a08b	10505	history/first_pass_pages/AB01-PDF0033.json
a1bbc7573126d35fe13688e2339b5a77a7ec1d1e5592ee6eefd8b439dc29ffd8	9692	history/first_pass_pages/AB01-PDF0034.json
f75537a7f2c3d00450b52e4dce6fae4837886380c00a27b8bbb6a2832b2f8668	9942	history/first_pass_pages/AB01-PDF0035.json
e3bda5e3bd7628b1c97eda67384c5c02a22851737e7ddabf647db30293ad9af9	8788	history/first_pass_pages/AB01-PDF0036.json
e016f54fec784b3d98221bada2993e70b371df3abde4fef7911fda21eb733700	9655	history/first_pass_pages/AB01-PDF0037.json
1e7c712c280207f8c5310aecf6967f48fd1f24394f3650c41ee6d9bb6cc6e206	8906	history/first_pass_pages/AB01-PDF0038.json
9a8d0bdfcbac0f2211349b89d7641d6b3fc03848c45ab8e4d52ecb640c8ca8a1	11049	history/first_pass_pages/AB01-PDF0039.json
67163fb077c07ff7158d61ad820ad6d0a218163d8afd5b316d21648f578343d5	11711	history/first_pass_pages/AB01-PDF0040.json
f5c83d7b6bfbd4fdc2fd48e2f787191ea68e12c2abf4f26567963c16021b6a68	11443	history/first_pass_pages/AB01-PDF0041.json
da8fe285547dadddbd0cdeddefc20075f860646eb1a2db68bb322026093762bb	11062	history/first_pass_pages/AB01-PDF0042.json
7793ddfdfcd4e47fdc3a5b6bccf615c2cb9e0f472b3531ca71dd5434f4a998b8	12034	history/first_pass_pages/AB01-PDF0043.json
d76a6c2b7e1a68630b38ac0b9a3f99218f896143675b30d24a14a8109a77b0b9	12615	history/first_pass_pages/AB01-PDF0044.json
0d58a3e821e52ff5187ba345f22067dc285aa60f1c67cd303fb897d87bc68eac	12648	history/first_pass_pages/AB01-PDF0045.json
677abbe9fc708ad33f576ed9bd0829d3ad20277a942a993422d2bdaeadaf9f74	12835	history/first_pass_pages/AB01-PDF0046.json
1a2643026e12d4cc3d3d2730021f529ebaf7227bb4a29f1f1d5120647388de3e	10974	history/first_pass_pages/AB01-PDF0047.json
08948f69e544fb5edfb1f40104fe24753dcfce312f285649e0873f38419ac962	10446	history/first_pass_pages/AB01-PDF0048.json
dc9e95dd2178f25730210aa9c7cb2e00c3e7a244362ad7e21c9d255a2dca9691	9747	history/first_pass_pages/AB01-PDF0049.json
4acec00aebf9d8419a0b84b71ab86e0f9963da0ae4605d29936c5b2f856419cd	9439	history/first_pass_pages/AB01-PDF0050.json
1b65c0141472a5107eed6d27ac806a566bacda1e6d88fab3ab2972e2cf3e1470	8848	history/first_pass_pages/AB01-PDF0051.json
7bc1b79583b5af13c2218e8c827fbc82e88fbd7aa2e88f85383dba63127fc859	11762	history/first_pass_pages/AB01-PDF0052.json
b8fdd0ec4e891b1f1a370eaaf927ae9b02ae66ac4e5668c3f8857f149d67228a	9324	history/first_pass_pages/AB01-PDF0053.json
eed6d763199581cc9e8c28a1e583d3ff65c5033e50ca8da06670fd73f1601b54	7610	history/first_pass_pages/AB01-PDF0054.json
f90579d3dc62ae07aac432a1a0cace2cfacf48b1f070e8d48922e3120b94d0bd	8509	history/first_pass_pages/AB01-PDF0055.json
c1dd6452841d53cc4e9e45f38c1ad66e5d867cbefa3f556c1e51f892ffda70b3	7845	history/first_pass_pages/AB01-PDF0056.json
b4956d07a44a16a9f837ff6847a0fee41cd0954a824b1e5a1e93245c92681da2	8397	history/first_pass_pages/AB01-PDF0057.json
a60e187c13ca4132de0afe752a3de28bf824f30b5f6a1c76e949ae70dbaec9b6	9434	history/first_pass_pages/AB01-PDF0058.json
f405053b3a066cc9a1b9e92310e5384a796cb27dc5d260d205d9c6c909cf82ea	9991	history/first_pass_pages/AB01-PDF0059.json
5588371951fe8a5a66d6e334b581477c18ca4b7711966944752e5d02f762ec86	8345	history/first_pass_pages/AB01-PDF0060.json
587a24503ae17a704a058387f02622e4b2e62a50a1897bce0aeb53958f877887	9456	history/first_pass_pages/AB01-PDF0061.json
bff86c111474abdd4ec11b96d4c9bedaab4a46d32d233abe1f76886bd6e39e1e	8177	history/first_pass_pages/AB01-PDF0062.json
b29d90a99ada6833795a577b6f233dccdd53419d1aae5d9f4c94d4ea192e2266	7814	history/first_pass_pages/AB01-PDF0063.json
998f8575d8b44e6d58d9c93d66160e6e655a2ae2ca74dc895490ac82ff34f0e0	8235	history/first_pass_pages/AB01-PDF0064.json
bb9b9039069f2d5a4f1dd8a72feda6e3d8bd9049e2c8a2156174f1bb47d371a3	8877	history/first_pass_pages/AB01-PDF0065.json
e84a227723470cb41a83ff06ea9eb1c71560773e3606cbada29467d020651c5d	9641	history/first_pass_pages/AB01-PDF0066.json
af2725311d26dc68cf9e300c85ee64f7a60dd06509fd5259e13ff50ebe93c3a1	9677	history/first_pass_pages/AB01-PDF0067.json
2cf01566e925d8d76a3a7cc8ba13b76b9cf1a2098f43e33ca1085cce1416ee03	7582	history/first_pass_pages/AB01-PDF0068.json
92f03543e90fa102358a2078ce0719ea0e69b15de935ab2d1b9fc5daabbbefe9	8712	history/first_pass_pages/AB01-PDF0069.json
01e7db3e4b31eceecede4a5890a0ea0ddf6c54d8bff075f612436105e4d9b122	9829	history/first_pass_pages/AB01-PDF0070.json
d03d165a9e1f8c1a27ca9c387dbc4b9a94db8dd2e94c0f3046d386643d2190f5	8107	history/first_pass_pages/AB01-PDF0071.json
10553e26cedbbddbea71b553e8a25ac54ccd41a80e148ffbd4529b8b06a283d3	7857	history/first_pass_pages/AB01-PDF0072.json
410b8880f83a0435d0cf4bb8eed01879c09bd054132e0b987bcbacaeb53ba25c	5736	history/first_pass_pages/AB01-PDF0073.json
a5631641c054478e32f0543380ff3a0f25bee93316ce1f33a9ec87502540820b	7143	history/first_pass_pages/AB01-PDF0074.json
fe421528972abe2b944e5070e42acb5d3331796752f1493a5360500707181fcc	8613	history/first_pass_pages/AB01-PDF0075.json
bb2f46d29a689e0eaafda8f4a8362c9c302266eb264e6a5067ad70555f39466d	8603	history/first_pass_pages/AB01-PDF0076.json
b73cececaab2fb5720561e26f29dd2c5bef77d4ec4b02b949f0c91254e66cfcc	8697	history/first_pass_pages/AB01-PDF0077.json
035554ba8b9ddf201a44124ec072bdd72d20101f5012291df345a3091b4a39c9	2035	history/first_pass_pages/AB01-PDF0078.json
ae4ca443640fcb2f9664a69c7ea8b11666980f1a4f5e612a5ffc655de6dce25a	7113	history/first_pass_pages/AB01-PDF0079.json
6ce436df51ac11630360772199d0bb1823a883948b2764133a35598ed9c60a23	8839	history/first_pass_pages/AB01-PDF0080.json
ad913445db0efef5a8e1684af1e81b2463925d456e8ac5c4c78ebdc5a6b6c8f1	8571	history/first_pass_pages/AB01-PDF0081.json
683b1d76d6da7a1ff9402a54e1bcd6d95584745fc48ace18c91245903b5ee7d3	7762	history/first_pass_pages/AB01-PDF0082.json
b012c50b503ae79885d7d21919c47c450c46851ce6e9afbba6d22710df243caf	8674	history/first_pass_pages/AB01-PDF0083.json
cc8be0d3ddb03e580a856d900f66c93b02659ebe8f851811c00016b8a3054f71	8877	history/first_pass_pages/AB01-PDF0084.json
563011fa4153bbee0633c91dba3fbeb312004dbb091fa8ff6fe03ce92fdacb03	9207	history/first_pass_pages/AB01-PDF0085.json
192eb1a4b495bfaa9091ca2355120c5c7ce09b514f4eae109e511e58297e0cec	9236	history/first_pass_pages/AB01-PDF0086.json
288aaa34aa2f55c760ca0f6d29d7eaa1f46c3a4def50ee9e40fde440a6ff7574	8535	history/first_pass_pages/AB01-PDF0087.json
30277408aac0b497a26f93fc55054af9e7a6a8e416c9526cdbd4d6634e04d491	8958	history/first_pass_pages/AB01-PDF0088.json
540f708174e22bdb3724931c2583d2f1dab873338548a324512ac0aaae37875a	3830	history/first_pass_pages/AB01-PDF0089.json
6232839ce0139aeb98257bb07e995fd5054aefe737796996be255bcadb976b99	438	history/interrupted_reread/README.md
d1f4c6cbdced82965f112c9ecd02a0921a4be0972edb76100a21c358643b16c8	34297	history/interrupted_reread/RECOVERY_INVENTORY.json
8da818fe0198ef01cdc5a809fb47bb0af5336a569684d015f907c81384f3171a	3210	history/interrupted_reread/qa/G106_context_native.png
83bca87a0f62183b4708f45485987c4c57867aec7ab4c540b3c5e7afdc9579d7	1778	history/interrupted_reread/qa/G106_name_native.png
151aac27cedb42b279cb412de04304a43f3f4573afd75485df494691f5250d33	2138	history/interrupted_reread/qa/G320_word_correct.png
0b72c8948165cc09a5fc695916a1e844d562722555f6d846f348ffe259358db0	325723	history/interrupted_reread/qa/general_contact_001-008.png
ca2b8a9204efd2cea228558fe2f38907e2d384eba835c1f0d12de14f0a87b5ae	490285	history/interrupted_reread/qa/general_contact_009-016.png
ff6513366af850f1f97537f9a89e7354015ef2f352fa37f0050763f99ba0d841	438817	history/interrupted_reread/qa/general_contact_017-024.png
bce2142dad7bdb5e3e5d4c6c3dd32d806d274c6053f985eed6a3c79b537334ee	551132	history/interrupted_reread/qa/general_contact_025-032.png
2a996fc504d23a2d07ddae1d7450980f38ef8fa37e1de7aaf14d799a49c8f254	492853	history/interrupted_reread/qa/general_contact_033-040.png
1277c292cee10189cc9d82df3d83995b51551db91e4d492db4590d1d01a7f0d5	476512	history/interrupted_reread/qa/general_contact_041-048.png
808203806bbb6f585e3caf5565e97d684fed82b72230fc7523236cec2b65ee1c	486755	history/interrupted_reread/qa/general_contact_049-056.png
ce71f384456df7030d5c2ec21243b737f2b6d82b7b73a5577df12bb2e7e1e847	538259	history/interrupted_reread/qa/general_contact_057-064.png
3bf64f64ea3cd7262071c6da8aa2018ed11cae8031c4f88e8f6ab16ae0757bfc	478250	history/interrupted_reread/qa/general_contact_065-072.png
6c6977c799b9c60aca99478e0e2c36d116b7e9ad925749dec72ae77825f1b8a9	502199	history/interrupted_reread/qa/general_contact_073-080.png
9739108dc25c1149edc50f9074eec5f60877f320c64208448389bc65e28ee83e	516831	history/interrupted_reread/qa/general_contact_081-088.png
b3151a447a5c23f8c656194b7652228b87a5eee82034c1e98866a9c82072ca20	595657	history/interrupted_reread/qa/general_contact_089-096.png
2e4597211ac2068644f1486ed75f892a30091199de8e33e00aeb62af420c194b	464748	history/interrupted_reread/qa/general_contact_097-104.png
b2de1ca205febddee6251c4d55b393772b429b9d2cc34715165b4cb1a6037b9a	533161	history/interrupted_reread/qa/general_contact_105-112.png
3b6ce587f4f4a9b6521925727a96cff34361a62085daaa1524bded22be045344	533860	history/interrupted_reread/qa/general_contact_113-120.png
a4480c073e7443dd7918393672014479da6eaf0f4a8c91575c4f5170b1b2ab5d	401108	history/interrupted_reread/qa/general_contact_121-128.png
6082be8a96606454c265ba4a3686dbc7b8304f2858a8f25a6bb1fea374593266	465358	history/interrupted_reread/qa/general_contact_129-136.png
f55645815a1e0f563315ff3b820aa9d2fd9837cbc1b3eb5d35711296bcfec10a	392909	history/interrupted_reread/qa/general_contact_137-144.png
37530c4ce1914274dc4f857737fca2e11cca992fb53d463f2e078348942b9661	475676	history/interrupted_reread/qa/general_contact_145-152.png
76f85f03b45852c57b463bb70b92d777e1377aab879375b147ffecb4b5021381	469526	history/interrupted_reread/qa/general_contact_153-160.png
60860b457eb0b7af055075a27188a135b93968e66c8a3c6bc6dd04a2bfc689c0	463719	history/interrupted_reread/qa/general_contact_161-168.png
02161ca121a91292bbea54640d9cd5f87bdfdf222f48ded191a2419e9908e503	431810	history/interrupted_reread/qa/general_contact_169-176.png
b715571a26e871bf4649301a6db7eae9fcfecf7bafe9f78eae24154190405ab6	421152	history/interrupted_reread/qa/general_contact_177-184.png
f8ecd918860707de6f62e977de8f854e9a535fdf93e8f44438b977c33ad86e91	475134	history/interrupted_reread/qa/general_contact_185-192.png
56bc750dd5e53797a04e4d4954f38131d67f850a49dad82388da3fce6aebad3c	469672	history/interrupted_reread/qa/general_contact_193-200.png
db71d12c9301deee03af4d2e22128d4930d6db07d8e889d62d9f95e1bf694687	481651	history/interrupted_reread/qa/general_contact_201-208.png
edda342ea14b9dff0169c8bca0a14f7b0416b3f2da203bd502a9ec51afd757a9	430151	history/interrupted_reread/qa/general_contact_209-216.png
27134053b22ab71364b33a3797feeaf1425a0e70813bcd6fb964bd70ed68138c	434218	history/interrupted_reread/qa/general_contact_217-224.png
43b1b8de0801cccdfa5d54821da561f5e3f4dae0a3b9a2dcd097502dbb08be72	460828	history/interrupted_reread/qa/general_contact_225-232.png
4a32c820bc6a0c34103c4a9e5ba8c30a0f906d11a6847f4ba64664c4b7f9fc79	500088	history/interrupted_reread/qa/general_contact_233-240.png
7a9c9a6cc7f529c45cb62979c1125c5379deb1a3b9077a6b74438dd3c8699168	475870	history/interrupted_reread/qa/general_contact_241-248.png
359fdc78938c559a72dc7d46066cc2490c9e75695176cdb185d44476d7d3c7a7	485884	history/interrupted_reread/qa/general_contact_249-256.png
a78586bdf382fcdd33ebe5abe8775c12f518b4a02e582edb284cdff114e1dfdd	517674	history/interrupted_reread/qa/general_contact_257-264.png
31da8ee16aac35a2151d6af36150c1c2f613b5621beccd339f398d755dbf9801	498058	history/interrupted_reread/qa/general_contact_265-272.png
a24358813f287ef4340bd578b0a02f7cb3d4886b5715882ce59fceaf332219fe	500280	history/interrupted_reread/qa/general_contact_273-280.png
a16578a4ec6e8f64ce637783856f6718a1c8fa217e382014b80b6dff529f5df3	470606	history/interrupted_reread/qa/general_contact_281-288.png
a032c364c1ca4de07a13d812b47583f3f7f9c2bb6cff6f9da8de271dc0809e88	543830	history/interrupted_reread/qa/general_contact_289-296.png
3cc562967f07b9224c6cd6ac156f81ebf85f3ef9a64002941de0a62869283f75	493927	history/interrupted_reread/qa/general_contact_297-304.png
39eca9878e6c7cfda62a0c10604db8dca5a9342908e4d340c64f4c86c9a830b1	455558	history/interrupted_reread/qa/general_contact_305-312.png
308ce813eeae54e114ebbcb675bf0ae5bea1ecf9956cc8fe72d35d2aa2e22a4d	486125	history/interrupted_reread/qa/general_contact_313-320.png
208bf2507ca87f5ed790354fc9c87892c8ae655aac67c75b8710366e9acf3c22	520262	history/interrupted_reread/qa/general_contact_321-328.png
6fa636b9a702b552b3b13b7f57634dff1c656386f24ee9943e44b1ef91c4a281	359491	history/interrupted_reread/qa/general_contact_329-336.png
add07be8b8eb29cec11c48dadd92f6d3e58cc2ce9124591f15e9d5c0344a705d	491100	history/interrupted_reread/qa/general_contact_337-344.png
20d8cbf642b0ee5a2086073a0916511468bd68de6e177dc02257849458880a4f	465738	history/interrupted_reread/qa/general_contact_345-352.png
aa04320200b508c7241a7a4d9a1056e15f2526967ea220d5504e86829364a8d5	453093	history/interrupted_reread/qa/general_contact_353-360.png
4e2cfc83afd1d68072603b13999f522407ca10f682616a8d5a099d7a138b487e	418835	history/interrupted_reread/qa/general_contact_361-368.png
6420f8f7b954b7ddb1c9c00313e20c5e7ee3d22edd9d618a60b05c4b89fa7d07	399591	history/interrupted_reread/qa/general_contact_369-376.png
7a6ff86624a91d779483f0079991d93c7030083fd9bfa5101cb55be26a418088	391044	history/interrupted_reread/qa/general_contact_377-384.png
d471fbc78b8befaf351d00cde0ee24e24026de956afa2fd18f52f70aa0ee2579	479859	history/interrupted_reread/qa/general_contact_385-392.png
da88b845bdc7cfafdffb40eac27b796ee2bfd16d795bd2365d7ea60d762277df	543871	history/interrupted_reread/qa/general_contact_393-400.png
3745fb2bd05be5d6fd74332f7c96bc73ba8ace652707f4f2685c863c1da881f6	638354	history/interrupted_reread/qa/general_contact_401-408.png
b4b43dddcba6e639331b535495e05c88f5f1d3099113f23e931bf2d2e8c38d72	404967	history/interrupted_reread/qa/general_contact_409-416.png
781608ef97e3e6bbc297da4ea89533e64ee83bcf122cfabc3f7c359c43a2801a	411487	history/interrupted_reread/qa/general_contact_417-424.png
7742a85840c928ab551804e76ac29e9a22396a1c734c713da5293eaa123b0b15	415464	history/interrupted_reread/qa/general_contact_425-432.png
72061d38bfdab97e0f49c6a02ced250575eca90de9fdc0eb36b9ada011357f46	661016	history/interrupted_reread/qa/general_contact_433-440.png
a63ddfdbfde65bd279303cd87aab566fb24c2f11d99fb66758fee1d044b08b30	659858	history/interrupted_reread/qa/general_contact_441-448.png
22ad9489a397723430109b60c9ddeb914d8c2e14be5b24ecfec35bfcd7e3ddb4	412617	history/interrupted_reread/qa/general_contact_449-456.png
df1bca9f2777ed8fcab61d75d43ff46e607919f26de6ec81023ee6ba63345166	453167	history/interrupted_reread/qa/general_contact_457-464.png
2f25e2a30f1d2fbfbb71b92aec5547ec9b9f6e287f8656c6bdbb22cf23dc265b	456305	history/interrupted_reread/qa/general_contact_465-472.png
ce447350796d57e8b2dec7a04943202b88bd6b87d389a557d4d86351064a9e1b	490650	history/interrupted_reread/qa/general_contact_473-480.png
db2647a5fdfa1519e22fb06707f6285d2a6fc1b6159c51d587f52bd7d0d4ae81	478130	history/interrupted_reread/qa/general_contact_481-488.png
16e136cf9fc24ce3b3eedc45ed109ddb9f462f25d56c10778f0feada16d3b281	601931	history/interrupted_reread/qa/general_contact_489-496.png
1f04c455a02ab01c9f2105c6d944de5b80ae159a7fbaf11c097d53d5fff056d7	396625	history/interrupted_reread/qa/general_contact_497-504.png
b9919d30a791b3757c07ec38037af4cfec91df1697c45bbc8468a8b53a34facb	390126	history/interrupted_reread/qa/general_contact_505-512.png
e603f8cc6438e9439792762d119753a984ff0963d012ac1796df3957a11cfe92	458931	history/interrupted_reread/qa/general_contact_513-520.png
e5d797f5bf5417af701c3f110b0984032fcd6c0dcedb730eb6703c88a3acffd3	581876	history/interrupted_reread/qa/general_contact_521-528.png
d534354b0e752e7104179e4f539f508f9dce7b109d81150adbb5562538219a7f	640894	history/interrupted_reread/qa/general_contact_529-536.png
eafe33ac72ee12354dfe7f342ae994a59abd020abe64f0337a42d87389d93a5f	466188	history/interrupted_reread/qa/general_contact_537-544.png
20a558c6a00739abea71d8a2c605f182ef0f9d4e2d5e043feecb72a3b1876247	452269	history/interrupted_reread/qa/general_contact_545-552.png
768efac98bbd408a2c79eb52b9b6b10e1814cdd9ea83775910edaee5aacb030b	715004	history/interrupted_reread/qa/general_contact_553-560.png
f4abd6ecae0b8e44a36fae912b1dbd1ff2817b978b777ccfc687126ee2f348fd	152081	history/interrupted_reread/qa/general_contact_561-562.png
aea2d1b59eeaa6ec7b27d1a6b95e89df5e76d8eb1f4a6cf663f1e96fbddadee8	300336	history/interrupted_reread/qa/math_other_01-04.png
b28a6f81594832a06a4f836f38c0375b0a0d167993996a69ceb4aa97070d5a45	231499	history/interrupted_reread/qa/math_other_05-08.png
e43502afbc920de2313a12d4f0943df930afde318f5ae8addde2bacda33c9854	289263	history/interrupted_reread/qa/math_other_09-12.png
c7141f18018261f6a92dd7cb9b9e718fa1c5c2432a5d340a4c7dd03379133854	239753	history/interrupted_reread/qa/math_other_13-15.png
647838a71ee993615733c0764c6bc33cd147c3730dbc9fe612640f6ad5fd5af5	1680	history/interrupted_reread/qa/native_word_G320_aracla.png
ade86ef644a2d3cc3d58e811fa869cb0fb1285f0f44c37535aea0c205c267041	68633	history/interrupted_reread/qa/native_words_001-012.png
3e8855a18e2bda64b7c51597905689de9874dca0f90b0052d3c723831608bef5	70668	history/interrupted_reread/qa/native_words_013-024.png
18e399180c8add9aa673313fe88bae606632e6f1a0a3a4bf7fed0c0481c9ec58	70899	history/interrupted_reread/qa/native_words_025-036.png
0892fa804e36a9b97df29b150269bd2083fec2472d93f420c31084de5486d3df	69361	history/interrupted_reread/qa/native_words_037-048.png
fd54b8c6cd2930f0afb2f05f95256b9427aa3e57b9420bed679709f010ba2985	70967	history/interrupted_reread/qa/native_words_049-060.png
d071e019d3f4ad292a1bf281048c5a156693b8c06888cf391bcfb376c9212f60	73232	history/interrupted_reread/qa/native_words_061-072.png
b0f856652661ca010da45307180d05e346f999ae455d3c74faac6791652362a4	71605	history/interrupted_reread/qa/native_words_073-084.png
986b4849ffb9ac7eefc062ab971c38b2b387860908a4a2f5a2c6f9daf6e6b2f3	70384	history/interrupted_reread/qa/native_words_085-096.png
5179d2d6543319a0b3d271feaf60075da67d793622698f7e360b908b2e3b05c7	74992	history/interrupted_reread/qa/native_words_097-108.png
69c9954b9715d70fb259acd49055e126529ac6927773fd03a31186148be9d3da	17029	history/interrupted_reread/qa/native_words_109-109.png
983c81e9cd101632641dd8678496accbfbb7b9f7278ad2a1f5f80c7263bab11d	37559	history/interrupted_reread/qa/new_glyph_contact_1.png
b26362b49b764a39d28e06fae4f8cdf2d9abb37e89b94f2742cf9be77bba4744	45138	history/interrupted_reread/qa/new_glyph_contact_8.png
2b2fae9bbacf2d69c80c38d5c2dc7d73c7df34fca31ec2092589ab72a23077df	747	history/interrupted_reread/qa/p37_numeral_full.png
2715b57d1bdcc0b98b51f51218038e148320e3bb1c3f1e88646bf39eaa759b0e	585	history/interrupted_reread/qa/p37_numeral_zoom.png
9de17f4e685ee842a45e9a63d9b582f4a117b69a51f53295a7beab9c0add6876	1637	history/interrupted_reread/qa/p86_uncertain_word.png
2c2ec98c3c9bcebb50e716f7782864f57bf50ddf868e53ba8ab99107885b6428	4971	history/interrupted_reread/qa/proof_005_native.png
2e4ec0b1f5059cd6d4e62fa6589bf79e4b07edebeb4451383ab324a5b2633380	4564	history/interrupted_reread/qa/proof_014_native.png
ca276f2563495bba591535c53425200ec59212cc3fbe5f4bddc38d77b758031a	6494	history/interrupted_reread/qa/proof_017_native.png
5f23886cf2b021e58f541f3e3a217a61fa20f7118c299be1d9a244559c07ffcc	7665	history/interrupted_reread/qa/proof_035_native.png
d607c852b2d089f6dec7599294b905e2926d5676747b9f9f71c1ff52aa1ac3a4	10715	history/interrupted_reread/qa/proof_036_native.png
ab5b2f3dc99de28fad75ee64b62c1b6954a0f44a363a794ece22e7cfb5e2ad0e	5384	history/interrupted_reread/qa/proof_073_native.png
a175ea6f6a664edc7851b6f5746908802b3f0e5765f6e45904256b54ef81eb2e	11463	history/interrupted_reread/qa/proof_080_native.png
a5e99837432898ec54abe94e57fab504688c9f2b948e0c8052d83f8fe4a1bfed	11514	history/interrupted_reread/qa/proof_086_native.png
942fb6dcdc39e78bdf3911bc4770a807bac6168d22baba8be72ec4507f477342	11480	history/interrupted_reread/qa/proof_087_native.png
dd9bd0d60d4b87b71df2527273e62a3c8d04ccaabaf6fcc50bfbb7096a2887be	9945	history/interrupted_reread/qa/proof_106_native.png
fa3b70b2189f3fcc60e0faef830cedeb0e9c9897e8c0565b1c3d75598d0250e5	11732	history/interrupted_reread/qa/proof_107_native.png
d6aec715591292a1ae19909ea8a6dd35bb874d615d172ada028295f517f09a31	9905	history/interrupted_reread/qa/proof_111_native.png
7455e7a11970ba138b9a178fc95c7d99c1c147c962e777d30ec06472628b6d8a	8288	history/interrupted_reread/qa/proof_114_native.png
2643f0dadc9906a5d82f2ee2cb829a44997a26f967517dc6b956b7e68e5f65b9	9903	history/interrupted_reread/qa/proof_116_native.png
421e15503e63804151535911ea76dc5ac293a6b905527cc6cfe0166aeaa96ed1	11715	history/interrupted_reread/qa/proof_120_native.png
1262b567f736be9221aa0ed7038d1816d51effc338c2d54c95d49a89d41482a3	6223	history/interrupted_reread/qa/proof_158_native.png
9d40b1feb7ea035e34ebff2759713210baf32137f1107492bfb0540bd3ab53ce	9518	history/interrupted_reread/qa/proof_160_native.png
b32d2c78fde5a540cb5cad279d843683665db1f5a975de2ac00f358b3e02339f	1214	history/interrupted_reread/qa/selected_AB01-PDF0040-G01.png
34c059a5bfdf659af0776f195d0dba971215301d7c23f8c2b6b8bec2ddf6211f	783423	history/interrupted_reread/qa/source_page_0042.png
7caa6fcdea292a132c15d643590700b3e2f08ff8cc68f50f107cf0bffe083fc1	560346	history/interrupted_reread/qa/source_page_0056.png
3b180bee357b421eaec4eb5dc32da16f85297c495d8c88dbb68e64d30d595c8b	612630	history/interrupted_reread/qa/source_page_0057.png
a45feeb8fdd01e3f1afa69e620be5f5b966b5ca0d6edcde424380f46540d5b31	702260	history/interrupted_reread/qa/source_page_0072.png
67b94411d9e6efd5475c11a1a56ffdc0113b9837eb6748378b9fd932bc7a2ea6	510532	history/interrupted_reread/qa/source_page_0073.png
0fb75e86fa130c5990001422cdf70e004ef1d11bae4313adda55586c9fc4d0e4	680991	history/interrupted_reread/qa/source_page_0082.png
ff1e5c4cdef5d0278938bcd6175cede551dbcbcd060b1b587bcec8ba082673f3	799762	history/interrupted_reread/qa/source_page_0085.png
e1538340bca9cb4e885cf10aff4ebd6b3cb6012e43f2a02086b78cf4a21f97db	406399	history/interrupted_reread/qa/triage_contact_001-008.png
5692d3aa9736db75113c285c744b16ac60464c9cc75a6916ddfcd58bfc304595	352728	history/interrupted_reread/qa/triage_contact_009-016.png
207491e5de6628bd321c4fc491b6ce3c14ca76fdd329400de6b43a2581171234	391215	history/interrupted_reread/qa/triage_contact_017-024.png
ea013abf97c2b76b2c895de669472823ecf5ab4dbb9e5a37859d638c5a1e5bf5	348042	history/interrupted_reread/qa/triage_contact_025-032.png
9efb6af023ac47c25d6faca9b6955dadec9ade867c858a521bfe4ab4780c042e	415697	history/interrupted_reread/qa/triage_contact_033-040.png
fe41b6d91ee86260ffeecb6cdbe98eb20ed4de1f5c9d240abf743495fb601fc2	355784	history/interrupted_reread/qa/triage_contact_041-048.png
fd7f26dfff5557768884ffa3fda66099cbe5a5dd6006495e657dd08a35c4e70f	398820	history/interrupted_reread/qa/triage_contact_049-056.png
691a9eab1f233c4244a842588a43bcb979f36d58a27e444d64a06243c8b16678	352891	history/interrupted_reread/qa/triage_contact_057-064.png
818222dc87063b34a6e30308c2b90f2fde1b7284e8745cd200c078ac9912612a	325264	history/interrupted_reread/qa/triage_contact_065-072.png
8a86fa9f6d51432a86674376989599c1fe0a40e93677afb909b49992845b3ecf	381215	history/interrupted_reread/qa/triage_contact_073-080.png
bfcb0e3cd5d44be780c4761cbf8b53ca6df60191f5950f9cb1a59a994c81ed9a	386118	history/interrupted_reread/qa/triage_contact_081-088.png
8f3c9037241edb2a6e36d94f8c79fd557df870b5d6652eb45c6242c4edec37bb	343509	history/interrupted_reread/qa/triage_contact_089-096.png
67c26d125596f22da7c1766b8785c85553aaebd0a3065d1f89978a6a4922c0d6	464294	history/interrupted_reread/qa/triage_contact_097-104.png
8eac1786ae38970005a47e559dec9cdfdff95375291679de619d727e67d00ea8	515447	history/interrupted_reread/qa/triage_contact_105-112.png
cf285d4b438858459df532f6ec3d27e3b77446f1a93dbb92718ee750e5494727	377306	history/interrupted_reread/qa/triage_contact_113-120.png
66cd0f584ee8b98dd3d1683ca1393926a9702353e935fa7450e51f43f5c1a7d5	380171	history/interrupted_reread/qa/triage_contact_121-128.png
b0594c65bb2ca1e3a64fb2fa7fac8bed54b4a7db6e38d0ffd0a08d21482caa71	425824	history/interrupted_reread/qa/triage_contact_129-136.png
87d9efb2e45479303135c563b7a3f8f4e2fcf45f94407c4283d4f746d97ea6d9	506001	history/interrupted_reread/qa/triage_contact_137-144.png
3c514c52aaca1980fcc8596909b7fd0079e429c61047ead2df99e989b65c47ca	455999	history/interrupted_reread/qa/triage_contact_145-152.png
fb8833290e98d850b4413d9dc545faa1bf8ab7b3224ed710b062430c0a175eff	573368	history/interrupted_reread/qa/triage_contact_153-160.png
b8202111d98762e217270e3c1b9b0315dac1e394d326bcad4befc42f6eab3689	262164	history/interrupted_reread/qa/triage_contact_161-164.png
41c1dfcf97581ffed2fc1070fa1ed6d229e6bcec18a00da3e10e6cd94f9e091a	5797	history/interrupted_reread/qa/u002_native.png
5cff117beddf51daa5916741442b99648388db68bb7fcb4ed6515282995b3f8b	7588	history/interrupted_reread/qa/u002a_native.png
59ac6578af1814507122f3934a2289f7528099a34249d92b633bd6b6c540084d	3396	history/interrupted_reread/qa/u004_magnified_nearest.png
108966a7194b6681161af362006d936fdd11f7e8b594ccece75d472bc7444feb	9841	history/interrupted_reread/qa/u004_native.png
2fef16d57f786cc997acb312825b177cd062a80acc72d0af4cefc2657dd6a433	11337	history/interrupted_reread/qa/u005_native.png
f66568a35124d2cb56bfe1e3df117ecbd34870172875697dfa9dbfcd3cf5471a	3978	history/interrupted_reread/qa/u006_native.png
e54c6c5cf9c35d6d9f358e653c8307861fca4bf58c987d387ffd742839b3c5f3	694	history/interrupted_reread/qa/u006a_native.png
7b5ae4647871339e637ceea6677ffd96547c7cdc247cbdf796e935712c2cbf55	666	history/interrupted_reread/qa/u006b_native.png
bacb42ab1e6701b0bf016971b94a6a1da54dd26b6b82334e8ae0971edc40e4e2	73098	history/interrupted_reread/qa/u008_native.png
8cf06d9565b54cf8c98bd2610276a00e2d5222e86948a96f452b11a6999c7392	20231	history/interrupted_reread/qa/u008b_native.png
674b27335e372fb298fdcf81f7ab40ff61a2a5a4b4749431927412d2dde6d453	20550	history/interrupted_reread/qa/u009_native.png
b0b964b6802e6c858440bdba235e0a5fe9b5085fe514f57d15380cbc7699db14	1073	history/interrupted_reread/qa/u009_new_word.png
9c4c8a5066eadcf1c538f4ba878ad5cfade3f804f5c0b3111542c785c5549984	947	history/interrupted_reread/qa/u009_old_word.png
e516f03235d7f4da0b30afa467212b129090acf02cd2185d9ce98c4ebd0fc69f	10459	history/interrupted_reread/qa/u009a_native.png
60cc5b85f806f5debee72e72c1012d37bd4d2ea548f26100567bf56da54f6946	6880	history/interrupted_reread/qa/u010_native.png
9a908a7ed8e5cb31910fcc1c6adefcebf58b2d57a48ef7ce961abf866e7b1659	18437	history/interrupted_reread/qa/u012_native.png
5a9017aef07901706a0c6e64d7d9084680ea52d244dae137370d4b6d68320353	11299	history/interrupted_reread/qa/u012a_native.png
199835382a252e28e445c12ef3186423e696f0a4a4b965badf74f572eda7e2a3	334	history/layout_proof_identity.json
208dd07a2f093d3608830bbdae3fcb4711d6d75fb51c96863d031b46c27e7607	10897	history/pre_encoding_fix_AB01-PDF0025.json
8347868c73ee7189f0f8087e13379403ebc5d59151c9e82e2aee69a577a9e60d	8875	history/pre_encoding_fix_AB01-PDF0036.json
095963a42afd133cddfe237eac5bedc6e007890805e079320c7f43624585ed94	11143	history/pre_encoding_fix_AB01-PDF0042.json
4e0d3f54aba9230c28ae8cb484e7c5ad2733a3e17df08d360ea800581ebae993	12033	history/pre_encoding_fix_AB01-PDF0043.json
a5a6eca46427c8e26945dfdd921dc318f74d2c32e8d0103c1d702311ec055351	968	history/v001_build_receipt.json
b7be77d4dba2680751f7ef8518a3ef19885493f20fcf9c81526f2f3afcd9bbfc	1963	history/v001_cumulative_checkpoint.json
748122a64a62d6582a30acab3a02b3bcf01b34f7b0d76d6c64358696cfe7bdeb	518	history/v001_source_identity.json
2ef18b7ec502d65b85d34cb9e9408616db1423df2a8e8556d80917434c3bd5c3	490	history/v001_technical_read_only_audit.json
f9336fd87dfdcd0c7556c002a5515e2969a81c37f3c60eae5facc0e3aa803e91	11524	history/v002/CRITICAL_NOTES.md
ec55c3c2efd9216caca4dd0dcb7479e9af9ea069bec04a541a9f7f2291925d7d	54352	history/v002/MANIFEST_SHA256.tsv
47a4e03389cb1b1ac418f54f9ae04e1f0c01518aa4250848e152de1d9a0faf20	10141	history/v002/README.md
e993a28b658c5016d94aa0b600ad4dbee7aff3699828fa88388694a53472243b	1244	history/v002/STATUS.md
f6828f5faf2f0581d0f5a5ed5caca2dc6c673033094d3969953e8e27a68d87b4	15759	history/v002/ledgers/critical_findings.json
856d3ee0a40a4e403f04e8828f74f63496f7dd9f6269dac68a9c7cdccc802db5	10075	history/v002/ledgers/critical_findings.tsv
56f06b80bb5595e237bd8c26a9a1183c4335f9ed64af402dc7a04c15c4dcc4ba	11665	history/v002/ledgers/figure_provenance.json
68df495b82138bca56f351618f5112a9b825d50b4431c9947c7ede0bcd053096	6488	history/v002/ledgers/figure_provenance.tsv
d8306e916523996a8eac819064f08a5533145c2ec1e1e0ffedea37a62212c78a	8785	history/v002/ledgers/first_pass_text_changes.json
a367056aa49cd77af7386e2c6359494186e8e07fb02a74c50eba90e45a159c02	6296	history/v002/ledgers/first_pass_text_changes.tsv
5ef6a08b936914526b428f4b6c1461ec697b4d899895c0d9007196a40860cd5c	16041	history/v002/ledgers/formula_provenance.json
a4dbb31445ffd5e85e9d582bcad3723b5e1d93f0e78e496d70547469bd46f139	7522	history/v002/ledgers/formula_provenance.tsv
616eaca870f5d6aa39b195e799020752b86ea376b5b50f921f405820154d611f	2118990	history/v002/ledgers/line_alignment.json
f3662a25ff267e1341cf49ef49b1030e0f264bc1ff8e2c29248f7302f339a855	1087957	history/v002/ledgers/line_alignment.tsv
eb1264103a25082936b08cf8fcc1ab1bf0e2c4d489891a25d8d4b4e57725fee6	561542	history/v002/ledgers/numeric_literal_index.json
60668fe633add79ce4ee79dfddaaf3ad1b2bc523bcd9f99b5e7474ae91bef838	323810	history/v002/ledgers/numeric_literal_index.tsv
c70c7d06bbff33d3c2e9e5fd5c353ad0b172f4f178a8f10a790da21d97271d52	69752	history/v002/ledgers/page_disposition.json
eec809914901eb95c4eeade5ae9210273b89a2c83b257d307004145a866b8ae8	33567	history/v002/ledgers/page_disposition.tsv
b231e929a1cfd252662e717d237260117e74ed55e2a9997af5c7f5535217a463	87501	history/v002/ledgers/printed_corrigenda_routing.json
f54c66681a60862331546b78c6698a339a050b74e361a9faa7dd69ca0f59241a	61553	history/v002/ledgers/printed_corrigenda_routing.tsv
37517e5f3dc66819f61f5a7bb8ace1921282415f10551d2defa5c3eb0985b570	3	history/v002/ledgers/proposed_canonical_corrections.json
8d94e1ad1a1ec199a9838cfb54ce941396d692789b668c823e731d5f0e5755b3	70	history/v002/ledgers/proposed_canonical_corrections.tsv
a30e329f7cfd02a2db9de38ada2dca2f9ee3d695bfccbb48b6d99b4e2251e191	4837	history/v002/ledgers/resolved_source_checks.json
a146df92ed6f8cfdb26f1a87831b2be70ee32f2b4ee73affe3d66796510a9adb	3042	history/v002/ledgers/resolved_source_checks.tsv
88f4fca11a257fab37aed14884a65a3efc37fa5dc523feb38e05d25d6fb6a54f	1709	history/v002/ledgers/source_evidence.json
196c17bc588e89e49116117af8e554cc7e2df311820225098d45ab96b3b82d10	964	history/v002/ledgers/source_evidence.tsv
c471fa0c5a5cf5ce15433d9b7ac84bca460f168c401410ca81228643b9771c84	935	history/v002/ledgers/table_provenance.json
d2ae727d418c4f28b625f8df7ad92ffe24d374f4acb5fa0929eabc166ef10d43	642	history/v002/ledgers/table_provenance.tsv
e8a13b9f2006da95a710091db1d02a2b5cca2f36f974ef71157680f76a9267e0	12043	history/v002/ledgers/transcription_repairs.json
a069f82f59c0d6c65d3cca6128a70d0d716c42f9170613b3787afaddbf886026	5579	history/v002/ledgers/transcription_repairs.tsv
75f6479b49304c0583c657f72d65e5258bb60438e31293c0f2f1337de0d69d69	4002	history/v002/ledgers/transliteration_key.json
6cd61bf7f5234b8171e6116d350d139fd52ddacefc51572c984cf43b7a460462	2313	history/v002/ledgers/transliteration_key.tsv
b9539e22c607b5d95b5fd7409c19f663e6a4c9b3d6938aa50759cb6a11b7c9ef	10019	history/v002/ledgers/unresolved_readings.json
9599bdc767c5efd5aa4b65c523dde7b7ab6d81b663496ebdb8817d0072f30fa4	5902	history/v002/ledgers/unresolved_readings.tsv
c771b015d97b587e6a77de06469362be4a0c4906d0d6bc2d7fb254d051bc82a9	355	history/v002/ledgers/witness_variants.json
12421651c64d55d3e99365ec7ca1cf934e82ceefa60310a9e4a8b51dbcd9bddc	296	history/v002/ledgers/witness_variants.tsv
36967e3c8e289cfade4ce5110625f63ef4ff6c6be09189693587a6a19db6aee1	59981	history/v002/pdf/S01_CRITICAL_NOTES_v002.pdf
ea44955e9074edacb1a076626facb7f818e5cfb9795591eb5307661214f475bd	4856924	history/v002/pdf/S01_NALLINO_SOURCE_v002.pdf
2da739a46a11ee3915075c23b2152b9bdf94ade6e615d2e374e089cfe3443eb4	40035	history/v002/receipts/build_A.log
16b9550d86083bbfe97bd13804b76ae0abec271be151032c2f4a9d90e9f7c3e3	7717	history/v002/receipts/build_A_pass1.txt
054e045f516ea7c01843d5c7d5fc0950fc191dae985cd61e116518d21d5a7372	7512	history/v002/receipts/build_A_pass2.txt
2da739a46a11ee3915075c23b2152b9bdf94ade6e615d2e374e089cfe3443eb4	40035	history/v002/receipts/build_B.log
16b9550d86083bbfe97bd13804b76ae0abec271be151032c2f4a9d90e9f7c3e3	7717	history/v002/receipts/build_B_pass1.txt
054e045f516ea7c01843d5c7d5fc0950fc191dae985cd61e116518d21d5a7372	7512	history/v002/receipts/build_B_pass2.txt
f840f842491dbab61581bd728ae106e145932253ef84fee62646bb1288ef628d	775	history/v002/receipts/canonical_synchronization.json
d4525a840238ee1e0d122ff5b123e3f86ced98e559006f41feb6f0d9aedc9033	646	history/v002/receipts/checkpoint_lineage.json
7767db075c0fa0045b43760b582b42ae96cf697255d8df54bf913f633cdeb52b	28519	history/v002/receipts/critical_build_A.log
84376a92f76619beb9a92f5c9ff458e9fe980963d125f39b700c744d18b4133d	6402	history/v002/receipts/critical_build_A_pass1.txt
fcfa631d91668292c44d621f9c2f5e5853f9c76d4f590ab210df67f9ef619e0c	6197	history/v002/receipts/critical_build_A_pass2.txt
7767db075c0fa0045b43760b582b42ae96cf697255d8df54bf913f633cdeb52b	28519	history/v002/receipts/critical_build_B.log
84376a92f76619beb9a92f5c9ff458e9fe980963d125f39b700c744d18b4133d	6402	history/v002/receipts/critical_build_B_pass1.txt
fcfa631d91668292c44d621f9c2f5e5853f9c76d4f590ab210df67f9ef619e0c	6197	history/v002/receipts/critical_build_B_pass2.txt
76e05003ec4758ddb77d72386f0ca6989e24ea2eb8f3aaa3cd6e9f8b9124f4dc	855	history/v002/receipts/critical_notes_builds.json
96268ef46979dd245066c8bd6c735357c91ab04c3f976b240171ee04698f7b5c	3646	history/v002/receipts/cumulative_checkpoint.json
7f728db4b133d7c7d3049c63df514f6197aca26a9b51596d0bba6aad5fc5e353	14526	history/v002/receipts/deterministic_builds.json
902935b406f485649fa3e5ba305f5b1d48b28e1a531f5310784d5217ff02beff	3561	history/v002/receipts/encoding_repair.json
6ced5b71945d769272e8e39f0b136412fa2da15a18fad5c1cdbd37dcd3966cbd	1259	history/v002/receipts/final_render_generation.json
aadcb761f0480485ac4369139599ae7a2ffdbb0ad4d314b58721bdcd9f15e9f0	2622	history/v002/receipts/font_environment.json
7539f433c193f719e2428d048f6159e0075e9fb64483308d0f707d520e027649	9744	history/v002/receipts/output_page_map.json
3d2723759a0c032a9740d279d46a585eee98a9d7670e705a38dd27a8cb20c927	1786	history/v002/receipts/pdf_embedded_font_inventory.txt
ff1ff3d83e0498ed5b6ad6ed08834107f17b4821ec11f27f3486284b38dfda54	3070	history/v002/receipts/proof_crop_coordinates.json
be7443c7ec85d02ebb82bce8649d09979d476c22bf5daa9c90fc10f3365ea47d	73	history/v002/receipts/python_environment.json
13b3817157d5dfca9e730f5c27d53c9e2b1ac08b01763db7f1c6bcb89445d0bd	6109	history/v002/receipts/technical_audit.json
efa4a218843c6ca15b9643de1c1515ec7ba84712913280e175266f9c647e1513	2599	history/v002/receipts/visual_qa.json
7a6c1a495718fcda824fd0ff584327a6320dec3f1b8cd0131a34085eb8f83cdb	2757	history/v002/scripts/apply_proof_repairs.py
cf89241a7bdd51cc339102e6fe0c678a271e5425579cd99f4d3c4c8a3dadf00e	11752	history/v002/scripts/audit_readonly.py
ebb95fd6f2a7c7dd84f9af7301f3efb2897f6f636a0133ce82d15c76e3fb3463	8978	history/v002/scripts/batch_001.py
26d8b9a43edecba42be3f59fc8567b3603db25c8d0a0a314527e15a9421ece31	14846	history/v002/scripts/batch_002.py
853ae5b7d2d1e0868707d4570c4f829b6f6ad60414009397910771dbb0370d02	14140	history/v002/scripts/batch_003.py
90f294fd75545dea8b4db9b879699fff83e5e6e69ce037cd146e87251f1c05b0	15163	history/v002/scripts/batch_004.py
a57f6aec88eb395b218713fb26209238809fbe56cec74d32b0d93fba609176a8	13464	history/v002/scripts/batch_005.py
bfaf747164caa6645a0739011a87fdcda60a9666aedd83caa1beb8c3ef69c059	13169	history/v002/scripts/batch_006.py
304c1cd8d7930dbf6408c9fe42ab5e3a6f28eb725ae26b33a6ea88e59041fc38	13732	history/v002/scripts/batch_007.py
b962b99c4f96282085cc1a0b29bb079957ec929979985378cfa81ae2f8942a0c	12576	history/v002/scripts/batch_008.py
8f87c846d134fb610e35f8dfaabdd051e69dadfa57c74afda1f786dd5aa2cebd	15266	history/v002/scripts/batch_009.py
a8baa5d5939605ad5c770436b1c47c306f1dbcdcc7d39c3daf8c93dc7fd01605	15536	history/v002/scripts/batch_010.py
47902aa440c6faab8f1d53c506f98c6b534fd51da3bde0b19db2a06953c604c1	14965	history/v002/scripts/batch_011.py
3f1464f0e04157cba5849adcd1c089813f11a0533722fe95f7448ce0607132e5	13697	history/v002/scripts/batch_012.py
cdaac69d532cb6115c775ed78a053ad2bfbad285731b4d4ba205c5cd56648174	13670	history/v002/scripts/batch_013.py
6761303062471da502dc427ef2bf3f6027211589ba0d84ab5849afe66bbf350e	11372	history/v002/scripts/batch_014.py
518b7ba4bb88b1b836df13c63f6de1ff392c3eb0da698d407e43422986ca8f67	12956	history/v002/scripts/batch_015.py
50d1382305c3ef85be2b616b4fa271ec88a41e325cf215c433fd212400b366e6	12645	history/v002/scripts/batch_016.py
c150bcd87f1e12478d7626477e609568c29e6cc28f4a359e0b7600f5a46c64ae	7861	history/v002/scripts/batch_017.py
75a8f5a4ab1209f56cd16008c43a57b1276e0e51da6214892375f363614efb97	8124	history/v002/scripts/batch_018.py
2cc03c70ad64a03195488afc7f0c9006df46fe83ad1139da023e133d9bd3e842	7951	history/v002/scripts/batch_019.py
04aa5fde96a80313f5a769dd0cc73f576d1a66e2f8fa73958642a355c0a61509	8774	history/v002/scripts/batch_020.py
3dfeaa20db28e29a880f8eb269053e0e37e176e34fa7eac894284bd1e1e24252	7617	history/v002/scripts/batch_021.py
db0107511ae9c2409794d8f5f08ad951acdca8192b21742dcd90b0aebeb07d04	10530	history/v002/scripts/batch_022.py
9a1d8b07acbc1a58cb33101221cd5e89d1d878ac74a006178b20227612b00c0c	9118	history/v002/scripts/batch_023.py
de2129447de387ef7f82d2c26dedbcb661c6b68ba1a647679927552ff97a6a73	7708	history/v002/scripts/batch_024.py
d6e35f6db087d19b34ce5a2566d61cb973bf80842ef01285d5646e9dca74c0dd	8092	history/v002/scripts/batch_025.py
c9cf4790d1aa865ebb2609e3c46abe767b2836e306cb866562f81422cf8d5eea	8350	history/v002/scripts/batch_026.py
6aed0ee14a7654f267b9a93d649af35ed645b03e3eecdf60223fe5c567064bae	8752	history/v002/scripts/batch_027.py
fc699b11c68d2706b70e518a42eda40442ebcb3cb366f98411c61d43ba1d09ff	10396	history/v002/scripts/batch_028.py
76c1c2950dd3102e8585667b1082b134996b540d66069672d32ae67400738cc4	11896	history/v002/scripts/build_edition.py
1822d2aee5cf45f7585d6014e8c2521d43e59ee2874563e4d8388976f49ad947	1066	history/v002/scripts/check_markup.py
c3a4c7dd56c46e4a14e3e9173ca05331f6d54c408555a10bf69cbfe097a07fa1	2360	history/v002/scripts/final_visual_assets.py
5074be23e25c8cf812bb748d7d0833d440e850e780c662ae206322a5492b01a9	1769	history/v002/scripts/finalize_proof_choices.py
6c8c4304a0a75e1c47492bbb31e63e772c6cfa77dc53c5d9cd5d860e555eb041	4497	history/v002/scripts/make_assets.py
ba04d807101378a065ac1c939e33b950985c8afd317ffe80b35b5eefdaf43fd0	17510	history/v002/scripts/make_ledgers.py
43bd9787aaa9a7d161ca865915113a17abd95c97ecfcec369e5127df12eea15e	2095	history/v002/scripts/package_release.py
e05d3e9d9614b618a6750daac2036d27682f77b8c8978cd436dda2a428fda6d1	981	history/v002/scripts/proof_crops.py
7be97753c9fcc6a172f5b3501751aa8a9cdd0ded6514f2f9010c42f65d998b40	2907	history/v002/scripts/rebuild.py
f05a3ae012ca7ff7a5f85cc2f586a9ce623561074d6175e2a6cc39952fe943d3	8136	history/v002/scripts/rebuild_critical_notes.py
fbf0e0ec9d52fe105875ee7616c190cf95be41a20802e25f67cf3d5ef32295fd	1416	history/v002/scripts/resolved_native_glyphs.py
2d00522d5bbfe39393545c9a1c3a44dbc8c17198dedbbab027e698600e470be4	2582	history/v002/scripts/second_proof_repairs.py
27e884b519fc574d6b0baa725e16124e00808be0da7fd0f927099041cd090149	1107	history/v002/scripts/transcription_io.py
287d745277049d43f8591f5dec501a15587fc5c6729461a6993a451982efb92c	23413	history/v002/scripts/write_release_notes.py
080e27a413ef5e15755b4940b6ee3c635d089f076cbe5a0dbbc2d5287fe8c9ee	13245	history/v002/tex/S01_CRITICAL_NOTES_v002.tex
82ec3e7482cbd90ab3e931b4673bae0b1f83e0c9a3d1124433249b83598fd183	633638	history/v002/tex/S01_NALLINO_SOURCE_v002.tex
c5affd6070f4a3412ad6c432c1d8486748df479622bf9660313550a4423d05ef	1929	history/v002/tex/S01_TRANSLITERATION_KEY.tex
8bb569498f1744b821180bb1ec014dd28dedef885c12cfe4bfeab0e6137b5d0b	395076	history/v002/transcription/S01_NALLINO_SOURCE_v002.txt
dc1e2850c4353c5c8928c5e6b8792026ee67ed3ce471d5adf86ab7397aef86f8	871	history/v002/transcription/pages/AB01-PDF0010.json
fc7629826cb6b8c55713a5c2f7df9f781fbda830ca21ceba215be31d64d827b6	2640	history/v002/transcription/pages/AB01-PDF0012.json
9e2f24c64246c3774a4ed07798ac3060436ba69ec5902345af1f6457cd1199dd	765	history/v002/transcription/pages/AB01-PDF0013.json
e3383247a1943c37e95b665a0374a7a4d16d20bc38bc2c3d5a6891de8be4779f	952	history/v002/transcription/pages/AB01-PDF0014.json
c53196654a1831951c29684942790c0cd9b8e42f947f802ea4a19fe3c1cf7747	685	history/v002/transcription/pages/AB01-PDF0015.json
aa701d156581bc5a0ce82dd45642403687a4a6045a1918010ce3f7af81f82bfa	6977	history/v002/transcription/pages/AB01-PDF0016.json
75f800c87c466096445d048054edaa390a5c93d3298fc07ee55be71a3fb84c5c	12475	history/v002/transcription/pages/AB01-PDF0017.json
362ce0a426e19098013f10b14a423e59a3db7110bf893adafd744a94dca687b8	11731	history/v002/transcription/pages/AB01-PDF0018.json
08925a2f6a96c0fc9b97a7c9d5d15ebe7ab20f35ff4582b8033179bbd519e36d	10826	history/v002/transcription/pages/AB01-PDF0019.json
a07b84e1129ad88643aa7401669259d0862df8e151e1e5d375888cf23dbfe3f8	11396	history/v002/transcription/pages/AB01-PDF0020.json
dc3827b8bb148ac6b84b5e674c4dd74a2a4c7e648381df59bbc04e24d93d0582	10166	history/v002/transcription/pages/AB01-PDF0021.json
f09d054b6e74cb7d8a8f74f90625f64ba40b7c843d9eddedcbecadc8d7e28b9f	10370	history/v002/transcription/pages/AB01-PDF0022.json
0532b3ed41248f85e1edea49f6e450112951e10af5c68f0a01229346b0a86e98	12066	history/v002/transcription/pages/AB01-PDF0023.json
aa0e44062f7236d325b60c6a824866185da7cf07da26a484a1edc93f51dd9b5f	13691	history/v002/transcription/pages/AB01-PDF0024.json
62afe7973c40c6ed832fb7c054a9b95216fad35ce7e7a56f3784c9665633f8a6	11072	history/v002/transcription/pages/AB01-PDF0025.json
82ba0ae85b1042ff1ae58f705371e886d9bb558ecdc589927089227b010012b6	11312	history/v002/transcription/pages/AB01-PDF0026.json
bd3e3852510f0a4f15e61aecb6c6cdc888dab2bafaea75922080b4f267fc8fb2	11773	history/v002/transcription/pages/AB01-PDF0027.json
f7a5e7e6f5146e7ae0f710c9565333f769ac868f2f67f03e466e486131d0a066	9340	history/v002/transcription/pages/AB01-PDF0028.json
7ec1cbbb9ea177476213a8fdc70a69340b1c824b4de43ea97eaa0ffd57fb237b	9544	history/v002/transcription/pages/AB01-PDF0029.json
b42b88c4a1fb8522992005cba7452d23f86d6cc178873fd29a0ed550872fd897	12746	history/v002/transcription/pages/AB01-PDF0030.json
1a3f7bbed167356d0bd8491fb47b0997ca724bf9f063e8f97ab2f1459d345928	7937	history/v002/transcription/pages/AB01-PDF0031.json
937d5972373cb5b5dac0905dc6de3df551e8385ac7561542c8fe284e20bfe954	9444	history/v002/transcription/pages/AB01-PDF0032.json
286c84d289655210febd4c8e09e0a60063ce3baccddcfdf55bfc63902e37ab41	10551	history/v002/transcription/pages/AB01-PDF0033.json
b65caedb403568114b8bc925c6565eb9bb3ce3e7952ee6dde88ee7cd9f252935	9866	history/v002/transcription/pages/AB01-PDF0034.json
765d68447cfe3d610caf510352761414df307427a174ee79b066de6be240e704	10116	history/v002/transcription/pages/AB01-PDF0035.json
2bc8135d1e8324efa8996ba20ca27ceb67f41dbfa6e50229f85b7dde10b912b5	8962	history/v002/transcription/pages/AB01-PDF0036.json
83feae901407b5dfbf18f0c3d69bb22c37d16141c0be827b065b1552182803bf	9829	history/v002/transcription/pages/AB01-PDF0037.json
0cf43a1e0ffa0e3f33010065091df2e4f4224b4b8806ba90421c064f038bcf3a	9080	history/v002/transcription/pages/AB01-PDF0038.json
1c62474be8ae1db39a94ed681345462e29dd3f6ebd27d78fef96d42b0f91c61f	11135	history/v002/transcription/pages/AB01-PDF0039.json
3fd3c5a70b0489a71ba2b45bfb883938d6355d8856b259d6fe2714bdebb8443a	11770	history/v002/transcription/pages/AB01-PDF0040.json
8d8cb4cec86ee8caf99858483018e6fcd969727665be834447233fe8ccc2de8a	11490	history/v002/transcription/pages/AB01-PDF0041.json
5fc47a2ba5a0a08de4404cd0dae060c5af4d3fae114a80ae7c1fd8161a1df529	11155	history/v002/transcription/pages/AB01-PDF0042.json
a1bfa94d429bebe601a27f3965c0e670c84f31e4ad88a62bed957015eb032b60	12064	history/v002/transcription/pages/AB01-PDF0043.json
0ee5be14e659bc9267391b6007d282dc04c516c32342c12ed175816609db85fa	12789	history/v002/transcription/pages/AB01-PDF0044.json
9626af96b7731bb943190b7aeeb6a772d7a6c1ee43a115655ae7b4f087c91eec	12822	history/v002/transcription/pages/AB01-PDF0045.json
a504ea90e5a907f7544cc11f058a971375b3e638b0db4feb199236a5301a92f8	12904	history/v002/transcription/pages/AB01-PDF0046.json
4f0a7d7341979cb4ec87138d40d5934f3bc9d11aa0d60e836918cf5972aa9d4b	11148	history/v002/transcription/pages/AB01-PDF0047.json
70fa4dc75c9529329f1f8b58bc8be7977c9d0dfa704a473274385c7fb3e90f2e	10620	history/v002/transcription/pages/AB01-PDF0048.json
ac27bb43a8be5133d00556b0ae5bffbbe5c37f20412a2de83720e5b4ee248993	9921	history/v002/transcription/pages/AB01-PDF0049.json
ddebd103191248468f3fe987dbcf51dfc2f2aeb71c211e50034097d2159de270	9530	history/v002/transcription/pages/AB01-PDF0050.json
efa4642d5df70084debf846af71167083dc86193ab9eec4bbd0bfdac2c3125d2	8951	history/v002/transcription/pages/AB01-PDF0051.json
0f708b43a1b1efd12338a0036928f311a486637e3e545982592350d188a6bf0d	11936	history/v002/transcription/pages/AB01-PDF0052.json
e71bd918fe54ae1925d8318d1c319011ef1996a158a143663ab3c948fd464ed2	9376	history/v002/transcription/pages/AB01-PDF0053.json
2cbe0c2c64146fa8698d9539efd018276a9f2bbb77148e2f19d8b6f922bd411a	7784	history/v002/transcription/pages/AB01-PDF0054.json
10a605952b5d087531159f465911d40f1ec32a76bb4986b53fd656a3e5b69d53	8683	history/v002/transcription/pages/AB01-PDF0055.json
cc8711bfaee0d822d262b1bfa853118c8d1f7e1dfd1e1206338294b0465b8a23	7917	history/v002/transcription/pages/AB01-PDF0056.json
d504c1c424a2dc63e11955278db1eef06b030f3cbc0bdad2e931228b0b4a5709	8443	history/v002/transcription/pages/AB01-PDF0057.json
fc5fc3e26939771a639aab8a06e73989c65bcf7616ebff76056e2fd46c4a8d52	9608	history/v002/transcription/pages/AB01-PDF0058.json
3c161755d83b6f781d2faf5311cee4056b8ba18f83a055c7371aed9c834d6062	10092	history/v002/transcription/pages/AB01-PDF0059.json
5537453840dc70d183556def137efdd941e1dc320e5c0908496ddb7097b4d431	8519	history/v002/transcription/pages/AB01-PDF0060.json
ab71a99cd0ac8066c98dad6d099b0ae398f01216d73868ec5a588eac0d98653b	9630	history/v002/transcription/pages/AB01-PDF0061.json
bc8361e5b3480f7408a5d5aa251695ea3166e9ec60a552457dd594a1ce51329e	8271	history/v002/transcription/pages/AB01-PDF0062.json
31c06a45243bed6d5f47574051424a34c9bb464bc179041c02b5d1e90fe73fac	7990	history/v002/transcription/pages/AB01-PDF0063.json
447c0d8fce3d5c3963b1feab497ed2634b5dd597ccf04d10844038b799032556	8411	history/v002/transcription/pages/AB01-PDF0064.json
47dd94941ed9c376b556aaba5d4b66872448300d0f125616305a2fabbbf6d3d5	9053	history/v002/transcription/pages/AB01-PDF0065.json
c69754f6f50ba9ba118349f910de1ac48c76cb0046f7e4228b8f06df9af26030	9815	history/v002/transcription/pages/AB01-PDF0066.json
0d98b4038a09c3cf2653e4f5221c2a43a0c1711143e91394ffa8caaf34d2c7c2	9853	history/v002/transcription/pages/AB01-PDF0067.json
7f4a2ee035b0f3d842a8a0e3709bd7bd0282b11f04e29c525338c112dacc36ef	7758	history/v002/transcription/pages/AB01-PDF0068.json
7aaa38862ac84d3c854f89e2a3eb94f234dd6500a6603713ab41d8c354d1f6f8	8888	history/v002/transcription/pages/AB01-PDF0069.json
22985e92f4b8f652ace93e89350e83091791771a03211cc3f25a7b2fa78e2af4	9997	history/v002/transcription/pages/AB01-PDF0070.json
2f8247d32646bf8b2bd1e26475331e8e15c0cd53f6fef892b14a5b7cf414c7ad	8283	history/v002/transcription/pages/AB01-PDF0071.json
2351f86161f7713798fc51fdc0bd6acf5fae62086218087feb31367bd28c2cfe	8072	history/v002/transcription/pages/AB01-PDF0072.json
3c410b2fc304545a22aa03b0388f30d997b1f54fb93741be9caf347caabb296c	5910	history/v002/transcription/pages/AB01-PDF0073.json
c60da5d4f576bd51cedc3ad4a971c7f3f716938cef76b90e172d8cff770d5b5b	7339	history/v002/transcription/pages/AB01-PDF0074.json
560cd132002a1ead6d976cd595a8a80b498d4a628408596b67917089d2aa06df	8789	history/v002/transcription/pages/AB01-PDF0075.json
2fc27c9a7d31cfaac35265a46573646dfc99be19cb3d306167a1cebcf755f016	8779	history/v002/transcription/pages/AB01-PDF0076.json
c2a250533147ad99177e3055a78af8dfe90aedf4ee6d4a705be394964cbd96fe	8873	history/v002/transcription/pages/AB01-PDF0077.json
29e64cd8a91ae05ce5264696aab540de309ab11bc0d69e6d51790c7d6a1846e7	2209	history/v002/transcription/pages/AB01-PDF0078.json
3f2623abd526871decf3049fbb68f61f7773317ba074aad7f367f1909c9b8100	7132	history/v002/transcription/pages/AB01-PDF0079.json
d41f4b16c633deb83d593d455a170e030347a08bd4da56e9d6a4e9b383f4c5e9	8898	history/v002/transcription/pages/AB01-PDF0080.json
0da5737c84e9993d4ce06fce8822720c698db7cd5675cfa99f3763f91b08eb1d	8747	history/v002/transcription/pages/AB01-PDF0081.json
c9e3659a85668704b25c73399adf4d8bd1d53eb27b4118b410334ed0204fede2	7876	history/v002/transcription/pages/AB01-PDF0082.json
9c92b17aa0fae729e3f9e2de4a8be4894234c7b4aaf04de27753f95c60db02fc	8850	history/v002/transcription/pages/AB01-PDF0083.json
8858e68203fb72886f7bfdbf08db9e50bb0a06508be2d2b874e498f9bcf78868	9073	history/v002/transcription/pages/AB01-PDF0084.json
b22688bbd247ec290fecf399d32cfe58421c8a98328b3709ac1582118d22542a	9273	history/v002/transcription/pages/AB01-PDF0085.json
933ff818507c82cf140d8342423c698ce9fde141f718b16019c4263ea399cd2b	9412	history/v002/transcription/pages/AB01-PDF0086.json
412322c4070765176aaf9f188efd9b85b59fd9f281a216e80d68727549216e1e	8711	history/v002/transcription/pages/AB01-PDF0087.json
b87d3d78822397a048c7efce1cad865f7fa73f23e208b4fea9cb32643541396d	9134	history/v002/transcription/pages/AB01-PDF0088.json
53e7453bdb07dcc3e928d5c9321625873cd85da474c12b47c60a8d6868a22c52	4004	history/v002/transcription/pages/AB01-PDF0089.json
26ae491ee33d057af240dd0a1b9d62cb7b999649fc5033856d68602c06f04f7e	23467	ledgers/critical_findings.json
83fa7a0c63b42e02bcb4bac5cec69224739a6ed8b1e9f6f63545f349785a8dbd	15588	ledgers/critical_findings.tsv
e4ac20c83a979935ff353af184e2b25e8ae5d6bcaafe5ede68439f83c4181470	31952	ledgers/figure_provenance.json
b245b78ae509c3bc6f41cd1a2975fd0ab983eea683aa149707b1c7cf0fa037be	17706	ledgers/figure_provenance.tsv
d8306e916523996a8eac819064f08a5533145c2ec1e1e0ffedea37a62212c78a	8785	ledgers/first_pass_text_changes.json
a367056aa49cd77af7386e2c6359494186e8e07fb02a74c50eba90e45a159c02	6296	ledgers/first_pass_text_changes.tsv
2d94e6e6a22e58dec566429d93e74646690fb6dff16e4d4bece0986b65ed72fa	25911	ledgers/formula_provenance.json
527384c891f6846ca665fd83f8385ed3dad95be208ed9572064ca1ede6380d3c	14842	ledgers/formula_provenance.tsv
cc419ef3aaaa56ff269f452c1cb4294263b973dac201e9202076109560895d6f	2874146	ledgers/line_alignment.json
e59827f22415f3588bda5e6f7b2056475af5dd570083c56fd96da81f9e2c9b62	1719258	ledgers/line_alignment.tsv
ceb7d67f2da5e0fd5cc1bf44f48871a39f03b2c44c20662407da3f0e99ad8fae	651630	ledgers/numeric_literal_index.json
1d15320a9f64759ec5c6e6ac8b04950341603ec3242724c834120a6e78e7c429	414080	ledgers/numeric_literal_index.tsv
875bdb319d52edfe75ac8dd847fb4edcce7cdf52c79867c8ac32042a13d16ec6	79797	ledgers/page_disposition.json
0bcd67f7fab0c641e212c562d1dfc5c09969f6a3bb53cb719a4c0172be793a57	39728	ledgers/page_disposition.tsv
f71f0880d03e5f630d00b6b79f680f7f3c049a02081d9f5507666e9c218bbc19	87319	ledgers/printed_corrigenda_routing.json
9343b999941ef3cd18f058d7298f38d87189f5f914fb1fb32592d165214aee09	61371	ledgers/printed_corrigenda_routing.tsv
37517e5f3dc66819f61f5a7bb8ace1921282415f10551d2defa5c3eb0985b570	3	ledgers/proposed_canonical_corrections.json
8d94e1ad1a1ec199a9838cfb54ce941396d692789b668c823e731d5f0e5755b3	70	ledgers/proposed_canonical_corrections.tsv
a30e329f7cfd02a2db9de38ada2dca2f9ee3d695bfccbb48b6d99b4e2251e191	4837	ledgers/resolved_source_checks.json
a146df92ed6f8cfdb26f1a87831b2be70ee32f2b4ee73affe3d66796510a9adb	3042	ledgers/resolved_source_checks.tsv
cc5cec25eab68660f25835c117244418fc2a123bed8b669c65bf8024e2eeee0a	2391	ledgers/source_evidence.json
1bc4ff24ead6738315b4f879b97f014aba9927ec405868e4f61e4b73a35d3406	1466	ledgers/source_evidence.tsv
a8551bbbc11d923919606f2ad0b1b868f418d54a2a4f3818769c12fbf8c50b3e	935	ledgers/table_provenance.json
2dccf101bef4d9c85eaa1a7a1e9af6d1f660187b85546c63ba60149a1030b167	642	ledgers/table_provenance.tsv
7c1c35c309a488067391af1159ac2f36721ed1640adee54f3a863b6e2aa79bfb	72416	ledgers/transcription_repairs.json
cc7f5f4545ea5e59f594fe80d3c65aea906a832d4632a35bc7f8577b45abcf22	43165	ledgers/transcription_repairs.tsv
75f6479b49304c0583c657f72d65e5258bb60438e31293c0f2f1337de0d69d69	4002	ledgers/transliteration_key.json
6cd61bf7f5234b8171e6116d350d139fd52ddacefc51572c984cf43b7a460462	2313	ledgers/transliteration_key.tsv
a117ff0eec519585f6c4d908b423196db1aac251cd4ef5c950b02ee58d42410b	18722	ledgers/unresolved_readings.json
3b3e5b64b1611b92252d194f003314c9bb9bcde9fcdb4ef88e3556b2ee2237a8	12583	ledgers/unresolved_readings.tsv
26ae491ee33d057af240dd0a1b9d62cb7b999649fc5033856d68602c06f04f7e	23467	ledgers/v003_adjudications.json
83fa7a0c63b42e02bcb4bac5cec69224739a6ed8b1e9f6f63545f349785a8dbd	15588	ledgers/v003_adjudications.tsv
28c40563f692d4db2a0776cf63b85659fa669e909c811c33e2307b12a1a165a5	81920	ledgers/v003_changes.json
cdd114933d9fa2156329ec8611ef9aadc4f20c650f5429871e0b28a63a6ca805	54211	ledgers/v003_changes.tsv
42e7e15ad73327a586055d0a5aa296461cecf177e214acca2f958cd609f84eee	13890	ledgers/v003_formula_reread.json
060ac297261d445b6948101e02942cb5841bfc2e8a2b4ad949f2e33035d52f52	8815	ledgers/v003_formula_reread.tsv
e17f62bd193aa4bce9eee9fac16568dee1166fda1f897bbbb548f389dc886025	20290	ledgers/v003_native_glyph_assets.json
192daf3bd1b694235848c9914b63e07bd3413347f5c59b3254976709fea8a6d9	11338	ledgers/v003_native_glyph_assets.tsv
8626b44cb27f30c3e9121389d5c52289c02e32d345c78a607581377edfc71e6d	37294	ledgers/v003_recovered_proof_review.json
87180f032ee7b44626c3ffa7e1571fd0c3ee42f39625a6cc2500b2fc042ab0cd	26859	ledgers/v003_recovered_proof_review.tsv
c771b015d97b587e6a77de06469362be4a0c4906d0d6bc2d7fb254d051bc82a9	355	ledgers/witness_variants.json
12421651c64d55d3e99365ec7ca1cf934e82ceefa60310a9e4a8b51dbcd9bddc	296	ledgers/witness_variants.tsv
2a655b06ed3cff147090642605bc866ccbbea64a55ec8cfd14d6f1a2a0e73676	81257	pdf/S01_CRITICAL_NOTES_v003.pdf
1b3caa88d267e423198c7e478b90ae08c1a1967842cea77353e67c8e8a044d14	4877410	pdf/S01_NALLINO_SOURCE_v003.pdf
8c307a7c034c1951da4de3566b8cb0414f8da10fcff4821351cef35641cf48af	8342	qa/17_jim.png
3b0e3a9c6115efdeb4aaf1c9dd02a1d97bb4156e79663d0b26801c2b3224e789	61321	qa/17_names.png
38f8e5157b659688754125f1eefa89d8c49a6bc080c74f54272a8dd86579f822	222932	qa/17_notes.png
790a32b01f9c02d1ac0d7d1afbc5b9c573b796b8a3fb933bd9ff74a012e1216a	133153	qa/18_n5.png
26d64711ed6ad3e8aca3d02e997730f59b3e83b50f582ed40304fedd8f26b93c	17811	qa/20_clause_final.png
9e835544b54a9e51ee3d721166fd3282fb3b686aea759e5dab6af9e9d860a59a	15538	qa/20_inimicitia.png
397dd68d0d675fa55e43d3225f1c2b1a3a545094ede783e5d5b41e2be0182d17	11501	qa/22_Greek_a.png
43d814a714b92f2f33cfb8a854d0e3e486259ddf7b8c2cb97e8e4db045e0744d	43710	qa/22_Greek_b.png
85819d510f1bef8c351a65adea233d5bff95d888c333b19a59e0239e6d9bf6d4	13643	qa/22_glyph_native.png
4a99135cbd57c23c70ca991dace9ec1ddb955b67310c687af453f8e19ed9c928	342106	qa/30_L.png
9068db8bdedf0bb5e0389e2d7d779239bdc20ad0065446169f7bc286fd08b2fb	338636	qa/30_R.png
43ab1148bd20283e6c5d05735cef961804470e3e3a68fd89730c74b94fe23c1a	539184	qa/39_notes.png
55c6f865465549a69c2cb084f8c819718455811a11790e5de946820979f4bca6	61586	qa/40_Persian_final.png
bf9841a7b032432007959df0308242d68b6969d337765255459119d54a7d09f2	392986	qa/40_Rfull.png
07dfb018f3b0bc3c285cb8919c73aec70b876057f68a31b74d2732ba53708555	339605	qa/40_greek.png
8c92819ce5285691d8b859b7dee29e4c2e7d211129132e9d452a27e687ed72ea	150562	qa/41_arabic_full.png
857132d8ef67c722378da0344d763857c393352a952aa6b47669efe521de8848	364817	qa/41_notes.png
d4257ca099cccf218a42e6370bc66d6bd7b37a13c97560cd79ffe8bd9d7d7a90	17127	qa/42_Ahaba.png
d9bbb2f0495e7f0d9732b79b16cc3fd519e9be835cc926c220c92bfbfdf83b02	49863	qa/42_sexagesimal.png
009db9823250208c1ed6a2e4dacc0b5db75660fa7a0ac43c254e6ce1ae2fcb89	70990	qa/43_transliterations.png
343a75c4c4e2542bdf4019878aa8ac7f86e4767f406dbda6cb7686e456045134	173036	qa/44_Greeknew.png
8240fbf3282f714ba9afee8810c80190efb1af7adfde628827da7f4fca88ac23	76565	qa/46_Greek_note.png
4874b286e17ac6db1116d3d4bc3b2c9e0d2cd2f32413053732776f372e00915d	29300	qa/53_Greek_name.png
3be309e7121b8414b1a43ed35ec8bf13a24732b496479c1b457aaf96f7b3a8cc	428004	qa/70_orthography_new.png
efde61008738de44df227b558594a0dd0df42ce5a009a8fcc68c29b05840c80f	23595	qa/70_prepared.png
46c9d49e0468cb47afa0b561bf98a36c173a388c51608fc7a4373e6192e806e8	3192	qa/70_special.png
5f448815569f298f79a8acc01ef1aedd66ca8c3b5fbb7ee8021998fd4fdf5a40	22709	qa/72_key_final.png
b0a1a1b3f72807a4ae280d9d78773bb5c59652e12b6340248caf84b7450d80e7	22040	qa/72_suter_key.png
8ce847ff6d6cfbed584fb076978f318a441eb52f85352e1088c3fc9f81afbf7a	17996	qa/74_text.png
3b1ce55201dda46cd296c818a7d4a2877e0a0ce95f219a2f84861c6c804e7647	12902	qa/74_texte.png
54251c20ac47db7558e2940d4ee1f28fecd7eaccb4baba515be0897d411342c6	56098	qa/79_corrigendum.png
a1c2ce5ae4f999269573c48e3b6f841a823327a671e3f21e63eb55dd8172e624	47754	qa/79_exact.png
95057b50614d3e88d660c765765f88c6ece5c1d2c2ceb0da193918b7f7b3a4c4	100783	qa/80_Arabic_top.png
600b2bbac9ca0b6bdc2822bf78d6d05d263bef62fd08f29f0be38d5f9292344c	227669	qa/80_Greek.png
de7b6644727602ce02b909e96bdf10e3f76cbeb2612b5046d9ced2e30fde09d3	24731	qa/82_corrected_pair.png
858d7eaf19229a26b3d301da79f1f6b22bfb5184d519b5d3324bd4c08db1d561	145251	qa/84_verse.png
392c1bb9fc6fdf1462b9c6f7bd03a41be71df977340805315acf9c884ba1c8d0	206149	qa/87_chain.png
14c5dbb20a33cc4ba4d35696d900fbe77f0a87f477aab38485ddc10dd4132d1e	810	qa/README.md
8ffe60034986580e6fda31b1734cd1a478830d67bfefd10b0571e01c6f768ef9	165006	qa/assets_contact.png
7b2e45486c94c3025e2ed252bb3fc55328de7c3f1b09a5dd69bc6cb72d59492b	623767	qa/edition_contact_01_12.png
fd0dbd4a42279be3094c06decb82c6c9a860ee71d987594c779ecf05fe79b6eb	864105	qa/edition_contact_13_24.png
5cf2a3a1b0bef5b42b6eba31e82f51ceea9332a3bf155f79568831b8988a7374	885283	qa/edition_contact_25_36.png
254238e594c576d2db7603079c91228b2183374da18287b370617d4f3a610949	862425	qa/edition_contact_37_48.png
be045f513b1f0fe6160a06ffc34d195fca8de10dd37df8423c053e065eac4f8c	875887	qa/edition_contact_49_60.png
b4154c7128bb3fa0738ba7cfd57f4a781c98d9e7015b77a0f28a84e9cc4be3a5	794703	qa/edition_contact_61_72.png
37768fa24308729ada27d0bcfca5efab684d1612e997fcb019bc73a57acb5739	506968	qa/edition_contact_73_79.png
7f47e280f99ba9f64806ee50167c2aeb36b8a0d8701d0d3ddfd099f6ea282b55	962457	qa/edition_src_0002.png
e354b97641c544bf5bca14809044036fbf6dc7240531af62f69a0a3ec8f81eab	19543	qa/edition_src_0010.png
dd915c71a6561bd1721c174960114aa7d65f74c6f98223139369c124efa085c9	64953	qa/edition_src_0012.png
48e116515700a692118afeef49cce3c2d1ea714d8ffecc544850504c58770956	14226	qa/edition_src_0013.png
fd632d862f31000aad654fb716d33a87a26b661b3746a7e933b89e0c9c7deb21	21355	qa/edition_src_0014.png
55cead50475583688da0d4fa856c6d754147f081d6d5e637d1c7ea3c480cecb8	267907	qa/edition_src_0016.png
2511ccf194bd8052ca9e781ea4bd09d3ed400654b831f395960a46bac460ffe4	358343	qa/edition_src_0017.png
dfa0fdb546bd6962311c9fb6dd4463de81d4f3d87a2101429aafbf63bfc6fec2	352930	qa/edition_src_0022.png
94fe553de6accf07f53e04085b92cc5b792b763b59131e440224c13921ac23a2	353111	qa/edition_src_0025.png
93538225136c4d91bc8c0191cca9a2f584a1286cbff4dec5ebdbabd14e9f7b30	367887	qa/edition_src_0030.png
44983c25aceb9e12bf783df59d82e6dfbafc2f558ba1088160a1cdf475101411	347010	qa/edition_src_0040.png
74aa263c30b66cafbd085eeae6ed2567e87f398c6c3ba4ecabedfcbf9bc53cbc	351338	qa/edition_src_0041.png
ae43bc61fef6b229e0df86afd8adb1afe01ad590b671ea9eed3b52d7d93513bb	364182	qa/edition_src_0043.png
9a88d35ea089322bf6effcf120e98e76dda2b4ae73b51950ddf949029a54b0e0	347355	qa/edition_src_0049.png
ddc20196b2d05c51af5f4a22da2e11747163f56742e2aa5c0c65fe6ec7b0b07e	354988	qa/edition_src_0050.png
f8796723647e77ac43228bd767ed030c99aadc11a7a701d4a49fa1d015f09f42	259139	qa/edition_src_0056.png
2b3d9e9778ac9868ffe18f9a2010cffc826d592b509c333703e3c3b9648c70c4	290717	qa/edition_src_0057.png
2d57792c16067909b235eb03bcb767f8e712872d5aa75fd044e8021fe530c8bb	351100	qa/edition_src_0059.png
6f5369814eb41d1c92dfcbec48469d5aa48660280d648354a89e2bd8f01c9a42	326353	qa/edition_src_0062.png
95f4d9bb11cb06a8a36b95c1f56ab35ee20193574b4bb57aee4f8c5966d038ee	345012	qa/edition_src_0070.png
635c70e4de05f997a34a078b92de479a6a148a7da9a4c17dca6e23cd2d7bc06d	307438	qa/edition_src_0072.png
16cef3a85e23d6272cfa93fba3d566aa327ad465174c6c75d1d2e890c74881fc	226861	qa/edition_src_0073.png
a6f9d4340d1ac681a0aef0a16da52ccf4f803241ff4f52f4f5b866a0a27bc113	317382	qa/edition_src_0074.png
b6b896f77de7c67bb873cf53b2acda71b082ba7e7c2845228059856ba5332ae8	87635	qa/edition_src_0078.png
e029091f1339c6b49d0bb0958bb2e7c695b3320dd04bfee3da8dfc12a7abaefc	297716	qa/edition_src_0079.png
55f4ed7c75bbf04b2e9f33647477446f9685eff5c7ca66f2f298b9ee61371e20	332978	qa/edition_src_0080.png
b6253b953ee123d181cb24c4467d794b2ffcb15e7c2bfac4375fca3a072aff09	306597	qa/edition_src_0082.png
56142c4c1be0d20a9929926737061a4a6345fcd0e1390321a1f68573aad15106	349424	qa/edition_src_0084.png
a250c5c3cdc06071bf934aca97c24a2cf09290fb2939b48cf5c8812aa98da588	370888	qa/edition_src_0085.png
17495b0984e0c3465468a71742a59e3119c0eb63bd68372572606a59e2beda0a	372358	qa/edition_src_0087.png
ca8f0d23064cb5f309c2eb80526ede69c4b54be0fdcf57bdafba4008ede97928	140034	qa/edition_src_0089.png
aa82716b60647f1b5a13dd126c63b3111e22907a757751538c2dece46a690a13	295986	qa/final/contact_01-12.jpg
1320479671ac85efb0a6db4ad74b922775e686ef31dddaeca8db1690e6b30bce	448974	qa/final/contact_13-24.jpg
ce829d5e5adde03c45fb1edd9aa04ee06b73bc62055cc7d80b678987639b32e7	454650	qa/final/contact_25-36.jpg
454d3389056f359d9b405d0742b381bda2ef4192d828f29c5ac1bf3b9f407588	453288	qa/final/contact_37-48.jpg
43139b42f75a54fc787cf2420e219756664256ccf02c4a033d8187c7b2b80d89	460532	qa/final/contact_49-60.jpg
f80dd6b232b89abc114ad4ed45d3729fbc5850b71e3f0d42af0b5d8a3788a5b2	417497	qa/final/contact_61-72.jpg
2bf4789bf8175d9e493f664c7867207bf447653dcb28fc7367a2372e0395b56e	301456	qa/final/contact_73-80.jpg
25e38454a493e0d7ec72cfd8b0502850970c00399ebe9f9c9575f23fe2f1a799	251384	qa/final/critical_1.png
0b237560c59eb8721fc9823290c7d59af07b62647cb9077875399d3d899a7f7e	288488	qa/final/critical_2.png
b20c1fd2757b48f695624a8c2a4a1c0f0a40ee774e18b03547ee678a93233847	235289	qa/final/critical_3.png
00b2e820e717ecdb01a2950b797683ec65afb414d5d65060d6fc98c6395a2ebc	189991	qa/final/poppler_reader_080.png
9b4219decf7b633b12afe3440226d8dcdff0143d35c75de9ed8c812ad18300c5	129400	qa/final/reader_001.png
88561625bebbcbdd6081b81e4b54232e42fd2d13b1e3be07d6a8f3d8dd7d8d05	1506488	qa/final/reader_002.png
10ee743005b88066ea698c31b77f75c1266ca9aa9026c6c9c2c8936baaf1eab8	89798	qa/final/reader_004.png
350f1ebb280db6f622e9a7425490d321ce208e1971abc3a1dd8454e71e05dce9	343307	qa/final/reader_007.png
1572659ec23b0f4f5c743f8252f88215875489abec24407ff9a8bfb927f359a6	474000	qa/final/reader_008.png
1307ac04204a68bdc629a54db18de0c30ec1e8850768b45795554441c2f8c214	443113	qa/final/reader_013.png
3eb05399abc8e4d7c635c2a761ca58d4a6613f0da69f3df963b410c9b243a18f	328054	qa/final/reader_047.png
311c6758116a2d3539dedf482c63cde758973a3d72c086b2e3231119d270339d	353346	qa/final/reader_048.png
05e3186fb89a939880503ff2796d6210178730eee8b4de1c5171e98218c14e21	426313	qa/final/reader_061.png
0f5c5c90a5965726409dc6be183a1217b96614d659e401e38429a870f2bba1a3	355073	qa/final/reader_063.png
800923f131bc5fcdd8b0c494c73803431255068abd547ece45878fe57d73c3ef	266473	qa/final/reader_064.png
9da1e3d0de66f672ab12cfd8b1aebacb26a1ef49e304356de479805fc1dabb08	390679	qa/final/reader_065.png
e40c41dae5fe6b9df082ca12f42cf30f006f2e02173717efbf24e45e5d85d9f6	359913	qa/final/reader_070.png
9d6c98018fdb4fa8d165508ca694381294b04e5dc7b93c60c465c049f0504228	362474	qa/final/reader_073.png
1793f072fc9f856f82c9eb852c62c32e60659e4542af6aae828a79b2d621d122	427452	qa/final/reader_075.png
f1f447866ca314a600e7d9abff951bf1ff84f9d03efa7da84d81fe5e863fe99b	173584	qa/final/reader_080.png
f0b5727dfd027e587ababf7b30a6b143167dff09a68fcac6e7594dd9f24082be	275381	qa/late_proof_contact.png
4812a38ecb973c8e78be7d9de3fe5cf5d3f8894b9fb2cc8b2a882632b66b65cc	668543	qa/p18_detail.png
47a2c1bd6adb8415897242b8cd4b28a2510c3198c27e8e1cfda19ef36418ba43	492301	qa/p19_detail.png
f675d76420a896b568f78699b80472f8322d3313e49e1d95cffdf54755ebabab	120577	qa/p20_detail.png
4cef46ef2eea4a717ee29a8122b379b0df049fcabf56ce766be3ee2b183934ee	2206202	qa/page_0002.png
8eef6a3d10635ae8474771ff1a3fc79534fe3072d3bdc85b9fb807a95837a4ca	283232	qa/page_0010.png
348a25b3f98cdb9d4f82c2831ed1c61b8b2c33ce00a50a3be4b0063e3884d1c3	234835	qa/page_0012.png
5bf047e6fd3b613ac465510cb77440852e3ff89b9da85edfe5f2e9b09618558b	102214	qa/page_0013.png
724b0ecc36f7caec4efb9f60db3aaf388b5821408a19750c5828b6e4f992a0b9	132839	qa/page_0014.png
53114cac09883eafc9a3f886e3b7c289f4ea98728799b240b87af1818d15d0e2	518738	qa/page_0016.png
af176e1d3087eddd659c1a0c08ebe50d780368d3816bfedc368f08b7db36bb33	792557	qa/page_0017.png
7ff89c0a118276b9bc76456282001f56739d72743df58e8eb1b76fa9333d3097	766877	qa/page_0018.png
acbea92fa9e20dc1dd16abe099385f232858670c91332e2ba183bc6053a84d8e	765077	qa/page_0019.png
3ffe2014cf93aa9d647ade7a36f6da887dfedcc4928713daf6565d36e84226fa	756374	qa/page_0020.png
5fbdd215fb3ca2e3d31b5965a57c2e2053d4ead4fce1c9c0510bf1a44a2a5cac	735003	qa/page_0021.png
b4700de0f206f6ec3e9828b560fa25aac0444675e659c29914a0e26cc4fa59cf	762500	qa/page_0022.png
1243e17a955ab6d1313f3d07f8b3f5b366f3fb512169a52e23320999adaa4ea9	799403	qa/page_0023.png
1b884c2f3409f152fd5944716040faa33b8e874ba3eb22987dd95a34b41f5a4b	822919	qa/page_0024.png
499ea2251647a74a66f0b711ec6c2e4bf84b3b0e251907c639471751beb69680	765946	qa/page_0025.png
d5506e04789dd7225f1bd6c2158480e5db85e6eb26cc594ec82ae07aef4a0cbd	759565	qa/page_0026.png
3463546531b3702a6bf5079d3d2cbf8e40de40367be0cb6bb73a268994d380d8	798366	qa/page_0027.png
1f4b9fb06e9a8b38383f4dafd1c977e52a25c4006d345fc1a17aab4d9a29dd13	697797	qa/page_0028.png
9db369c23f9e77ebdf4e72182047b227eb85e407cd37244fd35067d0544d2afc	737076	qa/page_0029.png
08dc8bc1550f4ca1bb698d7bd166e0fc78dd8c7de2ede67955cd218365660be4	744075	qa/page_0030.png
7a79cb899f954cc8d21210988a2fcd683472a12ac51246acfc7d17aba036f48a	562474	qa/page_0031.png
d7dc935254f604b206dd8fff07bd5e4d7f4465f96dd15cc6c341f5110208270f	689814	qa/page_0032.png
ce9c46a0f663f5377708623c93d70ad4d7352ff664a3c14dd2c6af188effb136	724418	qa/page_0033.png
6caa650f7218db525b32bea141e3600f52ebcc2bb910d376e870acd6a6453835	713114	qa/page_0034.png
484be1abcf59e37fe1ce3e1dd1df3eb344f826e3fe6ae340fc33974bc3fa50f0	760497	qa/page_0035.png
22eb2e5178a7d4b022aa0a53e56481b8d6e122c460f42c9b50a2d99ea35ed4c7	711810	qa/page_0036.png
3b1963f6962588232f99ca9e73f4a03cb3b7b027ddebd8125411b711866c82d3	750246	qa/page_0037.png
8682f5a3793cb7c80429de74a4db8b12041842a66e59af87e238480d47c897f3	694938	qa/page_0038.png
6c941e4c05f14297f50bf9e9f2acf07e2ebb3d4fece3099849ed183ad8bb7788	799571	qa/page_0039.png
5e5e7bc211d981ef410e602151995e2a306ac634cae558894a6e6cafee3840d3	726931	qa/page_0040.png
961fef2e105c6c9bcff05c013f21ac2c9d81c5ccfaf254e7ee652b625458a264	795195	qa/page_0041.png
b5dff68817bb2d85621fa05a6332577bb6f583ec2a42baba88c938d96960af44	755785	qa/page_0042.png
fee8671d8739c7bc619bb0618e3dfe02ff15032b37921ebd114531fed9bc86ee	763258	qa/page_0043.png
e4388b55ddc41705494c2b81ebcbd3bf346aaa09850397fa114d4110964b2eee	791911	qa/page_0044.png
e6ca2c2ba704e1af93a40b00c63cac997176e1dbddd3520c8942d89bdeb84b10	833375	qa/page_0045.png
7d7794fcb83cf460972b6cdd567f577e58c4b6de83925df22bf633dfefb57db0	818765	qa/page_0046.png
6fdc8f1949ea7dc2cbf9dcf05767f2409072c7c8987be734a9379988242f1884	778291	qa/page_0047.png
04c8a35a829145f759e82812b8b087e0d35f3037e2e5b3d8e90697563ed08684	763404	qa/page_0048.png
ec323c94a3ae1cd89fb6863b650784451ab681992622b0906dbadc8745265c7e	718703	qa/page_0049.png
70353deb08142324dfd156c0379b9e74ab5850cea16bd7aafe9897f723c6f215	736209	qa/page_0050.png
405c5a07f5e219de2b5649abd320d384063960b4f8842055e7ee59ff0190ef9a	718274	qa/page_0051.png
2f067848d642afa009375dd8f31fd5e2a0280f23f357d0778a9e1fb3e3052383	769712	qa/page_0052.png
4470833378ac8ad9db8bab9103b87dbcb7f30b93df4a6c21c86b898fa8aece24	722458	qa/page_0053.png
72e3586ca3dab0c3230d7f1e22559e9f0073b43b9fad59a15c969e21541a30e2	687238	qa/page_0054.png
146e4285114501939125cd007eb9076f2b99d1d5a29fb1822cfdf86216120880	724833	qa/page_0055.png
3c4d2d8baba291f93176ad76ca89c2ed15ee83410974414e324f4cc54719a73e	541052	qa/page_0056.png
ec436ecfb552417b3d70f37b95b6424e57d1a2b5385a178a2c49cb4e231f2b70	591480	qa/page_0057.png
c190aa79fb1a0710a972f0372456e4f34b357470a69121a8ddf9e3eb666d7915	714645	qa/page_0058.png
d7f2b004df104fafe222480cf8fe162b099960169ee94ad0244e4eee3ff11410	739168	qa/page_0059.png
926ae5193797372bc252285ebdc1c6fa5a26642ef43357d17634ac7a84e17378	1392146	qa/page_0060.png
6f50e95797a62d02f7032bec86f3326efbe04225f6045b11ff4122144577a353	721307	qa/page_0061.png
b7d1f7c134b79d9b7a75ada64679b43a18b418068215af8e500ac86b05def4be	726846	qa/page_0062.png
239b46e2aaf8402bd453437e9052e9c9d8ae9885647ee5be4360330510824902	717201	qa/page_0063.png
da08561754fcb589d313d0f6fff3793ae437ec3e79daa3ac87c948e5899c884a	708396	qa/page_0064.png
1531be8f2376b7583b7d131c3dbe23254b6bf48a412d5c872bd5c2485ee26e3f	693988	qa/page_0065.png
22e700060b8cd2c7b9d303d49e838d361fe2a20f13976c24ea0297dbeb1dc6da	1443378	qa/page_0066.png
5697c8e326673c6831f6018754823f7b43d644127d2df6653316d4b91ee0396b	754028	qa/page_0067.png
b16b27adfddf0478752e1f95cbc4c3ace97f8d2d24c1623c342de76c590934e2	675813	qa/page_0068.png
2baf02a7375bdc0b771f2fb0fed6f288078180cfb98ede111b2c5763b6711ab6	697694	qa/page_0069.png
1b3b48d7c3c8285674dd031197b8bea3aa5e88d79e300f43a5e4228a6a58348e	740274	qa/page_0070.png
b3f12b43561c14c5d2c9c677f950c98a1bec4a908987d2a09deb841050503b73	719181	qa/page_0071.png
f837ad4653332078df544c81f0eaa26f6351465b8135b216e503294dfb07d319	677328	qa/page_0072.png
0c27923c97ddaad886838ead6af8d11f39f4f1f12ccabb74aaa7b6bc89e3f209	494331	qa/page_0073.png
554ce27616d4ce554a6e8a69461e449d7bf74c7d5a432cb2637b111c33960cc4	661214	qa/page_0074.png
c678655efc973617a71a92cf678582b32889e2e1bcd29b25bed42bf17fecd189	772570	qa/page_0075.png
cb8bb15507115e2c805795fa4cdc6f8d43cad65f0c099d879a1ef76bc1ac31a1	722389	qa/page_0076.png
214ca34f4b0ff7c665d4f1052cbd5d890f0a67a19a261120d4eaa69ee48d4a5e	758700	qa/page_0077.png
6cdc07c04ef4242f3869fc6d87ccc0c2d89ed5913237fe01dd8adc6d21987e28	1357102	qa/page_0078.png
8042f987da78e53cf6d14eb1a20ce0c36434def70c24bdf81eabf233cd582091	613001	qa/page_0079.png
262725d93f0778b79ba2c855c432f2ce12b314a8ca7562547fe2b817ec3ee632	656219	qa/page_0080.png
6e3e5b347229f5e26b35e3b8b61449d94f8f9fdf0407d6a78225a017a8e87539	718063	qa/page_0081.png
55e763a9c0ea3c42cba80437b328ccaef71d302c2dbf35709310a0d50dc7bfd9	657409	qa/page_0082.png
f0824b7dae98a43ba23b65ad004cbbf62d7d56eaa9d411617225c99ce242e8fc	732078	qa/page_0083.png
a5b7d9a4943e878924a996cc1dbe0e61849d3c4a5589b933c20a9ec96654e693	1427319	qa/page_0084.png
86b7ea3c5bb22fdd0a9c33822e8188a5f640a75419924406398304d44444ef27	771758	qa/page_0085.png
b2cd05e4b421f4cc9bf9ccd94ad0c3d035dd731547300016a9d7cd4b1433ea63	733858	qa/page_0086.png
e45c36d6fcde6f10ab39229141306b56997cb6bda247a3e96aac8463354b2425	718299	qa/page_0087.png
09cc70f135609bcfbdb9c8b91f61cc60463c5b1942c69903d7f407b1011a7fb0	1377273	qa/page_0088.png
8c44911e38851559df038b1c99e0db922d35f403b4b0bdf844d768a6b881836e	302328	qa/page_0089.png
005055b2ca4a1e0e82399de278e977147e543d3d96a468bbb242c3cd2190912e	64076	qa/proof_10_name.png
493af8c9ecebb2766c7e4b802cd616e2c173a71c27d1a0b510e07ea6423d9392	19509	qa/proof_13_imprint.png
95357171767a7b804201808c41270c0cab3ea9df01d5bc7b8995f45dfdcaacd0	11673	qa/proof_17_reference.png
544f8f76aa6a1a1b21437796c971eedb2cebb9c4782b12eeea35571ab9fd7b23	281081	qa/proof_20_arabic.png
0336e9a83919022795d5726c67ff62c1422ec5478d096f6283e9b420eca77d59	337193	qa/proof_22_syriac_line.png
9bc5f0a3c8ee138cce9ae1c6a665332f52bbdc4f4cced77d8318cff3720f6583	113960	qa/proof_39_names.png
9deddeb1fbdf4c6d9edc6121ed45a50664ea6fe59c16bf1ff994f092e6546e40	175509	qa/proof_40_terms.png
15b034a2801ffacefad81ac13f253bfdb8e2ea17647d51d39be0d5a66d1c1839	53809	qa/proof_43_tacite.png
f98c92a78d44695be9e75186ce0ab5f027b252ac9b1a7f6cc3e8d2297f9e7bac	64691	qa/proof_43_transliteration.png
ac923e46b34e92ced9e88c9659d68bda4fd0567b45410487d0213de0bd16794f	190662	qa/proof_50_notes.png
c428cd617ba576db8b5e28ab167e47f48a42f90eb1ccb470c7aa542a9b090677	748054	qa/proof_51_body.png
9477b37c2e1585e2cd0cabecdb42adb92e19aafd4cbb014886b4c0f91f7194fe	67185	qa/proof_59_experimenti.png
6c0acd25d26ed2bf2f6645651b144a725b3c98fec4c0912ae473de9141b25a18	144822	qa/proof_59_quote.png
28f512c45d5dd1c88915b1c295ea7f29cd86dd2e0b0c34aed4df7dc1e40d3115	40880	qa/proof_62_que.png
346780c81487d495d01f90c5673d8bc5ce64685613c6838114652e74d9fe4fd0	189275	qa/proof_62_quote.png
3e303456260cc28399dc7ed33c32f28b1165c4428c4ec3327ab5f2c49d7ade73	21066	qa/proof_80_lemma.png
b4f3258aa54518903d933e79049fab03fed97ab169b5a35b7d57a81932085549	20258	qa/proof_82_lemma.png
49e29c56ab894ff75cc780d783602734f320257bfa932c75082c02710914a0b0	94246	qa/proof_85_fractions.png
c48736c5202f905835e4021a3043527130baaff5e26b88f7056e7a41a279ed32	247633	qa/topology_01_15.png
e1bae6b283ef63b396a6e6791e48d27f475aa156daaa6dd1c97ff723d933ab84	522	qa/v003/AB01-PDF0037-G01_proof.json
833fb1bf84e69ac7790ae5671e477338d41560ed40098980f28a0da551b203ad	1354	qa/v003/AB01-PDF0037-G01_proof.png
bae37fe3e8807298c86e7c2358b449058d331a77745c7430bf1d5ef4669e1203	522	qa/v003/AB01-PDF0040-G01_proof.json
f981d09066b81b86c25f51160efe1888f78b40e0ff4718550406fb18a946d57b	1046	qa/v003/AB01-PDF0040-G01_proof.png
ecb314f8041e29af5a15fffda951f59511d4a26ab3355fa3de9089a71d26c70e	520	qa/v003/AB01-PDF0070-G02_proof.json
1e8eefb034972ac0c5a676c4c3c083a853969fd1f2cce286191beb5bd80e5e13	866	qa/v003/AB01-PDF0070-G02_proof.png
5e7cf59a2eff6ba96b96d492cc6d9c2763d8239940e833d3077749859bf3d22a	520	qa/v003/AB01-PDF0070-G03_proof.json
f647a23c5b3544d9f501a32950ea0e2588c37886ff673f51c266992355a41f35	876	qa/v003/AB01-PDF0070-G03_proof.png
2898140b1a23e8aa7190db42186d5e21902e4aea40b853beab1258dbb5b882b7	522	qa/v003/AB01-PDF0070-G04_proof.json
96713060a2a53a4ea1aa06d80e0639c8b14b0eb71b3e45921ba05de599ae6366	857	qa/v003/AB01-PDF0070-G04_proof.png
9a888971084ac5265fb9deedbe98fbbb0ae2bde14261625cd63295826cd12641	522	qa/v003/AB01-PDF0070-G05_proof.json
8e427e605d3dae15cdff673aa0159eabbc75035440b2fa8fe29bdc4235359e84	612	qa/v003/AB01-PDF0070-G05_proof.png
60b2bf12453dac77df8ee8241145c18deabfdd9f4cc45d4b759060e009cfe15b	524	qa/v003/AB01-PDF0070-G06_proof.json
f9e657bcfaf4adaf8a5b571d4042a5ec9fac9d37610546ac416b475503179ef4	830	qa/v003/AB01-PDF0070-G06_proof.png
efc8bcc15084b8dceb7f3ea4a48d20d77d01831adfb582a05bac1f11f1a98d5c	526	qa/v003/AB01-PDF0070-G07_proof.json
b80280ce0bae5a7d0482f7421d0c6cb7bfc9056ddda2e597f31e6ff858ba736b	518	qa/v003/AB01-PDF0070-G07_proof.png
93a43b870dd02001ff7ca48472066afe0e1ffe2a010e714148b928ba539067eb	528	qa/v003/AB01-PDF0079-G01_proof.json
4dd589c5bf96b8944c3212d048ed2498d639d48bc9885f5efb5083d855a754b2	752	qa/v003/AB01-PDF0079-G01_proof.png
72df5046128aae966739127fc11d99032009ad1b4ea22db5a28b56062db61fc4	522	qa/v003/AB01-PDF0079-G02_proof.json
101e24455f3f9ed3cb9c4362d1962e15e468809530c1a3eb0f29822a4148b57d	888	qa/v003/AB01-PDF0079-G02_proof.png
9548322274f202e86d2a3fb6c267670966920bbfd629dc193a1829fc5b64e6a6	521	qa/v003/AB01-PDF0080-G01_proof.json
b955c39d83b121af293de38e03f8f6fca9ae0c3401a45591176b8dc6a0ba988b	1889	qa/v003/AB01-PDF0080-G01_proof.png
722bbd9a326eff21795ab95b732bba52185e280efe64c6f5f1e92ca2599ee808	522	qa/v003/AB01-PDF0084-G01_proof.json
f4cc66324af6e4174f3f27869f042ace227fe4c2f69f6e17d6232c2dd789d517	5406	qa/v003/AB01-PDF0084-G01_proof.png
d02e6244b7619a95869a2161c9d0f7de7dbe024f1abaa454e136a46fde985849	520	qa/v003/AB01-PDF0084-G02_proof.json
da8ab1824d4265edc51a31b89870e550c06899fd8f73c7c14a63d48295be04a1	5192	qa/v003/AB01-PDF0084-G02_proof.png
ace2c2df05f907546f34a8ada92db027d8e562e433a1cf9b8ca7caf0389a601d	522	qa/v003/AB01-PDF0086-G01_proof.json
56ffe707fae61d39d1e69d58d4e70d01ed9f2b6e90a9232e1166165d97478299	1658	qa/v003/AB01-PDF0086-G01_proof.png
e3e0ee057d5b427d51f869ca2e685b861065b24259d79a3bba8bbd0219e6cf01	616504	qa/v003/final/contact_001-012.png
73078fd0ff54dc1ff5ce56504514fd559f52003c6b9be7267a915acebf5e2df6	920534	qa/v003/final/contact_013-024.png
219d71c6e75ec59bb9812758106e3528e4642ef3cf3fddda9acfebdd8404463e	930514	qa/v003/final/contact_025-036.png
af75c113567cb77c4f10e6dad0ddb0ec0ba71bf992525488bee4349f5f002712	912691	qa/v003/final/contact_037-048.png
f2a26a056d19c76732234c5fedb5eb0126a0a2ccea97101877f48f9e2dc3574d	905173	qa/v003/final/contact_049-060.png
5d297f1686e6f8216b546a7949a040df70b8a32d758aa726c3efed7a343f7ded	835548	qa/v003/final/contact_061-072.png
8c9de306daede366ceed6eb692f20306ee6a7f2278a6fb9851d010fe627f87e4	605049	qa/v003/final/contact_073-080.png
5191b30fcab5cbbbabd34328431becf34af19bc2363fc59daf9d07017b2565a8	232651	qa/v003/final/critical_01.png
b999c96a3fbece26f7c3feda605e387cc0dd6db1fd9018e1b6083dbc1d9b33ef	226044	qa/v003/final/critical_02.png
075e9c01aaf0a43bc0bff18c2049e09b95e6f2eb800bd50480b02a4340f21205	234695	qa/v003/final/critical_03.png
2dace64cb5bd219bfe0eb61ed3ec2ebdcb97b721e720edf69761ed527b49e3b1	69959	qa/v003/final/critical_04.png
b0080705ddf2c9a1f60a3b238e9fe802bf308461f116756eb79b82ccbebd424f	102636	qa/v003/final/reader_001.png
8c11879723f2408ba25945e19b67762f579ed65fc2b6942b50ce527efedab0ca	775554	qa/v003/final/reader_002.png
2d08c665079c2be8f3caac993278196cfc260b3d3badfff57e856ee58433f1df	16886	qa/v003/final/reader_003.png
677804c71d222de48901d1151e33882d328b2989496347613451920f8d2a3c97	55978	qa/v003/final/reader_004.png
d9f836b714a60665feb44ef8e618098072b7745ce79ac0c4869fee234495dd88	12921	qa/v003/final/reader_005.png
9844ead444643b3adba7a5cc5a4b93aadfbc523fe47939c1e61b488aa6be1f27	19189	qa/v003/final/reader_006.png
0e790a8fb465c3b6bebc76d97693fe75a868da3a9502a7c5de23e0aed89687d3	303630	qa/v003/final/reader_008.png
3c9a0888faf19469fe26a8c2c4b37c8bb617dbfcfe1f6d3fada5d32ee07e52f8	302914	qa/v003/final/reader_009.png
72e19085f20f602a6da01f4a7f89c6f940bad9fabb79865e0cfaedf2515cffe9	307169	qa/v003/final/reader_013.png
a753c16b48a7d2156345a3ae3c6249f7761ae8012a6ae4c972d19d72294ca2fc	308951	qa/v003/final/reader_017.png
a50d20b6165bc6050634d81907e8224b00da5d5077b573f2ecdec787bb923caf	306149	qa/v003/final/reader_024.png
a78e87ff020e3f3d1a8b12e3592a24b83b384d4bb4dc66797cf177ec67448558	293410	qa/v003/final/reader_028.png
3d249bafd11a3f01602c1590e2deb69fc0a9c57fdc478485c29b7608be11b19a	310103	qa/v003/final/reader_030.png
1e3dec859d021e9add3c879c147707a87bd49ff1aa5f4d1666b11ece9be30321	298327	qa/v003/final/reader_031.png
e875636c04b6bab605663ac7bb03fa8b84240e86438e696092bca33c4ac5f764	304110	qa/v003/final/reader_032.png
b5857b448f8a3a8e1442a87e2b8bf3923b761e94c9f51efd9ef1fbf5c38572d6	305827	qa/v003/final/reader_033.png
1496c3d9f6797812231710fb8f6d432f50ff3b646d2a6e39b79cfdb5e497c7be	310317	qa/v003/final/reader_034.png
9fb6e0223fb367478f22e0a99446939bce5fc4791cfb455f548fe2214a975fad	307396	qa/v003/final/reader_038.png
25d2201bf7c1a984eef5abe0724892fe92e010639fee47f3f2885c9d5857dca6	307051	qa/v003/final/reader_041.png
8c9b49bd7326d7ea9c7e4640840fbf72b583e270084f03ea1335112dedf80349	311460	qa/v003/final/reader_043.png
8d0692c45b01ac3f7a6d5d35ea115797447b8a5397176a3040bf1edbecc8f0f1	226208	qa/v003/final/reader_047.png
dae93ff5bd7519e983eb48fb6caabfb4dcfd51c1e12e96fccbcc25361696fc04	250326	qa/v003/final/reader_048.png
9a9e8349b3a8eb5d66c5cf81b091467eb8c01160b2a7448f0b3a92b24281908e	292041	qa/v003/final/reader_049.png
bf06da21bda4184b01c0952be0ab22036927ecb6fa7ec4173ef52244c2b867e0	300417	qa/v003/final/reader_050.png
0ab74a5e97280af303fa2c46d4a8476c7e1922b0443e635d70df6fd41d28c711	289965	qa/v003/final/reader_051.png
259c826e899b851eb30b1bc71061d44b88336e462e760ce0db69c27639dd77a6	292261	qa/v003/final/reader_052.png
d496ba6a015d57f3b145d2d4d78bd974746e70ad80d324214e22bea1d6c5910d	287239	qa/v003/final/reader_053.png
e6b1423eff9a6e24ce1249e15fb5af93d7d2374aee7b6c536e66d03df533ca91	286576	qa/v003/final/reader_054.png
c09bd651dcce4e3614213dabf46cdb3de98f5d65a7fcf854abe91723bea2f229	288144	qa/v003/final/reader_056.png
ae9df7ff7de86c8141bbfa632c69e91bad00d7056148b5ac432b65d1eb28648a	306268	qa/v003/final/reader_057.png
689e7498a8fc95f7fc73a3e977a0fe39cca36956bd245ade3e046b4db8c7663e	296165	qa/v003/final/reader_058.png
d15575c79347bd0f58a357b7712ab7fe7bf48ee03aaedf41508d2d62e762cda6	265249	qa/v003/final/reader_059.png
906dc7c457a6f4829399cc5d51802b829ee5cc5570e073a7087d6e5b8f15e74d	279845	qa/v003/final/reader_060.png
f7bf90d7ce5a9499337cf1793cd54f69fe7b90e730a5d6df16822b13741a4fd4	296384	qa/v003/final/reader_061.png
9c7d74e0ca36041d4929a6b90191804335b23774abe661025d58ad94a4632a87	282428	qa/v003/final/reader_062.png
b60494cc6624cf19528d12b9adbc15857d3bc507f4e4e74549e96737652e4688	264136	qa/v003/final/reader_063.png
83730072ad7b23f66ef957bdaceef343d0fe1ab278d58fc550aa6b96a45ada3b	196232	qa/v003/final/reader_064.png
4307d7fc3cbd90c71c3ca96fb8c3ff7789f665f221af86982c1db78b42665e01	329277	qa/v003/final/reader_066.png
78e8c733464dec303cd2928ad5729f5ad479e01b04823c2be7a9cd18bd59f351	76612	qa/v003/final/reader_069.png
74a2140982b3d49f9cd2fb292dcce7d82aa9ef720f1793e59676e5090ecf3f60	258607	qa/v003/final/reader_070.png
7090bcb4e89a0875749509392d7e13772882e4460a734ed7d36d9bfb0e69d4d0	287840	qa/v003/final/reader_071.png
d1361dccaf0144d0042f41a5cf3a409611cc1a5ed9978eb482dda5cd9fdb8a19	314083	qa/v003/final/reader_072.png
f6cfe6701feabc4c86083765afee86c49643c31c948cf46403f58180583d5810	261407	qa/v003/final/reader_073.png
e4af5fddce02e8fbe2e62c9d7fa910b6870397dac14aac2328363f3bd739f27b	306972	qa/v003/final/reader_074.png
d4403e62fdf181e4d7e465a83d6ad878e1573c5519478cdbe5df08815203b9a6	307883	qa/v003/final/reader_075.png
8cf54ae252c4e48df8eccb27929d9e5bbec00fb8ac120ca3b2dd3ddf414473fd	319758	qa/v003/final/reader_076.png
a41bbf3f0c042db73c8576ddbc249f69537a1b8e35c8727dff3f240c432b1f9d	313323	qa/v003/final/reader_077.png
749da585eb3bb9de3042d2b2013e2f4458f74d7af4758bbd27188dc0b3dad0cd	321343	qa/v003/final/reader_078.png
351e4b2d5fe7405808de237c36af5ecd6e5998b226f1da3f40c44f88db6bf443	308022	qa/v003/final/reader_079.png
5a30af42c551908142a52c79c239ad5367ab229d13e763e75a8d8d65628d3601	123414	qa/v003/final/reader_080.png
00c0db8dfdfdd4261d8eb20f985c2161a7c717935aeb9be933e508cd7d009173	113704	qa/v003/native_glyphs_contact.png
262e18b283b1cda5c6b5d8385175dd398e04a2a152179a902b1265fc352812eb	509	qa/v003/p37_106_102.json
880646122ebcd5a13c632db3bf8c965957658c8025cd2a41443d8003baa84c4d	2104	qa/v003/p37_106_102.png
e44c46b5d096848837e114c9a27f12610159005d69c70b87d640f6b181f243f2	511	qa/v003/p39_alkekengi.json
d46628bb1c81355773166f659b75471729b616357c08518dde45b8312ccb7792	2032	qa/v003/p39_alkekengi.png
2f9d667b420655d7da38a98f7834af1105672a288c9571b78704e75699522eb0	516	qa/v003/p40_persian_region.json
3141f06d21a91c6f9e3d3fe118ac72ed3a5f0136d84d9598ec342d194b9ae3a2	1891	qa/v003/p40_persian_region.png
27e90fa870905dfc050134bfcfb0f6449dec191bc863c977811944e4d9d4e5cd	507	qa/v003/p50_Balan.json
912caea45de4911c973791c877e0bc671b638a6133fdbf8715740d158b2c0912	1325	qa/v003/p50_Balan.png
6b9dfdda6095c9a37239a376c059ef05969134c057c28fe9e378541f949b45c1	570	qa/v003/p59_Alfragrani.json
f60bfbe3e7b9215c7da510b76e3f01f44978cbfe4f5f3fde3a1f59917ba11b0b	2007	qa/v003/p59_Alfragrani.png
b6bbbc57c9fdc4c51fa09e077d1c0fa101496b3e76214ad3cdb46528dfab40ac	507	qa/v003/p61_cenit.json
c51f2f9344a78558a81211e7d11a7821ce4c26007b6f1f96cb47c52d55d5f836	1576	qa/v003/p61_cenit.png
489b6f3a98f8a6aa2feca6fe521168b28878764472d422c0e8dffc540f6caf80	512	qa/v003/p70_glyph_region.json
00e0fc3e1e26937cfdfa01e6b934ddaf315bd14394993b43245423b5bb27b1c6	71796	qa/v003/p70_glyph_region.png
be2445271b31c9243bd129b49cca261e1150327d36f3092f7a5343c329327c14	516	qa/v003/p70_lower_clusters.json
3a7ce007bb4899a70c0026d66d47ce1dfb2869eb1c70ccd6c38b3113c1866c7c	4057	qa/v003/p70_lower_clusters.png
c8ff414e69504b588e16bee5a231ef387bcdf9ffc771763272bf3a8fdd8b233b	519	qa/v003/p79_correction_region.json
af3ec39296faa270e9d5bce653bf1835da60ccb9ce4d42614bc99da8a1fae1fe	4172	qa/v003/p79_correction_region.png
24be346bfb0f873a3b2927eb3d87329411e445464f74e5af118e7c15ce979817	513	qa/v003/p80_lemma_region.json
11f0ccda1a1fa2b0cbae7ada9398fb7008f379a49622fe562493bf8fb17f2ae1	2033	qa/v003/p80_lemma_region.png
8eb707ff540e563685c13e0c362e62a969235a36067ce72454f1917670754983	514	qa/v003/p84_verse_region.json
3d1cf63f96f718a0e77f462fe61ac340e3db27c435d6b85f318357bfab8ea5d2	10947	qa/v003/p84_verse_region.png
601825a60ef5bdbf6911d0148c609b6a9a60a945da80049609066c6a61509279	514	qa/v003/p86_lemma_region.json
14cfd64d2c6874427df3982ca0e1b8d06aa4817a501ddbf0cff5b6928b3fa4ba	1739	qa/v003/p86_lemma_region.png
302e0027775a4d23b282455a3ec04238a12d5be544ed6adde72874bf3af6b9e9	849	receipts/audit_history/VALIDATOR_REPAIR.md
c5f49aabe225ece429e522961bd699ead3c04fdf095341990e9b141d9c018280	14066	receipts/audit_history/audit_v003_readonly_r1.py
7d3f4a933904fb82bfe76d108c5718cbdc3845ca173fa26bf6b7f392b098119d	7301	receipts/audit_history/technical_audit_validator_r1.json
a3eade5c95f37ce5882f2efc1292aa5cb3b39bca7e3aa5ed638e171691f70ceb	41721	receipts/build_A.log
9cd7327b6b6ec401f605834b6ce5492a295396f6d6250eed50b49c8b6e462369	7717	receipts/build_A_pass1.txt
da593756bdbb3222fd45fa960a2e8c947ee8b30a28d5b88254a8bd60fe5c6133	7512	receipts/build_A_pass2.txt
a3eade5c95f37ce5882f2efc1292aa5cb3b39bca7e3aa5ed638e171691f70ceb	41721	receipts/build_B.log
9cd7327b6b6ec401f605834b6ce5492a295396f6d6250eed50b49c8b6e462369	7717	receipts/build_B_pass1.txt
da593756bdbb3222fd45fa960a2e8c947ee8b30a28d5b88254a8bd60fe5c6133	7512	receipts/build_B_pass2.txt
d7dd1d7b74401ae0c8cfab7362e9355c825c85a6015871ae9bcf608518dd7654	194	receipts/build_process.json
fc2c0e57c3a52010200f56cf9b134aa6a7b94edfb8fe39e0b0856863df06a112	793	receipts/candidate_seal_v003.json
370cecaec1d5f58ac4eff57dffb03f8888aa56501277bdcf081dbf955e5d728e	967	receipts/canonical_synchronization.json
0622310f2db688f6ee9907034fed140e6c6a95fb971c2330df7da5537b955bc2	557	receipts/checkpoint_lineage.json
b377d2c6e1d888d5ed5d8b9c89027b57edb56c4d153f408950e1dd9323bc857d	30729	receipts/critical_build_A.log
22c1a6d45b70e2994a6e95b94020ac50383e714d660af13ff2b3fc991731e81d	6973	receipts/critical_build_A_pass1.txt
aaf35022fd0ad133553ee0d3bbfd4c6fb14d6ff38e64c2a209a458f0e2298b82	6768	receipts/critical_build_A_pass2.txt
b377d2c6e1d888d5ed5d8b9c89027b57edb56c4d153f408950e1dd9323bc857d	30729	receipts/critical_build_B.log
22c1a6d45b70e2994a6e95b94020ac50383e714d660af13ff2b3fc991731e81d	6973	receipts/critical_build_B_pass1.txt
aaf35022fd0ad133553ee0d3bbfd4c6fb14d6ff38e64c2a209a458f0e2298b82	6768	receipts/critical_build_B_pass2.txt
bca622a52ead95dd66e1d07d2230422b94036b206851b95c9782269532c0ad03	1553	receipts/critical_notes_builds.json
479f6e2c20d49520920c2a1f47a002a3f11c7cb29283c42fccb1cd879d46c47c	4723	receipts/cumulative_checkpoint.json
41bf0e1c9a115661107089777864a4e071ed62fe6e0007fd3c943e90dbdf9a47	14526	receipts/deterministic_builds.json
aadcb761f0480485ac4369139599ae7a2ffdbb0ad4d314b58721bdcd9f15e9f0	2622	receipts/font_environment.json
7539f433c193f719e2428d048f6159e0075e9fb64483308d0f707d520e027649	9744	receipts/output_page_map.json
be7443c7ec85d02ebb82bce8649d09979d476c22bf5daa9c90fc10f3365ea47d	73	receipts/python_environment.json
18680de86f08c6eda71ae3b4dc7b7ac0777238fcfdcedb7fda79f121f320e339	268	receipts/rebuild_v003_console.txt
84ff6e9aa0c55587294bdea26973c85b88d58b78118dd7a70788f58199c21e38	16488	receipts/render_inventory_v003.json
ca7b768a011b57b0e7ce81782cd74306ce1eaf7b13893806910b536e0e93980b	576	receipts/source_regeneration_v003.json
ee2aaa2587060d45be22a6daa836b833cccbeaa72487959f9857bb19886ed2a0	379	receipts/synchronization_console.json
afd156e0c6dbf007609c6cf2ff1aa122315e012be31992c8868d63a9b8a68188	7321	receipts/technical_audit_v003.json
50cb6ea1bf34fe025e420966b1bd233263b09728662f7a31ab23eb5aada89da2	3704	receipts/visual_review_v003.json
541c1a91e526c8f2d5c1f50a73ab31e30a6b7650121003be8d33f16c7e7019dc	426	receipts/workspace_recovery.json
88322e73a50351aaa2a6475c30d5b39746948360b83df04825af102f1a3d4b76	49	requirements.txt
665a19fec67cbe5f5eaa463765676faa2232c5dcd780dce4efcfc1cdb205569a	8261	scripts/adjudicate_v003.py
b5da9ea5cce3eb7520bf5aa6507e1e76bb4fdf9881719e3a17efd9bbbaa6cf34	14468	scripts/audit_v003_readonly.py
dd199eeb7f95a5b0be80278919b59e6bc2b2a82570a9abb4bb5a718b23140525	12271	scripts/build_edition.py
92487e4db4f5a0233bd45ad03ccfb1814c05d3c8e688127e05fec7c2a432ea72	1070	scripts/check_markup.py
a25678b6f34c6752259832e01184160af31789d9d9e2a4620c0050ea2b1f341c	8557	scripts/finalize_metadata_v003.py
f729bf55dfe5387a648c5e270764ba4b6549f60648cdf2dbd899333c3280762c	3905	scripts/make_v003_assets.py
d5ed5b080c3757a25cd55df7bf072f846bd9a34d6e6e32260f45d98e97f0e718	1340	scripts/native_proof_v003.py
7e20e146ccb9fbffac777d72341c187c0bdb897e06b20986970bfb1fc4b178a9	4141	scripts/package_v003.py
cde682a346944cc8cdf125518b65cfe722d5f5c73e14ed62a3068ff45e7bb7c0	2907	scripts/rebuild.py
5e1cbe52d4fe12305c59d1b6701f82bd383d6f759f3939d50e1dda5bd2ab913b	9363	scripts/rebuild_critical_notes.py
480c363a37d40b17d06ed1b55a4f0652e0e0e52d37a52ddfddb0fb2e9c48d4c5	1757	scripts/render_v003_qa.py
18acd5853499e1958a06562c8ca763d7f061a3f60efcedc84cf21645b5ef43be	2357	scripts/revision_helpers.py
f433108c16549c1c83bb1099100ec27112519c8a331a9afbad280dbfe0ed316a	6490	scripts/synchronize_v003.py
e5ee0f970044ab6f6343c538da067b4e5a4bee58ab81d9683684f19669ef9892	7360753	source/SRC01_PDF0001-0089_EVIDENCE.pdf
5bd4b05c06958fac964c5235bb93b754caf1b3fafb339e9ecaf52a58ac8ba214	4573962	source/presentation/AB01-PDF0002-F01.png
1ecb23fd0ea9149185d300690dd87b45f6297531aca3a5bd8afd3c4a110ce80c	34836	source/presentation/AB01-PDF0016-F01.png
25d3578fbf60a6d8e76e805c8d53e62643379c13b63e567173bb6107cd6ae424	985	source/presentation/AB01-PDF0020-G01.png
76fc3c3d1ef1c4bd7dc6474cdbb750a81a9135c911a48edb60466b572ad46c8d	1237	source/presentation/AB01-PDF0022-G01.png
833fb1bf84e69ac7790ae5671e477338d41560ed40098980f28a0da551b203ad	1354	source/presentation/AB01-PDF0037-G01.png
f981d09066b81b86c25f51160efe1888f78b40e0ff4718550406fb18a946d57b	1046	source/presentation/AB01-PDF0040-G01.png
634f426a2b231485d6aa07abafeeb5889df5939cf2a0641ec5bc17f4372f774a	527	source/presentation/AB01-PDF0041-G01.png
bb895a2f490ba8709a130232554fcea9572d859b26bae55c65f388597a00b794	351	source/presentation/AB01-PDF0070-G01.png
1e8eefb034972ac0c5a676c4c3c083a853969fd1f2cce286191beb5bd80e5e13	866	source/presentation/AB01-PDF0070-G02.png
f647a23c5b3544d9f501a32950ea0e2588c37886ff673f51c266992355a41f35	876	source/presentation/AB01-PDF0070-G03.png
96713060a2a53a4ea1aa06d80e0639c8b14b0eb71b3e45921ba05de599ae6366	857	source/presentation/AB01-PDF0070-G04.png
8e427e605d3dae15cdff673aa0159eabbc75035440b2fa8fe29bdc4235359e84	612	source/presentation/AB01-PDF0070-G05.png
f9e657bcfaf4adaf8a5b571d4042a5ec9fac9d37610546ac416b475503179ef4	830	source/presentation/AB01-PDF0070-G06.png
b80280ce0bae5a7d0482f7421d0c6cb7bfc9056ddda2e597f31e6ff858ba736b	518	source/presentation/AB01-PDF0070-G07.png
92060f5b13b2af3fd4fcc3dfb734adac8fd2de1c988c5a7afd6a687dc9a48ddd	7531	source/presentation/AB01-PDF0078-F01.png
4dd589c5bf96b8944c3212d048ed2498d639d48bc9885f5efb5083d855a754b2	752	source/presentation/AB01-PDF0079-G01.png
101e24455f3f9ed3cb9c4362d1962e15e468809530c1a3eb0f29822a4148b57d	888	source/presentation/AB01-PDF0079-G02.png
b955c39d83b121af293de38e03f8f6fca9ae0c3401a45591176b8dc6a0ba988b	1889	source/presentation/AB01-PDF0080-G01.png
2f32201596c243c157e83fb66567801803882e2e1bacb4d0376cef5c13767691	881	source/presentation/AB01-PDF0082-G01.png
bf256eb44aa2ffea252cfd62a7849ac06056a49bce659dd5fccde12b7d065a98	893	source/presentation/AB01-PDF0082-G02.png
f4cc66324af6e4174f3f27869f042ace227fe4c2f69f6e17d6232c2dd789d517	5406	source/presentation/AB01-PDF0084-G01.png
da8ab1824d4265edc51a31b89870e550c06899fd8f73c7c14a63d48295be04a1	5192	source/presentation/AB01-PDF0084-G02.png
56ffe707fae61d39d1e69d58d4e70d01ed9f2b6e90a9232e1166165d97478299	1658	source/presentation/AB01-PDF0086-G01.png
aacaba385dfb9c1379ba44f102b3a4b6ddb50a44d057c7ba612078af48aa2725	829	source/presentation/AB01-PDF0089-F01.png
b362803d6e5df4df4a8ea314acef19bc0f23190d050e4bf3a9637331b5c4555e	5574410	source/raw/AB01-PDF0002-F01-decoded.png
3f9529b6854a61d90e2caea7d07724cbbd7ca8fd1cc2e0518271c8d867d0af1a	6305281	source/raw/AB01-PDF0002-F01-original.jpx
1ecb23fd0ea9149185d300690dd87b45f6297531aca3a5bd8afd3c4a110ce80c	34836	source/raw/AB01-PDF0016-F01-raw.png
25d3578fbf60a6d8e76e805c8d53e62643379c13b63e567173bb6107cd6ae424	985	source/raw/AB01-PDF0020-G01-raw.png
76fc3c3d1ef1c4bd7dc6474cdbb750a81a9135c911a48edb60466b572ad46c8d	1237	source/raw/AB01-PDF0022-G01-raw.png
833fb1bf84e69ac7790ae5671e477338d41560ed40098980f28a0da551b203ad	1354	source/raw/AB01-PDF0037-G01-raw.png
f981d09066b81b86c25f51160efe1888f78b40e0ff4718550406fb18a946d57b	1046	source/raw/AB01-PDF0040-G01-raw.png
634f426a2b231485d6aa07abafeeb5889df5939cf2a0641ec5bc17f4372f774a	527	source/raw/AB01-PDF0041-G01-raw.png
bb895a2f490ba8709a130232554fcea9572d859b26bae55c65f388597a00b794	351	source/raw/AB01-PDF0070-G01-raw.png
1e8eefb034972ac0c5a676c4c3c083a853969fd1f2cce286191beb5bd80e5e13	866	source/raw/AB01-PDF0070-G02-raw.png
f647a23c5b3544d9f501a32950ea0e2588c37886ff673f51c266992355a41f35	876	source/raw/AB01-PDF0070-G03-raw.png
96713060a2a53a4ea1aa06d80e0639c8b14b0eb71b3e45921ba05de599ae6366	857	source/raw/AB01-PDF0070-G04-raw.png
8e427e605d3dae15cdff673aa0159eabbc75035440b2fa8fe29bdc4235359e84	612	source/raw/AB01-PDF0070-G05-raw.png
f9e657bcfaf4adaf8a5b571d4042a5ec9fac9d37610546ac416b475503179ef4	830	source/raw/AB01-PDF0070-G06-raw.png
b80280ce0bae5a7d0482f7421d0c6cb7bfc9056ddda2e597f31e6ff858ba736b	518	source/raw/AB01-PDF0070-G07-raw.png
92060f5b13b2af3fd4fcc3dfb734adac8fd2de1c988c5a7afd6a687dc9a48ddd	7531	source/raw/AB01-PDF0078-F01-raw.png
4dd589c5bf96b8944c3212d048ed2498d639d48bc9885f5efb5083d855a754b2	752	source/raw/AB01-PDF0079-G01-raw.png
101e24455f3f9ed3cb9c4362d1962e15e468809530c1a3eb0f29822a4148b57d	888	source/raw/AB01-PDF0079-G02-raw.png
b955c39d83b121af293de38e03f8f6fca9ae0c3401a45591176b8dc6a0ba988b	1889	source/raw/AB01-PDF0080-G01-raw.png
2f32201596c243c157e83fb66567801803882e2e1bacb4d0376cef5c13767691	881	source/raw/AB01-PDF0082-G01-raw.png
bf256eb44aa2ffea252cfd62a7849ac06056a49bce659dd5fccde12b7d065a98	893	source/raw/AB01-PDF0082-G02-raw.png
f4cc66324af6e4174f3f27869f042ace227fe4c2f69f6e17d6232c2dd789d517	5406	source/raw/AB01-PDF0084-G01-raw.png
da8ab1824d4265edc51a31b89870e550c06899fd8f73c7c14a63d48295be04a1	5192	source/raw/AB01-PDF0084-G02-raw.png
56ffe707fae61d39d1e69d58d4e70d01ed9f2b6e90a9232e1166165d97478299	1658	source/raw/AB01-PDF0086-G01-raw.png
aacaba385dfb9c1379ba44f102b3a4b6ddb50a44d057c7ba612078af48aa2725	829	source/raw/AB01-PDF0089-F01-raw.png
5182efca5079c553350389eacb68cab753962d344564f0ff812ca01fc8888558	14283	tex/S01_CRITICAL_NOTES_v003.tex
ef72168f7ebedc6c41e30bc5104d81a3e5584d1cb546b4f36e1f765939626b27	633605	tex/S01_NALLINO_SOURCE_v003.tex
c5affd6070f4a3412ad6c432c1d8486748df479622bf9660313550a4423d05ef	1929	tex/S01_TRANSLITERATION_KEY.tex
1629af6cdf7803d96440d43427235251ddf89435280075119e217c1ec1024263	395126	transcription/S01_NALLINO_SOURCE_v003.txt
765d36f3b8cf25d5a436826c7d016ad831b82de715823a5cfc675911e00e9f13	949	transcription/pages/AB01-PDF0010.json
b5ec5b91c68089685674e921dc8d43fc9ac16a5c6e64fa74e7164d70d3141bf8	2718	transcription/pages/AB01-PDF0012.json
14f4f25e6d87e35757099e07728fcddae9460cc5643f50f3d7a3df648c41ec8f	843	transcription/pages/AB01-PDF0013.json
cac90ae19fa5e412102215c1d4cd2016891343a7e219fd0472734e1ba0deda85	1030	transcription/pages/AB01-PDF0014.json
cb24c26eced4221c426b9b76535e603ff2e55aea323dbd048dbe58155644b424	763	transcription/pages/AB01-PDF0015.json
e19f37d286720228f6173721319679c27bf8b586ea57d5c122aa41a03ab42488	7055	transcription/pages/AB01-PDF0016.json
c0435ff290d67aa85f7ccdce413928aadd315341df3c22ebf310e93917723196	12596	transcription/pages/AB01-PDF0017.json
3640fb1343a93eb9ab467629abcc89c9b0858688c5d0b4f9818571cf219b466e	11916	transcription/pages/AB01-PDF0018.json
9cea01a5591eff098339e8d2636000bc1d4f3bb76ed4dbc9b41f517135a459a6	10948	transcription/pages/AB01-PDF0019.json
670e487d7c1ef6af0b3908ed88e67fd091f1f076e43161a5096d7e7175852bb1	11474	transcription/pages/AB01-PDF0020.json
e747ed5139dc8800e62d107d13b525185888cc7a09b83d1d3cfe57a38bf9ce30	10268	transcription/pages/AB01-PDF0021.json
1f975f3d30c5fbd9d37312d90bcb0b9d4da5c9a44f6c62bf1872cb90b5c0b7be	10540	transcription/pages/AB01-PDF0022.json
7d1bd7828372163f230504028e34d1b3f44079eab2dcb0bea2bededd11f34a4e	12144	transcription/pages/AB01-PDF0023.json
a5c7bc099042142e675dfa5868e7178532262641cc3dd14705ff65f17f27049a	13769	transcription/pages/AB01-PDF0024.json
032a3d4abddd03914030478a35e416cbb118fd3fe0cf95ba5bd472c9c1cf24e5	11150	transcription/pages/AB01-PDF0025.json
c1c4568b7a717fd378f9b523d3fd7953db1e9ede7eb9343d559d101e404ba4ba	11434	transcription/pages/AB01-PDF0026.json
44f2d86c533dee35dce457ec7fff77d90f0e4fedb754eec437ae8ac805f5e0f8	11893	transcription/pages/AB01-PDF0027.json
61df4a307429a3e589fd713c543569258fc07a5cc99057ab4dd5cb999aa93e4d	9442	transcription/pages/AB01-PDF0028.json
311aec082cd3886d6cc0939c7d63ed80b845d3eafeb8bf16a5748082d1b32ae1	9622	transcription/pages/AB01-PDF0029.json
cdf3953a95227f4e19ad45953d5a8c7a6df01f4650133df991a75e59ce533489	12824	transcription/pages/AB01-PDF0030.json
04880761d21b2ecd003e8ab12066de896f077abf65750ff2f3d2049014dbaadc	8015	transcription/pages/AB01-PDF0031.json
a64df599e74fdffd767c35c6e165728989783dda5eea6b2bbed326db1b0d02a9	9547	transcription/pages/AB01-PDF0032.json
c1406d593b6968bbe6c9ef32efd2135e4680908eb3cbe5d1f621d46a3623dda5	10653	transcription/pages/AB01-PDF0033.json
cfffe733c005de0a23a7b14ce7f41617b7c39a9eb25ba400750c310de7aeadcd	9968	transcription/pages/AB01-PDF0034.json
33f7d30b9094853ee392a59747c08acfea1be420efe13488f8176526c15fda72	10218	transcription/pages/AB01-PDF0035.json
abdfaa09e8f5a6d8bd27d1e643b71db9d17978b9569d82350c680fbd7606b67e	9040	transcription/pages/AB01-PDF0036.json
f7cb938cde99e476155066f9d6b1190c5d0dfbe05dbd3eed8069a7c9f9d09224	10044	transcription/pages/AB01-PDF0037.json
995c02c9d0b22a67abbfa500618b38cf01af4bda4123d4b3e943ecd4ec347b13	9158	transcription/pages/AB01-PDF0038.json
2cbc6a013e6fda6e431bc69a89e227244e1c0053d7c817721e4fdc3b9abf91b2	11376	transcription/pages/AB01-PDF0039.json
eb417f56920a7844afcbe3e860ccab932b2382da330f358a89babbae83e8b14b	12020	transcription/pages/AB01-PDF0040.json
c8eaade770025953063512e4003605d5f88946fad6c52d94e3e71f676748650c	11593	transcription/pages/AB01-PDF0041.json
d126ea85080d107d0a80fec4c3c668d6f90ca1597cf055638f2af4bf3c697375	11256	transcription/pages/AB01-PDF0042.json
902388b90b8558b6cf3a0d17bd32db0404d69703927975c4a09ea12f852ae773	12186	transcription/pages/AB01-PDF0043.json
ec14f29a909208563dc45881fc68b7494178346d4008e2f497365341780d0cd7	12910	transcription/pages/AB01-PDF0044.json
a3a73213a2f7f97b0fda6a583b9d1bd38696aa0fa61df3df6abd2a8d0f7d3153	12900	transcription/pages/AB01-PDF0045.json
66e45bdf5f3a23be4f8dceea2046199c15e2003ca8cee2a8af2b9a372d022de7	12982	transcription/pages/AB01-PDF0046.json
546b0ed90777ef6b7771379f25f2c985122b198d3b95d59e1b33c0586322b693	11249	transcription/pages/AB01-PDF0047.json
182f878e4e8647a03156f0af748e9742dd1c61c1bc167b6916d20e255e2092a2	10723	transcription/pages/AB01-PDF0048.json
6bab6642a5a1598439f124f9456f3b7137f27e95dbf699046a2e31a207d36de6	10023	transcription/pages/AB01-PDF0049.json
f23ae70e7666a507511181b605b5022a72de5cbfdb6d5f755ead36e58ef83a69	9632	transcription/pages/AB01-PDF0050.json
fc8e06c243544df1b14a56aebb93d7a7378c09eb119dfd2557afc2bc4bb795d7	9052	transcription/pages/AB01-PDF0051.json
5a75781a86c356208667d566fe5c631658a724b77f58503de9d02f45a505a39e	12060	transcription/pages/AB01-PDF0052.json
437b80b2d07bf7d0f5febdfa6e9089fa65dda18e8b6de38b47c4f9d680166d12	9454	transcription/pages/AB01-PDF0053.json
4e36f9b49629142a9a98ffbf41c96f2f6b3aa0cf57f4524f816ce800d50fb7ab	7862	transcription/pages/AB01-PDF0054.json
52aea2e91d0758cff8f30136792c38c61f9916ac93bbd43f4a5b692a02f3e60f	8761	transcription/pages/AB01-PDF0055.json
9bffe7a13eac8f3698904a25c735380089b99ce0ab1231e57cabd9f3afc30cb8	8082	transcription/pages/AB01-PDF0056.json
71f4db84f1763660e3ee8962504faaf1c3e99ecb838b2213e138ed0a66309408	8521	transcription/pages/AB01-PDF0057.json
8bc3c2b9996b67fb0e718533d0cf2bfb410b7934d6656c52bacb5f0aff94737b	9720	transcription/pages/AB01-PDF0058.json
9812059fd52515314ff2d3fe2550691195fa21891fd601992b3beb7cb93071b6	10214	transcription/pages/AB01-PDF0059.json
a18b9d9138532853166f04865b80ba337064bc187d740d840ee90e474e8292a2	8621	transcription/pages/AB01-PDF0060.json
5799438e1019dd0c107f1a002fa9ed9391e25a9050c00855fd592dbbc8c5fad5	9733	transcription/pages/AB01-PDF0061.json
ab5186cad25f221593e5edd0a885e379007ebe5e0eadd188e40203d0d2c4c263	8373	transcription/pages/AB01-PDF0062.json
1305077ebdb1050b020e14c325c3840de0bc15b84afcb682937b44eb7533cb3a	8091	transcription/pages/AB01-PDF0063.json
a64cb42e8dbc2de6838821968929cf628ac310f35d2bf2d76fc9b681f700a75e	8489	transcription/pages/AB01-PDF0064.json
ed910203a46d2380cd54ebae38c3e7736ab0f6584ccddce48d2307adf98e62b6	9155	transcription/pages/AB01-PDF0065.json
bba0e24b56ee86db417349a2007bd385e6a29b4ba2dff0ba2ab1d11f21ec0dbd	9977	transcription/pages/AB01-PDF0066.json
390e745e1963d5a3ebd3d988c2bc6e10ed14f860fb741f51a72bd034ea35006a	9954	transcription/pages/AB01-PDF0067.json
98bd8243d6625977ea6f92dda13b02c9404b476178d76f3a4c099acdb028b210	7879	transcription/pages/AB01-PDF0068.json
16fc07be29237888232fb78525783d7f7ce7b334f8ebf6b30df18afe7930c780	8989	transcription/pages/AB01-PDF0069.json
36ef90c963fe6c27204bec7899c707698df70e866497544522cb11b6f39af83f	10467	transcription/pages/AB01-PDF0070.json
da8ec3c3ae552fc4dcc1fbd7f7d5b24d232a68c417e09052095191d55cf590d9	8386	transcription/pages/AB01-PDF0071.json
17d7fe86a7a38e570a35fede89d024e32ed00304a2cec08e6a9e3cf66253bfaa	8174	transcription/pages/AB01-PDF0072.json
f7e430e65df9163d925b039fd75e2e4f587ef60f5e490bfde8c25fc34a16f9f6	5988	transcription/pages/AB01-PDF0073.json
b9adbaaf4fd54d058670f69f023078619228525129869bc51db0fff2b43f0836	7417	transcription/pages/AB01-PDF0074.json
7627e8a66fcc9b491482b2c8ac63887ec796bda4ab35771aef9df58eb439df31	8911	transcription/pages/AB01-PDF0075.json
1316192797d617bdc6234bbd6882da4195e9f9bb7874b070803b39ff6d731ff1	8857	transcription/pages/AB01-PDF0076.json
23e83a5bb9025edad230a38f2279003e4ac3fd5164bfd6667574806730b50f2a	8951	transcription/pages/AB01-PDF0077.json
4fb543b6edea0ba7fcda7285e7312037f32da2a77afb4da702b19af7777ed3e4	2313	transcription/pages/AB01-PDF0078.json
5bc229737bc36efbff4fa3c9ea12b4ade2c6c44bac2ce6f05f94fa6ef04f7cfa	7350	transcription/pages/AB01-PDF0079.json
8ba09215fe0a7bcb031359eb442d1785ab66b9bcfaa45a9097aa81ee063b3175	9103	transcription/pages/AB01-PDF0080.json
5e663b9487496c3f349a24a02812f45ded222771dbcfa4a3512ab26dd005047e	8850	transcription/pages/AB01-PDF0081.json
902fbffe89fa8ebe61939b3b5c21379f4af593611ad1dc7b3020050defb6ce6b	8046	transcription/pages/AB01-PDF0082.json
0ab051a68f768a2a5a50071c22e795e3d28bc722c4ed37e6ca1c1e2267dc17cd	8972	transcription/pages/AB01-PDF0083.json
9f0ba148d0fe16e6fce4b20c86a40bdea334cb22a596baa988825a62fa1cf0dc	9038	transcription/pages/AB01-PDF0084.json
9cd318bf12a17baa6599fbef4b001a39cb8c9c0770ccfbc97bf1d842d4e8afa9	9351	transcription/pages/AB01-PDF0085.json
8c3b34363d9c35fcf665d154ac5a27bb1c166f1ca4b75e1cb133f74b7edba570	9628	transcription/pages/AB01-PDF0086.json
e293b27b403d9c09729bf361e2bbebcc8515dc1008a7120a8616b5f8a973f18a	8813	transcription/pages/AB01-PDF0087.json
b7f4c89c808f82f2a82cdc3aba490f287c16b320a0a113f62f73e94874765b2e	9212	transcription/pages/AB01-PDF0088.json
50960485649b242d095299f56672ca4676dcc535af1beef28325b48ef449aa2a	4082	transcription/pages/AB01-PDF0089.json
