line_id	master_pdf_page	literal_numeric_tokens	context	index_status
AB01-PDF0012-body-L015	12	"[""58"", ""63""]"	IN XYSTO CHRISTOPHORIANO, NN. 58-63.	AUTOMATIC_LITERAL_INDEX; source-image IDs excluded. Not a semantic quantity inventory or numerical correction.
AB01-PDF0012-body-L016	12	"[""1903""]"	1903.	AUTOMATIC_LITERAL_INDEX; source-image IDs excluded. Not a semantic quantity inventory or numerical correction.
AB01-PDF0016-body-L001	16	"[""1"", ""2""]"	§ 1, <i>Albatenii vita</i>: I. de Albatenii vita testes Arabici; II. observationes in testes Arabicos. — § 2, <i>Al-</i>	AUTOMATIC_LITERAL_INDEX; source-image IDs excluded. Not a semantic quantity inventory or numerical correction.
AB01-PDF0016-body-L003	16	"[""3""]"	III. commentarius in Tetrabiblum. — § 3, <i>Scripta spuria</i>: I. Archimedis compendium; II. de	AUTOMATIC_LITERAL_INDEX; source-image IDs excluded. Not a semantic quantity inventory or numerical correction.
AB01-PDF0016-body-L005	16	"[""4""]"	V. de planetis et ascendente; VI. Almagesti parvum; VII. tria opuscula astrologica. — § 4, <i>Opus</i>	AUTOMATIC_LITERAL_INDEX; source-image IDs excluded. Not a semantic quantity inventory or numerical correction.
AB01-PDF0016-body-L011	16	"[""1""]"	§ 1. Albatenii vita.	AUTOMATIC_LITERAL_INDEX; source-image IDs excluded. Not a semantic quantity inventory or numerical correction.
AB01-PDF0016-body-L013	16	"[""1""]"	alii fere Arabici fontes succurrunt quam quibus <n>D. Chwolsohn</n> (1) et <n>M. Steinschnei-</n>	AUTOMATIC_LITERAL_INDEX; source-image IDs excluded. Not a semantic quantity inventory or numerical correction.
AB01-PDF0016-body-L014	16	"[""2""]"	<n>der</n> (2) usi sunt; novis tamen subsidiis comparatis, possunt quaedam ab Arabibus tradita rec-	AUTOMATIC_LITERAL_INDEX; source-image IDs excluded. Not a semantic quantity inventory or numerical correction.
AB01-PDF0016-notes_left-L001	16	"[""1""]"	(1) <i>Die Ssabier und der Ssabismus</i>, St. Peters-	AUTOMATIC_LITERAL_INDEX; source-image IDs excluded. Not a semantic quantity inventory or numerical correction.
AB01-PDF0016-notes_left-L002	16	"[""1856"", ""611"", ""15""]"	burg 1856, t. I, p. 611-15.	AUTOMATIC_LITERAL_INDEX; source-image IDs excluded. Not a semantic quantity inventory or numerical correction.
AB01-PDF0016-notes_left-L003	16	"[""2""]"	(2) <i>Vite di matematici arabi tratte da un'o-</i>	AUTOMATIC_LITERAL_INDEX; source-image IDs excluded. Not a semantic quantity inventory or numerical correction.
AB01-PDF0016-notes_left-L006	16	"[""1872""]"	delle scienze matematiche e fisiche, t. V, Roma 1872,	AUTOMATIC_LITERAL_INDEX; source-image IDs excluded. Not a semantic quantity inventory or numerical correction.
AB01-PDF0016-notes_left-L007	16	"[""450"", ""458""]"	adnot. p. 450-458. Liber bis seorsum etiam editus;	AUTOMATIC_LITERAL_INDEX; source-image IDs excluded. Not a semantic quantity inventory or numerical correction.
AB01-PDF0016-notes_left-L008	16	"[""1873"", ""108""]"	primum anno 1873 (108 pp.), nulla mutatione facta;	AUTOMATIC_LITERAL_INDEX; source-image IDs excluded. Not a semantic quantity inventory or numerical correction.
AB01-PDF0016-notes_left-L009	16	"[""1874"", ""100""]"	postea anno 1874 (100 pp.), qua in editione nonnulla	AUTOMATIC_LITERAL_INDEX; source-image IDs excluded. Not a semantic quantity inventory or numerical correction.
AB01-PDF0016-notes_right-L001	16	"[""26"", ""31""]"	tinentes sunt p. 26-31. Ceterum Steinschneider non-	AUTOMATIC_LITERAL_INDEX; source-image IDs excluded. Not a semantic quantity inventory or numerical correction.
AB01-PDF0016-notes_right-L006	16	"[""1898"", ""1902"", ""222""]"	<i>schen Litteratur</i>, Berlin 1898-1902, t. I, p. 222, atque	AUTOMATIC_LITERAL_INDEX; source-image IDs excluded. Not a semantic quantity inventory or numerical correction.
AB01-PDF0016-notes_right-L008	16	"[""1900"", ""45"", ""47""]"	<i>der Araber und ihre Werke</i>, Leipzig 1900, p. 45-47,	AUTOMATIC_LITERAL_INDEX; source-image IDs excluded. Not a semantic quantity inventory or numerical correction.
AB01-PDF0016-notes_right-L009	16	"[""89""]"	nr. 89 (cf. eiusdem <i>Nachträge und Berichtigungen</i>,	AUTOMATIC_LITERAL_INDEX; source-image IDs excluded. Not a semantic quantity inventory or numerical correction.
AB01-PDF0016-notes_right-L011	16	"[""1902"", ""164""]"	Wissenschaften, fasc. XIV, Leipzig 1902, p. 164).	AUTOMATIC_LITERAL_INDEX; source-image IDs excluded. Not a semantic quantity inventory or numerical correction.
AB01-PDF0017-body-L001	17	"[""1""]"	Duo praesertim Arabum scriptores de Albatenio notitias nobis tradiderunt, <n>an-Nadīm</n> (1)	AUTOMATIC_LITERAL_INDEX; source-image IDs excluded. Not a semantic quantity inventory or numerical correction.
AB01-PDF0017-body-L002	17	"[""2"", ""3""]"	scilicet ac <n>Ibn al-Qifṭī</n> (2). Haec narrant (3):	AUTOMATIC_LITERAL_INDEX; source-image IDs excluded. Not a semantic quantity inventory or numerical correction.
AB01-PDF0017-body-L006	17	"[""4""]"	« <i>ei insigne opus astronomicum</i> (4), <i>quo Solis et Lunae observationes ab eo factae con-</i>	AUTOMATIC_LITERAL_INDEX; source-image IDs excluded. Not a semantic quantity inventory or numerical correction.
AB01-PDF0017-body-L011	17	"[""267"", ""5""]"	« <i>Pars eius observationum, quas in opere astronomico memorat, anno 267 heg.</i> (5)	AUTOMATIC_LITERAL_INDEX; source-image IDs excluded. Not a semantic quantity inventory or numerical correction.
AB01-PDF0017-body-L012	17	"[""287"", ""6""]"	« <i>fuerunt, pars anno 287</i> (6). <i>Nullus in Islamismo cognoscitur, qui eum in sideribus</i>	AUTOMATIC_LITERAL_INDEX; source-image IDs excluded. Not a semantic quantity inventory or numerical correction.
AB01-PDF0017-body-L014	17	"[""7""]"	« [urbe] Ḥarrān. Observare coepit, iuxta quae narrat Ǵa‘far ibn al-Muktafī (7), <i>ab ipso</i>	AUTOMATIC_LITERAL_INDEX; source-image IDs excluded. Not a semantic quantity inventory or numerical correction.
AB01-PDF0017-body-L015	17	"[""8"", ""264"", ""9"", ""306"", ""10""]"	« <i>[Albatenio ea accipiens]</i> (8), anno 264 (9), usque ad annum 306 (10) <i>[pergens]</i>; stellas fixas	AUTOMATIC_LITERAL_INDEX; source-image IDs excluded. Not a semantic quantity inventory or numerical correction.
AB01-PDF0017-body-L016	17	"[""299"", ""11""]"	« in opere astronomico suo ad annum 299 (11) posuit. Venit Baghdād cum [gente vocata] Banū	AUTOMATIC_LITERAL_INDEX; source-image IDs excluded. Not a semantic quantity inventory or numerical correction.
AB01-PDF0017-body-L017	17	"[""12"", ""13""]"	« az-Zayyāt, ex incolis [urbis] ar-Raqqah, ut tributa iniuste illis (12) exacta repeteret (13). Inde	AUTOMATIC_LITERAL_INDEX; source-image IDs excluded. Not a semantic quantity inventory or numerical correction.
AB01-PDF0017-body-L018	17	"[""317"", ""14""]"	« rediens, in itinere obiit in Qaṣr al-Ǵiṣṣ anno 317 (14). Eius opera haec sunt: Opus astrono-	AUTOMATIC_LITERAL_INDEX; source-image IDs excluded. Not a semantic quantity inventory or numerical correction.
AB01-PDF0017-notes_left-L001	17	"[""1""]"	(1) <i>Kitāb al-Fihrist mit Anmerkungen heraus-</i>	AUTOMATIC_LITERAL_INDEX; source-image IDs excluded. Not a semantic quantity inventory or numerical correction.
AB01-PDF0017-notes_left-L002	17	"[""1871"", ""1872""]"	<i>gegeben von</i> <n>G. Flügel</n>, Leipzig 1871-1872, t. I,	AUTOMATIC_LITERAL_INDEX; source-image IDs excluded. Not a semantic quantity inventory or numerical correction.
AB01-PDF0017-notes_left-L003	17	"[""279""]"	p. 279; <i>Das Mathematiker-Verzeichniss im Fihrist</i>	AUTOMATIC_LITERAL_INDEX; source-image IDs excluded. Not a semantic quantity inventory or numerical correction.
AB01-PDF0017-notes_left-L005	17	"[""1892""]"	handl. z. Gesch. der Mathematik, fasc. VI, Leipzig 1892,	AUTOMATIC_LITERAL_INDEX; source-image IDs excluded. Not a semantic quantity inventory or numerical correction.
AB01-PDF0017-notes_left-L006	17	"[""35""]"	p. 35. — Scripsit sub finem IV saec. heg.	AUTOMATIC_LITERAL_INDEX; source-image IDs excluded. Not a semantic quantity inventory or numerical correction.
AB01-PDF0017-notes_left-L007	17	"[""2""]"	(2) In inedita « <i>Sapientum historia</i> »; locus de	AUTOMATIC_LITERAL_INDEX; source-image IDs excluded. Not a semantic quantity inventory or numerical correction.
AB01-PDF0017-notes_left-L010	17	"[""1760"", ""70"", ""344""]"	1760-70, t. I, p. 344, et, cum aliquot additamentis ex	AUTOMATIC_LITERAL_INDEX; source-image IDs excluded. Not a semantic quantity inventory or numerical correction.
AB01-PDF0017-notes_left-L015	17	"[""13"", ""646"", ""30"", ""1248""]"	est die 13 ramaḍān 646 (30 Dec. 1248).	AUTOMATIC_LITERAL_INDEX; source-image IDs excluded. Not a semantic quantity inventory or numerical correction.
AB01-PDF0017-notes_left-L016	17	"[""3""]"	(3) Quae solus <n>Ibn al-Qifṭī</n> habet Italicis seu	AUTOMATIC_LITERAL_INDEX; source-image IDs excluded. Not a semantic quantity inventory or numerical correction.
AB01-PDF0017-notes_left-L020	17	"[""4"", ""4""]"	(4) Arabice <i>zīǵ</i>; cfr. quae in § 4, nr. I dicam,	AUTOMATIC_LITERAL_INDEX; source-image IDs excluded. Not a semantic quantity inventory or numerical correction.
AB01-PDF0017-notes_left-L022	17	"[""5"", ""269""]"	(5) Perperam <n>Ibn al-Qifṭī</n> 269, quia in	AUTOMATIC_LITERAL_INDEX; source-image IDs excluded. Not a semantic quantity inventory or numerical correction.
AB01-PDF0017-notes_left-L025	17	"[""267"", ""11"", ""880""]"	tissimus. — Annus 267 heg. incepit die 11 Aug. 880	AUTOMATIC_LITERAL_INDEX; source-image IDs excluded. Not a semantic quantity inventory or numerical correction.
AB01-PDF0017-notes_left-L028	17	"[""12""]"	Iuxta usum civilem, die 12 Augusti.	AUTOMATIC_LITERAL_INDEX; source-image IDs excluded. Not a semantic quantity inventory or numerical correction.
AB01-PDF0017-notes_left-L029	17	"[""6"", ""6"", ""900""]"	(6) Inc. 6 Ian. 900.	AUTOMATIC_LITERAL_INDEX; source-image IDs excluded. Not a semantic quantity inventory or numerical correction.
AB01-PDF0017-notes_right-L001	17	"[""7""]"	(7) <n>Abū ’l-faḍl Ǵa‘far Ibn al-Muktafī</n>,	AUTOMATIC_LITERAL_INDEX; source-image IDs excluded. Not a semantic quantity inventory or numerical correction.
AB01-PDF0017-notes_right-L002	17	"[""289"", ""295""]"	khalifae al-Muktafī (289-295 heg.) filius, valde in	AUTOMATIC_LITERAL_INDEX; source-image IDs excluded. Not a semantic quantity inventory or numerical correction.
AB01-PDF0017-notes_right-L004	17	"[""294""]"	pientum historia versatus. Natus anno 294 (inc.	AUTOMATIC_LITERAL_INDEX; source-image IDs excluded. Not a semantic quantity inventory or numerical correction.
AB01-PDF0017-notes_right-L005	17	"[""21"", ""906"", ""377"", ""987""]"	21 Oct. 906), mortuus mense ṣafar 377 (Iunio 987);	AUTOMATIC_LITERAL_INDEX; source-image IDs excluded. Not a semantic quantity inventory or numerical correction.
AB01-PDF0017-notes_right-L008	17	"[""16"", ""275"", ""269""]"	<i>rist</i>, p. 16, 275, 269). De eo <n>Suter</n>, <i>Die Mathema-</i>	AUTOMATIC_LITERAL_INDEX; source-image IDs excluded. Not a semantic quantity inventory or numerical correction.
AB01-PDF0017-notes_right-L009	17	"[""64"", ""65"", ""142""]"	<i>tiker</i>, p. 64-65, nr. 142; <n>Ibn al-Qifṭī</n> apud <n>Ca-</n>	AUTOMATIC_LITERAL_INDEX; source-image IDs excluded. Not a semantic quantity inventory or numerical correction.
AB01-PDF0017-notes_right-L010	17	"[""422""]"	<n>siri</n> I, 422 et <n>Sédillot</n> p. xiv et xlvi-vii; <n>Abū</n>	AUTOMATIC_LITERAL_INDEX; source-image IDs excluded. Not a semantic quantity inventory or numerical correction.
AB01-PDF0017-notes_right-L012	17	"[""1890"", ""306"", ""307""]"	rūt 1890, p. 306-307.	AUTOMATIC_LITERAL_INDEX; source-image IDs excluded. Not a semantic quantity inventory or numerical correction.
AB01-PDF0017-notes_right-L013	17	"[""8""]"	(8) <ar>عن لسانه</ar>. Pro his <n>an-Nadīm</n>: « dicens se	AUTOMATIC_LITERAL_INDEX; source-image IDs excluded. Not a semantic quantity inventory or numerical correction.
AB01-PDF0017-notes_right-L016	17	"[""9"", ""12"", ""877""]"	(9) Inc. 12 Sept. 877.	AUTOMATIC_LITERAL_INDEX; source-image IDs excluded. Not a semantic quantity inventory or numerical correction.
AB01-PDF0017-notes_right-L017	17	"[""10"", ""13"", ""918""]"	(10) Inc. 13 Iunii 918.	AUTOMATIC_LITERAL_INDEX; source-image IDs excluded. Not a semantic quantity inventory or numerical correction.
AB01-PDF0017-notes_right-L018	17	"[""11"", ""267""]"	(11) Falsum pro 267, ut in adnotationibus ad	AUTOMATIC_LITERAL_INDEX; source-image IDs excluded. Not a semantic quantity inventory or numerical correction.
AB01-PDF0017-notes_right-L021	17	"[""12""]"	(12) An hoc pronomine al-Battānī quoque desi-	AUTOMATIC_LITERAL_INDEX; source-image IDs excluded. Not a semantic quantity inventory or numerical correction.
AB01-PDF0017-notes_right-L023	17	"[""13""]"	(13) Arabice <ar>وورد الى بغداد..... في ظلامات كانت لهم</ar>,	AUTOMATIC_LITERAL_INDEX; source-image IDs excluded. Not a semantic quantity inventory or numerical correction.
AB01-PDF0017-notes_right-L026	17	"[""291""]"	<i>ctionn. arabes</i> II, 291, s. v. <ar>ظلم</ar>; de peculiari sensu	AUTOMATIC_LITERAL_INDEX; source-image IDs excluded. Not a semantic quantity inventory or numerical correction.
AB01-PDF0017-notes_right-L029	17	"[""14"", ""13"", ""929""]"	(14) Inc. 13 Febr. 929.	AUTOMATIC_LITERAL_INDEX; source-image IDs excluded. Not a semantic quantity inventory or numerical correction.
AB01-PDF0018-body-L002	18	"[""1""]"	« tionis> ascensionum signorum <in spatiis inter quartas sphaerae caelestis>. — <i>Liber</i> (1)	AUTOMATIC_LITERAL_INDEX; source-image IDs excluded. Not a semantic quantity inventory or numerical correction.
AB01-PDF0018-body-L004	18	"[""2"", ""3""]"	« suit (2). — <i>Liber Commentarii in Tetrabiblum Ptolemaei</i> » (3).	AUTOMATIC_LITERAL_INDEX; source-image IDs excluded. Not a semantic quantity inventory or numerical correction.
AB01-PDF0018-body-L006	18	"[""4""]"	scripta, cuius auctor <n>Ṣā‘id al-Andalusī</n> (4), provenire existimo; verba enim ab « insigne	AUTOMATIC_LITERAL_INDEX; source-image IDs excluded. Not a semantic quantity inventory or numerical correction.
AB01-PDF0018-body-L008	18	"[""5""]"	<n>fah</n> ex illo Ṣā‘idi opere (5).	AUTOMATIC_LITERAL_INDEX; source-image IDs excluded. Not a semantic quantity inventory or numerical correction.
AB01-PDF0018-body-L010	18	"[""6""]"	recepit <n>Ibn Khallikān</n> (6): « Abū ‘Abd Allāh Muḥammad ibn Ǵābir ibn Sinān, Ḥarrānensis	AUTOMATIC_LITERAL_INDEX; source-image IDs excluded. Not a semantic quantity inventory or numerical correction.
AB01-PDF0018-body-L011	18	"[""7""]"	« origine, <i>incola ar-Raqqah</i> (7), al-Battānī, calculator et astronomus praeclarus, auctor operis	AUTOMATIC_LITERAL_INDEX; source-image IDs excluded. Not a semantic quantity inventory or numerical correction.
AB01-PDF0018-body-L013	18	"[""264"", ""306""]"	« perfectae. Observare anno 264 coepit, usque ad annum 306 [pergens]; stellas fixas in opere	AUTOMATIC_LITERAL_INDEX; source-image IDs excluded. Not a semantic quantity inventory or numerical correction.
AB01-PDF0018-body-L014	18	"[""299""]"	« astronomico suo ad annum 299 posuit. Unicus aetatis suae in arte sua; operationes eius	AUTOMATIC_LITERAL_INDEX; source-image IDs excluded. Not a semantic quantity inventory or numerical correction.
AB01-PDF0018-body-L015	18	"[""317""]"	« magnam eius excellentiam vastamque doctrinam indicant. Obiit anno 317, a Baghdād rediens,	AUTOMATIC_LITERAL_INDEX; source-image IDs excluded. Not a semantic quantity inventory or numerical correction.
AB01-PDF0018-body-L016	18	"[""8""]"	« loco Qaṣr al-Ḥaḍr (8) appellato. Eum islamiticam fidem amplexum esse non comperi; sed	AUTOMATIC_LITERAL_INDEX; source-image IDs excluded. Not a semantic quantity inventory or numerical correction.
AB01-PDF0018-body-L020	18	"[""9""]"	« <i>applicationum. — Liber quo explanarit</i> (9) <i>quatuor quartas sphaerae caelestis. — Epi-</i>	AUTOMATIC_LITERAL_INDEX; source-image IDs excluded. Not a semantic quantity inventory or numerical correction.
AB01-PDF0018-body-L021	18	"[""10""]"	« <i>stula de</i> (10) verificatione quantitatum applicationum. — Commentarius Tetrabibli Ptolemaei.	AUTOMATIC_LITERAL_INDEX; source-image IDs excluded. Not a semantic quantity inventory or numerical correction.
AB01-PDF0018-notes_left-L001	18	"[""1""]"	(1) <n>An-Nadīm</n>: « Et nota est eius epistula... ».	AUTOMATIC_LITERAL_INDEX; source-image IDs excluded. Not a semantic quantity inventory or numerical correction.
AB01-PDF0018-notes_left-L007	18	"[""2""]"	coniecerunt respuenda sunt, ut in § 2, nr. II, os-	AUTOMATIC_LITERAL_INDEX; source-image IDs excluded. Not a semantic quantity inventory or numerical correction.
AB01-PDF0018-notes_left-L009	18	"[""2""]"	(2) Verba « eum pro etc. » desunt in textu	AUTOMATIC_LITERAL_INDEX; source-image IDs excluded. Not a semantic quantity inventory or numerical correction.
AB01-PDF0018-notes_left-L013	18	"[""3""]"	(3) Deest apud <n>an-Nadīm</n>, qui tamen alio	AUTOMATIC_LITERAL_INDEX; source-image IDs excluded. Not a semantic quantity inventory or numerical correction.
AB01-PDF0018-notes_left-L014	18	"[""268"", ""20""]"	loco (p. 268, in vers. <n>Suter</n> p. 20) al-Battānī iis	AUTOMATIC_LITERAL_INDEX; source-image IDs excluded. Not a semantic quantity inventory or numerical correction.
AB01-PDF0018-notes_left-L016	18	"[""4"", ""420""]"	(4) Almeriae, in Hispania, natus anno 420 heg.	AUTOMATIC_LITERAL_INDEX; source-image IDs excluded. Not a semantic quantity inventory or numerical correction.
AB01-PDF0018-notes_left-L017	18	"[""19"", ""1029"", ""4""]"	(inc. 19 Ian. 1029); iudex Toleti, qua in urbe die 4	AUTOMATIC_LITERAL_INDEX; source-image IDs excluded. Not a semantic quantity inventory or numerical correction.
AB01-PDF0018-notes_left-L018	18	"[""462"", ""16"", ""1070""]"	shawwāl 462 (16 Iul. 1070) obiit. Illius operis per-	AUTOMATIC_LITERAL_INDEX; source-image IDs excluded. Not a semantic quantity inventory or numerical correction.
AB01-PDF0018-notes_left-L020	18	"[""5""]"	(5) <n>Ḥāǵī Khalfae</n> <i>Lexicon bibliographi-</i>	AUTOMATIC_LITERAL_INDEX; source-image IDs excluded. Not a semantic quantity inventory or numerical correction.
AB01-PDF0018-notes_left-L023	18	"[""1835"", ""58"", ""568"", ""6961""]"	<i>gel</i>, Leipzig-London 1835-58, t. III, p. 568, nr. 6961.	AUTOMATIC_LITERAL_INDEX; source-image IDs excluded. Not a semantic quantity inventory or numerical correction.
AB01-PDF0018-notes_right-L004	18	"[""611"", ""1""]"	apud <n>Chwolsohn</n> I, 611, adn. 1.	AUTOMATIC_LITERAL_INDEX; source-image IDs excluded. Not a semantic quantity inventory or numerical correction.
AB01-PDF0018-notes_right-L005	18	"[""6""]"	(6) <n>Ibn Challikan</n>, <i>Vitae illustrium vi-</i>	AUTOMATIC_LITERAL_INDEX; source-image IDs excluded. Not a semantic quantity inventory or numerical correction.
AB01-PDF0018-notes_right-L006	18	"[""1835"", ""42""]"	<i>rorum, edidit F. Wüstenfeld</i>, Gottingae 1835-42,	AUTOMATIC_LITERAL_INDEX; source-image IDs excluded. Not a semantic quantity inventory or numerical correction.
AB01-PDF0018-notes_right-L007	18	"[""719""]"	nr. 719; <i>Wafāyāt al-a‘yān</i>, Kahirae, typogr. al-	AUTOMATIC_LITERAL_INDEX; source-image IDs excluded. Not a semantic quantity inventory or numerical correction.
AB01-PDF0018-notes_right-L008	18	"[""1299"", ""506"", ""508""]"	-Waṭan, 1299 heg., t. II, p. 506-508; <n>Ibn Khalli-</n>	AUTOMATIC_LITERAL_INDEX; source-image IDs excluded. Not a semantic quantity inventory or numerical correction.
AB01-PDF0018-notes_right-L010	18	"[""1843"", ""71""]"	<i>Guckin de Slane</i>, Paris-London 1843-71, t. IV,	AUTOMATIC_LITERAL_INDEX; source-image IDs excluded. Not a semantic quantity inventory or numerical correction.
AB01-PDF0018-notes_right-L011	18	"[""317"", ""20"", ""26"", ""681""]"	p. 317-20. — Auctor obiit Damasci die 26 raǵab 681	AUTOMATIC_LITERAL_INDEX; source-image IDs excluded. Not a semantic quantity inventory or numerical correction.
AB01-PDF0018-notes_right-L012	18	"[""30"", ""1282""]"	(30 Oct. 1282).	AUTOMATIC_LITERAL_INDEX; source-image IDs excluded. Not a semantic quantity inventory or numerical correction.
AB01-PDF0018-notes_right-L013	18	"[""7""]"	(7) Haec in editione dumtaxat Wüstenfeldiana	AUTOMATIC_LITERAL_INDEX; source-image IDs excluded. Not a semantic quantity inventory or numerical correction.
AB01-PDF0018-notes_right-L015	18	"[""8""]"	(8) Al-Ḥaḍr <ar>الحضر</ar> corruptelam esse exemplaris	AUTOMATIC_LITERAL_INDEX; source-image IDs excluded. Not a semantic quantity inventory or numerical correction.
AB01-PDF0018-notes_right-L017	18	"[""1""]"	al-Ǵiṣṣ, sub finem § 1 ostendam.	AUTOMATIC_LITERAL_INDEX; source-image IDs excluded. Not a semantic quantity inventory or numerical correction.
AB01-PDF0018-notes_right-L018	18	"[""9""]"	(9) Ita ed. Wüstenfeld et versio Anglica De	AUTOMATIC_LITERAL_INDEX; source-image IDs excluded. Not a semantic quantity inventory or numerical correction.
AB01-PDF0018-notes_right-L022	18	"[""10""]"	(10) Verba Italicis seu inclinatis litteris impressa,	AUTOMATIC_LITERAL_INDEX; source-image IDs excluded. Not a semantic quantity inventory or numerical correction.
AB01-PDF0019-body-L002	19	"[""1""]"	« mad Hibat Allāh Ibn al-Akfānī (1) vocalem <i>i</i> esse affirmat. Est nomen a B..ttān derivatum,	AUTOMATIC_LITERAL_INDEX; source-image IDs excluded. Not a semantic quantity inventory or numerical correction.
AB01-PDF0019-body-L003	19	"[""2""]"	« pago (<ar>ناحية</ar>) agri (<ar>من أعمال</ar>) Ḥarrānensis (2) ..... In alia historia legi eum Baghdād intrasse, po-	AUTOMATIC_LITERAL_INDEX; source-image IDs excluded. Not a semantic quantity inventory or numerical correction.
AB01-PDF0019-body-L004	19	"[""3""]"	« stea ab ea profectum esse, ac in itinere, anno supra memorato, in Qaṣr al-Ǵiṣṣ (3) obiisse.	AUTOMATIC_LITERAL_INDEX; source-image IDs excluded. Not a semantic quantity inventory or numerical correction.
AB01-PDF0019-body-L007	19	"[""23"", ""732""]"	<n>Abū ’l-fidā’</n>, praeclarus historiae et geographiae scriptor qui die 23 muḥarram 732	AUTOMATIC_LITERAL_INDEX; source-image IDs excluded. Not a semantic quantity inventory or numerical correction.
AB01-PDF0019-body-L008	19	"[""26"", ""1331"", ""317""]"	(26 Oct. 1331) summum diem obiit, in <i>Annalibus</i>, s. a. 317, Ibn Khallikān sequitur, sed opus	AUTOMATIC_LITERAL_INDEX; source-image IDs excluded. Not a semantic quantity inventory or numerical correction.
AB01-PDF0019-body-L009	19	"[""4"", ""317""]"	astronomicum ipse in manibus habuisse videtur (4): « Hoc anno [317] mortuus est Muḥam-	AUTOMATIC_LITERAL_INDEX; source-image IDs excluded. Not a semantic quantity inventory or numerical correction.
AB01-PDF0019-body-L014	19	"[""264"", ""306""]"	« ctae. Observare anno 264 coepit, usque ad annum 306 [pergens]; stellas fixas in opere	AUTOMATIC_LITERAL_INDEX; source-image IDs excluded. Not a semantic quantity inventory or numerical correction.
AB01-PDF0019-body-L015	19	"[""299""]"	« astronomico suo ad annum 299 posuit. Eius opus astronomicum in duabus est editionibus,	AUTOMATIC_LITERAL_INDEX; source-image IDs excluded. Not a semantic quantity inventory or numerical correction.
AB01-PDF0019-body-L019	19	"[""5"", ""317""]"	<i>historia dynastiarum</i> narrat (5): « Anno 317 mortuus est Muḥammad ibn Ǵābir ibn Sinān	AUTOMATIC_LITERAL_INDEX; source-image IDs excluded. Not a semantic quantity inventory or numerical correction.
AB01-PDF0019-body-L023	19	"[""4"", ""855"", ""28"", ""1451""]"	Demum <n>al-‘Aynī</n>, qui Kahirae die 4 dhū ’l-ḥiǵǵah 855 (28 Dec. 1451) obiit, in chro-	AUTOMATIC_LITERAL_INDEX; source-image IDs excluded. Not a semantic quantity inventory or numerical correction.
AB01-PDF0019-body-L024	19	"[""615""]"	nico inedito <i>‘iqd al-ǵumān</i>, omnia fere Ibn Khallikāni verba, teste <n>Chwolsohn</n> I, 615,	AUTOMATIC_LITERAL_INDEX; source-image IDs excluded. Not a semantic quantity inventory or numerical correction.
AB01-PDF0019-notes_left-L005	19	"[""1""]"	(1) Quem De Slane, ad fidem auctoris libri <i>an-</i>	AUTOMATIC_LITERAL_INDEX; source-image IDs excluded. Not a semantic quantity inventory or numerical correction.
AB01-PDF0019-notes_left-L006	19	"[""523"", ""24"", ""1128""]"	<i>Nuǵūm</i>, anno 523 (inc. 24 Dec. 1128) mortuum dicit.	AUTOMATIC_LITERAL_INDEX; source-image IDs excluded. Not a semantic quantity inventory or numerical correction.
AB01-PDF0019-notes_left-L007	19	"[""2""]"	(2) Sequuntur nonnulla de vetustissimi oppidi	AUTOMATIC_LITERAL_INDEX; source-image IDs excluded. Not a semantic quantity inventory or numerical correction.
AB01-PDF0019-notes_left-L009	19	"[""3""]"	(3) Editiones omnes et versio De Slane hic et	AUTOMATIC_LITERAL_INDEX; source-image IDs excluded. Not a semantic quantity inventory or numerical correction.
AB01-PDF0019-notes_right-L002	19	"[""1846"", ""348""]"	gen 1846, p. 348. — Celeber geographus Yāqūt die	AUTOMATIC_LITERAL_INDEX; source-image IDs excluded. Not a semantic quantity inventory or numerical correction.
AB01-PDF0019-notes_right-L003	19	"[""20"", ""626"", ""12"", ""1229""]"	20 ramaḍān 626 obiit (12 Aug. 1229).	AUTOMATIC_LITERAL_INDEX; source-image IDs excluded. Not a semantic quantity inventory or numerical correction.
AB01-PDF0019-notes_right-L004	19	"[""4"", ""1286""]"	(4) Edit. Constantinopolitanae, anno 1286 heg.	AUTOMATIC_LITERAL_INDEX; source-image IDs excluded. Not a semantic quantity inventory or numerical correction.
AB01-PDF0019-notes_right-L005	19	"[""79""]"	impressae, t. II, p. 79; quam mihi benevolentissime	AUTOMATIC_LITERAL_INDEX; source-image IDs excluded. Not a semantic quantity inventory or numerical correction.
AB01-PDF0019-notes_right-L008	19	"[""1784"", ""94""]"	<i>tine opera et studiis J. J. Reiskii</i>, Hafniae 1784-94,	AUTOMATIC_LITERAL_INDEX; source-image IDs excluded. Not a semantic quantity inventory or numerical correction.
AB01-PDF0019-notes_right-L009	19	"[""358""]"	t. II, p. 358) verba Italicis litteris impressa (<ar>واسمه</ar>	AUTOMATIC_LITERAL_INDEX; source-image IDs excluded. Not a semantic quantity inventory or numerical correction.
AB01-PDF0019-notes_right-L013	19	"[""57""]"	Taurinorum asservato (nr. 57 Catalogi mei), quem	AUTOMATIC_LITERAL_INDEX; source-image IDs excluded. Not a semantic quantity inventory or numerical correction.
AB01-PDF0019-notes_right-L015	19	"[""5"", ""274""]"	(5) Ed. Ṣālḥānī p. 274. — Auctor mortuus est	AUTOMATIC_LITERAL_INDEX; source-image IDs excluded. Not a semantic quantity inventory or numerical correction.
AB01-PDF0019-notes_right-L016	19	"[""6""]"	in urbe Marāghah, prope lacum Ūrmiyah, die 6 ǵu-	AUTOMATIC_LITERAL_INDEX; source-image IDs excluded. Not a semantic quantity inventory or numerical correction.
AB01-PDF0019-notes_right-L017	19	"[""685"", ""30"", ""1286""]"	mādā II 685 (30 Iul. 1286).	AUTOMATIC_LITERAL_INDEX; source-image IDs excluded. Not a semantic quantity inventory or numerical correction.
AB01-PDF0020-body-L002	20	"[""1"", ""553"", ""1"", ""1158""]"	mismi (1) » paulo post 553 heg. (inc. 1 Febr. 1158) scripta, et, saeculo VII heg. (XIII Chr.),	AUTOMATIC_LITERAL_INDEX; source-image IDs excluded. Not a semantic quantity inventory or numerical correction.
AB01-PDF0020-body-L004	20	"[""2""]"	« animorum delectamentum et oblectationis horti (2) ». Ambo inedita; de Albatenio locos, quos	AUTOMATIC_LITERAL_INDEX; source-image IDs excluded. Not a semantic quantity inventory or numerical correction.
AB01-PDF0020-body-L009	20	"[""3""]"	<ar>الرصد المشهور بعد أيام المأمون وكان <حكيماً> عارفاً بتفاصيل أجزاء</ar> (3) <ar>علوم الحكمة وقد انفق أموالاً في الرصد وبتّان قرية</ar>	AUTOMATIC_LITERAL_INDEX; source-image IDs excluded. Not a semantic quantity inventory or numerical correction.
AB01-PDF0020-body-L010	20	"[""4"", ""5""]"	<ar><في حدود</ar> (4) <ar>> حرّان واليها يُنْسَب <محمد بن جابر</ar> (5) <ar>وما نُقِل عنه كُدُورة العمر في جار السّوء والولد العاقّ</ar>	AUTOMATIC_LITERAL_INDEX; source-image IDs excluded. Not a semantic quantity inventory or numerical correction.
AB01-PDF0020-body-L012	20	"[""6""]"	« <i>scilicet Muḥammad ibn Ǵābir ibn Sinān ibn Thābit ibn Qurrah al-Ḥarrānī</i> (6), domi-	AUTOMATIC_LITERAL_INDEX; source-image IDs excluded. Not a semantic quantity inventory or numerical correction.
AB01-PDF0020-body-L013	20	"[""7""]"	« nus speculae (7) celeberrimae, post aetatem al-Ma’mūn. Erat <i>sapiens</i>, in subtiliter distin-	AUTOMATIC_LITERAL_INDEX; source-image IDs excluded. Not a semantic quantity inventory or numerical correction.
AB01-PDF0020-body-L014	20	"[""8""]"	« guendo partes disciplinarum philosophiae (8) versatus. Divitias impendit in speculam. Battān	AUTOMATIC_LITERAL_INDEX; source-image IDs excluded. Not a semantic quantity inventory or numerical correction.
AB01-PDF0020-body-L015	20	"[""9"", ""10""]"	« vicus est <i>in finibus</i> (9) Ḥarrān; ab eo nomen relativum <i>Muḥammad ibn Ǵābir</i> (10) accepit.	AUTOMATIC_LITERAL_INDEX; source-image IDs excluded. Not a semantic quantity inventory or numerical correction.
AB01-PDF0020-body-L023	20	"[""11""]"	Pauca de nominibus propriis Arabicis praemittenda sunt (11). Apud Muslimos parentes li-	AUTOMATIC_LITERAL_INDEX; source-image IDs excluded. Not a semantic quantity inventory or numerical correction.
AB01-PDF0020-notes_left-L001	20	"[""1"", ""9"", ""10""]"	(1) Fol. 9,v.-10,r. codicis Berolinensis (<n>Ahl-</n>	AUTOMATIC_LITERAL_INDEX; source-image IDs excluded. Not a semantic quantity inventory or numerical correction.
AB01-PDF0020-notes_left-L002	20	"[""457"", ""10052""]"	<n>wardt</n>, <i>Verzeichniss</i>, t. IX, p. 457, nr. 10052).	AUTOMATIC_LITERAL_INDEX; source-image IDs excluded. Not a semantic quantity inventory or numerical correction.
AB01-PDF0020-notes_left-L003	20	"[""2"", ""146""]"	(2) Fol. 146,r.-v. cod. Berolinensis (<n>Ahlwardt</n>	AUTOMATIC_LITERAL_INDEX; source-image IDs excluded. Not a semantic quantity inventory or numerical correction.
AB01-PDF0020-notes_left-L004	20	"[""459"", ""10055""]"	IX, 459, nr. 10055).	AUTOMATIC_LITERAL_INDEX; source-image IDs excluded. Not a semantic quantity inventory or numerical correction.
AB01-PDF0020-notes_left-L005	20	"[""3""]"	(3) Al-Bayhaqī <ar>اجراء</ar>.	AUTOMATIC_LITERAL_INDEX; source-image IDs excluded. Not a semantic quantity inventory or numerical correction.
AB01-PDF0020-notes_left-L006	20	"[""4""]"	(4) Pro his ash-Shahrazūrī <ar>من قرى</ar>.	AUTOMATIC_LITERAL_INDEX; source-image IDs excluded. Not a semantic quantity inventory or numerical correction.
AB01-PDF0020-notes_left-L007	20	"[""5""]"	(5) Pro his ash-Shahr. <ar>الشيخ الفاضل</ar>; reliqua	AUTOMATIC_LITERAL_INDEX; source-image IDs excluded. Not a semantic quantity inventory or numerical correction.
AB01-PDF0020-notes_left-L009	20	"[""6""]"	(6) Al-Bayhaqī manifeste Sinān avum Albate-	AUTOMATIC_LITERAL_INDEX; source-image IDs excluded. Not a semantic quantity inventory or numerical correction.
AB01-PDF0020-notes_left-L011	20	"[""14""]"	dico, astronomo et mathematico, qui 14 annos post	AUTOMATIC_LITERAL_INDEX; source-image IDs excluded. Not a semantic quantity inventory or numerical correction.
AB01-PDF0020-notes_left-L013	20	"[""7""]"	(7) Hoc sensu <ar>رَصَد</ar> usurpari satis colligitur e	AUTOMATIC_LITERAL_INDEX; source-image IDs excluded. Not a semantic quantity inventory or numerical correction.
AB01-PDF0020-notes_left-L015	20	"[""533""]"	I, 533,<i>a</i> laudatis, <n>al-Kutubī</n>, <i>Fawāt al-wafayāt</i>,	AUTOMATIC_LITERAL_INDEX; source-image IDs excluded. Not a semantic quantity inventory or numerical correction.
AB01-PDF0020-notes_left-L016	20	"[""1299"", ""151""]"	ed. altera, Būlāq 1299 heg., t. II, p. 151 (in vita Na-	AUTOMATIC_LITERAL_INDEX; source-image IDs excluded. Not a semantic quantity inventory or numerical correction.
AB01-PDF0020-notes_left-L018	20	"[""465""]"	<ar>ابرخس</ar> et <ar>البتاني</ar>), et <n>Ḥāǵǵī Khalīfah</n> III, p. 465-	AUTOMATIC_LITERAL_INDEX; source-image IDs excluded. Not a semantic quantity inventory or numerical correction.
AB01-PDF0020-notes_left-L019	20	"[""70"", ""6460""]"	-70, nr. 6460 sqq.	AUTOMATIC_LITERAL_INDEX; source-image IDs excluded. Not a semantic quantity inventory or numerical correction.
AB01-PDF0020-notes_left-L020	20	"[""8""]"	(8) <i>Al-ḥikmah</i> est philosophia sensu latissimo,	AUTOMATIC_LITERAL_INDEX; source-image IDs excluded. Not a semantic quantity inventory or numerical correction.
AB01-PDF0020-notes_right-L001	20	"[""1845""]"	<n>dschani</n>, <i>Definitiones, ed. G. Flügel</i>, Lipsiae 1845,	AUTOMATIC_LITERAL_INDEX; source-image IDs excluded. Not a semantic quantity inventory or numerical correction.
AB01-PDF0020-notes_right-L002	20	"[""96""]"	p. 96; <n>at-Tahānawī</n>, <i>Kashf iṣṭilāḥāt al-funūn</i>,	AUTOMATIC_LITERAL_INDEX; source-image IDs excluded. Not a semantic quantity inventory or numerical correction.
AB01-PDF0020-notes_right-L003	20	"[""1317"", ""41""]"	Constantinopoli 1317 heg. sqq., introductionis p. 41-	AUTOMATIC_LITERAL_INDEX; source-image IDs excluded. Not a semantic quantity inventory or numerical correction.
AB01-PDF0020-notes_right-L004	20	"[""47""]"	-47. Scientiarum autem <i>partes</i> sunt earum obiectum	AUTOMATIC_LITERAL_INDEX; source-image IDs excluded. Not a semantic quantity inventory or numerical correction.
AB01-PDF0020-notes_right-L007	20	"[""8"", ""14""]"	trod. p. 8-14.	AUTOMATIC_LITERAL_INDEX; source-image IDs excluded. Not a semantic quantity inventory or numerical correction.
AB01-PDF0020-notes_right-L008	20	"[""9""]"	(9) Ash-Shahrazūrī: « e vicis ».	AUTOMATIC_LITERAL_INDEX; source-image IDs excluded. Not a semantic quantity inventory or numerical correction.
AB01-PDF0020-notes_right-L009	20	"[""10""]"	(10) Ash-Shahrazūrī: « insignis vir ». Sequentia	AUTOMATIC_LITERAL_INDEX; source-image IDs excluded. Not a semantic quantity inventory or numerical correction.
AB01-PDF0020-notes_right-L011	20	"[""11""]"	(11) Materies nec parva nec facilis; nobis neces-	AUTOMATIC_LITERAL_INDEX; source-image IDs excluded. Not a semantic quantity inventory or numerical correction.
AB01-PDF0020-notes_right-L014	20	"[""3"", ""1854""]"	<i>sulmans</i>, in Journal Asiatique, ser. V, t. 3, 1854,	AUTOMATIC_LITERAL_INDEX; source-image IDs excluded. Not a semantic quantity inventory or numerical correction.
AB01-PDF0020-notes_right-L015	20	"[""422"", ""510"", ""1878""]"	p. 422-510 (multis additionibus auctus anno 1878	AUTOMATIC_LITERAL_INDEX; source-image IDs excluded. Not a semantic quantity inventory or numerical correction.
AB01-PDF0020-notes_right-L019	20	"[""1879"", ""171"", ""237""]"	1879, p. 171-237; item Arabica commentaria in li-	AUTOMATIC_LITERAL_INDEX; source-image IDs excluded. Not a semantic quantity inventory or numerical correction.
AB01-PDF0021-body-L004	21	"[""1""]"	raro additur quod Arabes <i>kunyah</i> appellant, seu nomen voce <i>Abū</i> « pater » compositum (1);	AUTOMATIC_LITERAL_INDEX; source-image IDs excluded. Not a semantic quantity inventory or numerical correction.
AB01-PDF0021-body-L006	21	"[""2""]"	‘Abd Allāh habuit (2). Adhibentur demum quoque <i>nomina relativa (nisbah)</i>, a nominibus	AUTOMATIC_LITERAL_INDEX; source-image IDs excluded. Not a semantic quantity inventory or numerical correction.
AB01-PDF0021-body-L016	21	"[""3"", ""4""]"	nem, affirmat (3); sed unde petitum nescio an etiam docuerit. — Eodem saeculo <n>as-Sam‘ānī</n> (4),	AUTOMATIC_LITERAL_INDEX; source-image IDs excluded. Not a semantic quantity inventory or numerical correction.
AB01-PDF0021-body-L022	21	"[""5""]"	p. xi. Postea <n>Yāqūt</n>, in magno Lexico geographico (5), scribit: « Battān, e pagis (<ar>نواحي</ar>) Ḥar-	AUTOMATIC_LITERAL_INDEX; source-image IDs excluded. Not a semantic quantity inventory or numerical correction.
AB01-PDF0021-body-L024	21	"[""6""]"	« Ibn al-Akfānī memorat cum vocali <i>i</i> post <i>b</i> (6) ».	AUTOMATIC_LITERAL_INDEX; source-image IDs excluded. Not a semantic quantity inventory or numerical correction.
AB01-PDF0021-body-L026	21	"[""7""]"	in Lexico nominum propriorum quae facile inter se in scriptura confunduntur (7), dicit: « Al-	AUTOMATIC_LITERAL_INDEX; source-image IDs excluded. Not a semantic quantity inventory or numerical correction.
AB01-PDF0021-body-L027	21	"[""8""]"	« -Bittānī (8). Muḥammad ibn Ǵābir ibn Sinān al-Ḥarrānī al-Bittānī aṣ-Ṣābi’, operis astrono-	AUTOMATIC_LITERAL_INDEX; source-image IDs excluded. Not a semantic quantity inventory or numerical correction.
AB01-PDF0021-body-L028	21	"[""300"", ""9""]"	« mici auctor; mortuus post [annum] 300. Bittān (9) e vicis (<ar>قرى</ar>) Ḥarrān ».	AUTOMATIC_LITERAL_INDEX; source-image IDs excluded. Not a semantic quantity inventory or numerical correction.
AB01-PDF0021-body-L029	21	"[""12"", ""817"", ""25"", ""1414""]"	Demum <n>al-Fīrūzābādī</n>, die 12 shawwāl 817 (25 Dec. 1414) mortuus, in celeberrimo	AUTOMATIC_LITERAL_INDEX; source-image IDs excluded. Not a semantic quantity inventory or numerical correction.
AB01-PDF0021-notes_left-L001	21	"[""1""]"	(1) Longe rarius voce <i>ibn</i> « filius ».	AUTOMATIC_LITERAL_INDEX; source-image IDs excluded. Not a semantic quantity inventory or numerical correction.
AB01-PDF0021-notes_left-L002	21	"[""2""]"	(2) Interdum kunyah nonnisi honoris causa im-	AUTOMATIC_LITERAL_INDEX; source-image IDs excluded. Not a semantic quantity inventory or numerical correction.
AB01-PDF0021-notes_left-L006	21	"[""3""]"	(3) Testibus <n>Ibn Khallikān</n> iam adducto,	AUTOMATIC_LITERAL_INDEX; source-image IDs excluded. Not a semantic quantity inventory or numerical correction.
AB01-PDF0021-notes_left-L007	21	"[""5""]"	<n>Yāqūt</n> quem in adnot. 5 laudabo, et lexico <i>Tāǵ</i>	AUTOMATIC_LITERAL_INDEX; source-image IDs excluded. Not a semantic quantity inventory or numerical correction.
AB01-PDF0021-notes_left-L008	21	"[""134""]"	<i>al-‘arūs</i> t. IX, p. 134. Cfr. quoque Albatenii vitam	AUTOMATIC_LITERAL_INDEX; source-image IDs excluded. Not a semantic quantity inventory or numerical correction.
AB01-PDF0021-notes_left-L010	21	"[""4"", ""562"", ""1167""]"	(4) Mortuus mense rabī‘ I 562 (Ianuario 1167).	AUTOMATIC_LITERAL_INDEX; source-image IDs excluded. Not a semantic quantity inventory or numerical correction.
AB01-PDF0021-notes_left-L011	21	"[""5""]"	(5) <n>Jacut’s</n> <i>geographisches Wörterbuch he-</i>	AUTOMATIC_LITERAL_INDEX; source-image IDs excluded. Not a semantic quantity inventory or numerical correction.
AB01-PDF0021-notes_left-L012	21	"[""1866"", ""73""]"	<i>rausgegeben von F. Wüstenfeld</i>; Leipzig 1866-73,	AUTOMATIC_LITERAL_INDEX; source-image IDs excluded. Not a semantic quantity inventory or numerical correction.
AB01-PDF0021-notes_left-L013	21	"[""487"", ""3""]"	t. I, p. 487. — De auctoris aetate v. supra p. x, adn. 3.	AUTOMATIC_LITERAL_INDEX; source-image IDs excluded. Not a semantic quantity inventory or numerical correction.
AB01-PDF0021-notes_left-L014	21	"[""6""]"	(6) In huius Lexici geographici compendio <i>Ma-</i>	AUTOMATIC_LITERAL_INDEX; source-image IDs excluded. Not a semantic quantity inventory or numerical correction.
AB01-PDF0021-notes_right-L002	21	"[""739""]"	<n>al-Mu’min ibn ‘Abd al-Ḥaqq</n> (m. 739, inc.	AUTOMATIC_LITERAL_INDEX; source-image IDs excluded. Not a semantic quantity inventory or numerical correction.
AB01-PDF0021-notes_right-L003	21	"[""19"", ""1338""]"	19 Iul. 1338) confecto: « B..ttān ex pagis Ḥarrān »	AUTOMATIC_LITERAL_INDEX; source-image IDs excluded. Not a semantic quantity inventory or numerical correction.
AB01-PDF0021-notes_right-L005	21	"[""1850""]"	<i>Arabice ed. T. G. J. Juynboll</i>, Lugduni Batav. 1850-	AUTOMATIC_LITERAL_INDEX; source-image IDs excluded. Not a semantic quantity inventory or numerical correction.
AB01-PDF0021-notes_right-L006	21	"[""64"", ""125""]"	-64, t. I, p. 125).	AUTOMATIC_LITERAL_INDEX; source-image IDs excluded. Not a semantic quantity inventory or numerical correction.
AB01-PDF0021-notes_right-L007	21	"[""7""]"	(7) <i>Al-Moschtabih, auctore Schamso ’d-din</i>	AUTOMATIC_LITERAL_INDEX; source-image IDs excluded. Not a semantic quantity inventory or numerical correction.
AB01-PDF0021-notes_right-L009	21	"[""1881"", ""56""]"	<i>a P. de Jong</i>, Lugduni Batavorum 1881, p. 56. —	AUTOMATIC_LITERAL_INDEX; source-image IDs excluded. Not a semantic quantity inventory or numerical correction.
AB01-PDF0021-notes_right-L010	21	"[""3"", ""748"", ""4"", ""1348""]"	Auctor mortuus 3 Dhū ’l-qa‘dah 748, sive 4 Febr. 1348.	AUTOMATIC_LITERAL_INDEX; source-image IDs excluded. Not a semantic quantity inventory or numerical correction.
AB01-PDF0021-notes_right-L011	21	"[""8""]"	(8) Vocalis <i>i</i> in textu Arabico impresso nescio	AUTOMATIC_LITERAL_INDEX; source-image IDs excluded. Not a semantic quantity inventory or numerical correction.
AB01-PDF0021-notes_right-L013	21	"[""9""]"	(9) In textu ambabus vocalibus littera <i>B</i> in-	AUTOMATIC_LITERAL_INDEX; source-image IDs excluded. Not a semantic quantity inventory or numerical correction.
AB01-PDF0022-body-L001	22	"[""1""]"	illud lexicon composuit <n>Murtaḍā az-Zabīdī</n> (1): « B..ttān, cum <i>i</i> <iuxta <n>Ibn al-Ak-</n>	AUTOMATIC_LITERAL_INDEX; source-image IDs excluded. Not a semantic quantity inventory or numerical correction.
AB01-PDF0022-body-L003	22	"[""2""]"	« Ḥarrān, a quo Aḥmad <ita in codicibus, sed potius, iuxta quae in at-tabṣīr (2) et al-mu‘-	AUTOMATIC_LITERAL_INDEX; source-image IDs excluded. Not a semantic quantity inventory or numerical correction.
AB01-PDF0022-body-L004	22	"[""3""]"	« ǵam (3) sunt, Muḥammad> ibn Ǵābir <ibn Sinān al-Ḥarrānī> al-Battānī <aṣ-Ṣābi’> astro-	AUTOMATIC_LITERAL_INDEX; source-image IDs excluded. Not a semantic quantity inventory or numerical correction.
AB01-PDF0022-body-L005	22	"[""800"", ""4""]"	« nomus <operis astronomici auctor; mortuus est post [annum] 800> (4) ».	AUTOMATIC_LITERAL_INDEX; source-image IDs excluded. Not a semantic quantity inventory or numerical correction.
AB01-PDF0022-body-L018	22	"[""611""]"	Aliam sententiam <n>Chwolsohn</n> I, 611 protulit: « Iuxta an-Nadīm et [Ibn] al-Qifṭī ori-	AUTOMATIC_LITERAL_INDEX; source-image IDs excluded. Not a semantic quantity inventory or numerical correction.
AB01-PDF0022-body-L023	22	"[""480""]"	<n>Chwolsohn</n> I, 480, <i>Baltān</i> putat veterum <i>Bathnas</i> vel <i>Batnas</i> (<gr>Βάτναι</gr>) esse, Osrhoënis	AUTOMATIC_LITERAL_INDEX; source-image IDs excluded. Not a semantic quantity inventory or numerical correction.
AB01-PDF0022-body-L025	22	"[""5"", ""116""]"	obtinentem (5); a Macedonibus conditam, a Traiano anno 116 Chr. expugnatam. Celeberrima	AUTOMATIC_LITERAL_INDEX; source-image IDs excluded. Not a semantic quantity inventory or numerical correction.
AB01-PDF0022-body-L026	22	"[""6""]"	apud Syros nomine <glyph>AB01-PDF0022-G01</glyph> <i>Baṭnān</i> (6), ab Arabibus <i>Sarūǵ</i> nuncupata, hodie <i>Eskī Sarūǵ</i>. In	AUTOMATIC_LITERAL_INDEX; source-image IDs excluded. Not a semantic quantity inventory or numerical correction.
AB01-PDF0022-body-L027	22	"[""7""]"	<n>Isidori Characeni</n> <i>Mansionibus Parthicis</i>, cap. III (7), memoratur castellum <gr>Κοραία ἥ</gr>	AUTOMATIC_LITERAL_INDEX; source-image IDs excluded. Not a semantic quantity inventory or numerical correction.
AB01-PDF0022-body-L028	22	"[""8""]"	<gr>ἐν Βατάνῃ</gr>, ubi <gr>Βατάνη</gr>, nomen oppidi, ad eius agrum translatum videtur (8); unus codicum	AUTOMATIC_LITERAL_INDEX; source-image IDs excluded. Not a semantic quantity inventory or numerical correction.
AB01-PDF0022-notes_left-L001	22	"[""1"", ""1307""]"	(1) <i>Tāǵ al-‘arūs</i>, Kahirae 1307 heg., t. IX,	AUTOMATIC_LITERAL_INDEX; source-image IDs excluded. Not a semantic quantity inventory or numerical correction.
AB01-PDF0022-notes_left-L002	22	"[""134""]"	pag. 134.	AUTOMATIC_LITERAL_INDEX; source-image IDs excluded. Not a semantic quantity inventory or numerical correction.
AB01-PDF0022-notes_left-L003	22	"[""2""]"	(2) Titulus lexici nominum propriorum inter	AUTOMATIC_LITERAL_INDEX; source-image IDs excluded. Not a semantic quantity inventory or numerical correction.
AB01-PDF0022-notes_left-L005	22	"[""28"", ""852"", ""23""]"	<n>‘Asqalānī</n>, m. 28 Dhū ’l-ḥiǵǵah 852 seu 23 Fe-	AUTOMATIC_LITERAL_INDEX; source-image IDs excluded. Not a semantic quantity inventory or numerical correction.
AB01-PDF0022-notes_left-L006	22	"[""1449""]"	bruarii 1449. Opus ineditum.	AUTOMATIC_LITERAL_INDEX; source-image IDs excluded. Not a semantic quantity inventory or numerical correction.
AB01-PDF0022-notes_left-L007	22	"[""3""]"	(3) Titulus magni lexici geographici <n>Yāqūt</n>.	AUTOMATIC_LITERAL_INDEX; source-image IDs excluded. Not a semantic quantity inventory or numerical correction.
AB01-PDF0022-notes_left-L008	22	"[""4"", ""300""]"	(4) Scripturae error (<ar>ثمانمائة</ar>) loco <ar>ثلاثمائة</ar> 300 quod	AUTOMATIC_LITERAL_INDEX; source-image IDs excluded. Not a semantic quantity inventory or numerical correction.
AB01-PDF0022-notes_left-L010	22	"[""5""]"	(5) In mappa <n>R. Kiepert</n>, <i>Syrien und Me-</i>	AUTOMATIC_LITERAL_INDEX; source-image IDs excluded. Not a semantic quantity inventory or numerical correction.
AB01-PDF0022-notes_left-L011	22	"[""1"", ""850000""]"	<i>sopotamien</i> 1 : 850000, fol. I (adiecta operi <n>M. von</n>	AUTOMATIC_LITERAL_INDEX; source-image IDs excluded. Not a semantic quantity inventory or numerical correction.
AB01-PDF0022-notes_left-L013	22	"[""1899"", ""1900"", ""38°"", ""27′"", ""36°"", ""58′""]"	<i>Golf</i>, Berlin 1899-1900), est 38° 27′ E Gr., 36° 58′	AUTOMATIC_LITERAL_INDEX; source-image IDs excluded. Not a semantic quantity inventory or numerical correction.
AB01-PDF0022-notes_right-L001	22	"[""6""]"	(6) Urbis territorium Syri vocabant <i>Srūg</i>, unde	AUTOMATIC_LITERAL_INDEX; source-image IDs excluded. Not a semantic quantity inventory or numerical correction.
AB01-PDF0022-notes_right-L006	22	"[""1719"", ""28""]"	<i>talis Clementino-Vaticana</i>, Romae 1719-28, passim.	AUTOMATIC_LITERAL_INDEX; source-image IDs excluded. Not a semantic quantity inventory or numerical correction.
AB01-PDF0022-notes_right-L009	22	"[""7""]"	(7) <i>Geographi Graeci minores ed. Miller</i>, Pa-	AUTOMATIC_LITERAL_INDEX; source-image IDs excluded. Not a semantic quantity inventory or numerical correction.
AB01-PDF0022-notes_right-L010	22	"[""1849"", ""246""]"	risiis 1849, t. I, p. 246.	AUTOMATIC_LITERAL_INDEX; source-image IDs excluded. Not a semantic quantity inventory or numerical correction.
AB01-PDF0022-notes_right-L011	22	"[""8""]"	(8) Quid autem fuerit castellum <gr>Κοραία</gr> ignora-	AUTOMATIC_LITERAL_INDEX; source-image IDs excluded. Not a semantic quantity inventory or numerical correction.
AB01-PDF0022-notes_right-L013	22	"[""1118"", ""19""]"	tabat; <n>Ritter</n>, <i>Erdkunde</i> t. X, p. 1118-19, prope	AUTOMATIC_LITERAL_INDEX; source-image IDs excluded. Not a semantic quantity inventory or numerical correction.
AB01-PDF0023-body-L003	23	"[""1""]"	Arabicum recepta sunt, sive per virorum doctorum scripta (1).	AUTOMATIC_LITERAL_INDEX; source-image IDs excluded. Not a semantic quantity inventory or numerical correction.
AB01-PDF0023-body-L005	23	"[""244"", ""18"", ""858"", ""264""]"	annum 244 heg. (inc. 18 Apr. 858) natum esse non dubito, cum anno iam 264 observare in-	AUTOMATIC_LITERAL_INDEX; source-image IDs excluded. Not a semantic quantity inventory or numerical correction.
AB01-PDF0023-body-L007	23	"[""2"", ""284""]"	fuisse videtur ille <n>Ǵābir ibn Sinān al-Ḥarrānī</n> (2), qui ab <n>an-Nadīm</n> p. 284 (vers. Su-	AUTOMATIC_LITERAL_INDEX; source-image IDs excluded. Not a semantic quantity inventory or numerical correction.
AB01-PDF0023-body-L008	23	"[""42"", ""3""]"	ter p. 42) inter praeclaros instrumentorum astronomicorum artifices (3) memoratur. Quapropter	AUTOMATIC_LITERAL_INDEX; source-image IDs excluded. Not a semantic quantity inventory or numerical correction.
AB01-PDF0023-body-L012	23	"[""4""]"	Ḥarrān (4), in inscriptionibus Assyrio-babyloniis cuneatis <i>Ḥarrān</i>, in Veteri Testamento	AUTOMATIC_LITERAL_INDEX; source-image IDs excluded. Not a semantic quantity inventory or numerical correction.
AB01-PDF0023-body-L014	23	"[""5""]"	urbs, inde ab antiquissimis temporibus praecipua sedes cultus Dei <i>Sīn</i> i. e. Lunae (5); reli-	AUTOMATIC_LITERAL_INDEX; source-image IDs excluded. Not a semantic quantity inventory or numerical correction.
AB01-PDF0023-body-L018	23	"[""6""]"	ab hegira saeculis servavit (6), dum viri docti doctrinas metaphysicas profitebantur in quibus	AUTOMATIC_LITERAL_INDEX; source-image IDs excluded. Not a semantic quantity inventory or numerical correction.
AB01-PDF0023-body-L020	23	"[""7"", ""215"", ""830""]"	xandrinos (7); Ḥarrānenses tamen, inde ab anno 215 heg., 830 Chr., ut religionem suam libere	AUTOMATIC_LITERAL_INDEX; source-image IDs excluded. Not a semantic quantity inventory or numerical correction.
AB01-PDF0023-notes_left-L001	23	"[""1""]"	(1) Difficultas etiam in priore <i>n</i> deperdito. —	AUTOMATIC_LITERAL_INDEX; source-image IDs excluded. Not a semantic quantity inventory or numerical correction.
AB01-PDF0023-notes_left-L006	23	"[""37"", ""54""]"	t. II, p. 37-54, qua multae urbes non maiores Sarūgo	AUTOMATIC_LITERAL_INDEX; source-image IDs excluded. Not a semantic quantity inventory or numerical correction.
AB01-PDF0023-notes_left-L010	23	"[""41"", ""152""]"	(t. II, p. 41, nr. 152), sed ad latitudinem eius voluit	AUTOMATIC_LITERAL_INDEX; source-image IDs excluded. Not a semantic quantity inventory or numerical correction.
AB01-PDF0023-notes_left-L012	23	"[""67""]"	dere (t. II, p. 67).	AUTOMATIC_LITERAL_INDEX; source-image IDs excluded. Not a semantic quantity inventory or numerical correction.
AB01-PDF0023-notes_left-L013	23	"[""2""]"	(2) Quod primus <n>Flügel</n> in adnot. ad <n>an-</n>	AUTOMATIC_LITERAL_INDEX; source-image IDs excluded. Not a semantic quantity inventory or numerical correction.
AB01-PDF0023-notes_left-L014	23	"[""135""]"	<n>-Nadīm</n> (t. II, p. 135) feliciter coniecit. False om-	AUTOMATIC_LITERAL_INDEX; source-image IDs excluded. Not a semantic quantity inventory or numerical correction.
AB01-PDF0023-notes_left-L016	23	"[""1779"", ""592""]"	Paris 1779, t. I, p. 592: « On imagine que ce Geber,	AUTOMATIC_LITERAL_INDEX; source-image IDs excluded. Not a semantic quantity inventory or numerical correction.
AB01-PDF0023-notes_left-L020	23	"[""3"", ""284""]"	(3) Eorum novem <n>an-Nadīm</n> I, 284 (vers.	AUTOMATIC_LITERAL_INDEX; source-image IDs excluded. Not a semantic quantity inventory or numerical correction.
AB01-PDF0023-notes_left-L021	23	"[""41"", ""42""]"	Suter 41-42) recenset qui Ḥarrānenses erant; his enim	AUTOMATIC_LITERAL_INDEX; source-image IDs excluded. Not a semantic quantity inventory or numerical correction.
AB01-PDF0023-notes_left-L023	23	"[""31""]"	ostendit <n>aṣ-Ṣūfī</n>, ed. Schjellerup, p. 31. — <n>Stein-</n>	AUTOMATIC_LITERAL_INDEX; source-image IDs excluded. Not a semantic quantity inventory or numerical correction.
AB01-PDF0023-notes_left-L025	23	"[""1902"", ""3"", ""5""]"	<i>nomen</i>, in Orient. Litteratur-Zeit., t. V, 1902, col. 3-5,	AUTOMATIC_LITERAL_INDEX; source-image IDs excluded. Not a semantic quantity inventory or numerical correction.
AB01-PDF0023-notes_left-L027	23	"[""4""]"	(4) Ad dexteram fluvii Belīkh (arx vero ad si-	AUTOMATIC_LITERAL_INDEX; source-image IDs excluded. Not a semantic quantity inventory or numerical correction.
AB01-PDF0023-notes_right-L001	23	"[""39°"", ""8′"", ""36°"", ""53′""]"	nistram). In mappa <n>R. Kiepert</n> 39° 8′ E Gr., 36° 53′	AUTOMATIC_LITERAL_INDEX; source-image IDs excluded. Not a semantic quantity inventory or numerical correction.
AB01-PDF0023-notes_right-L002	23	"[""36°"", ""40′""]"	N; latitudo Albateniana (36° 40′) iam apud <n>al-Khu-</n>	AUTOMATIC_LITERAL_INDEX; source-image IDs excluded. Not a semantic quantity inventory or numerical correction.
AB01-PDF0023-notes_right-L006	23	"[""1843"", ""1844""]"	t. X (1843) et XI (1844) passim; <n>G. P. Badger</n>,	AUTOMATIC_LITERAL_INDEX; source-image IDs excluded. Not a semantic quantity inventory or numerical correction.
AB01-PDF0023-notes_right-L007	23	"[""1852""]"	<i>The Nestorian and their rituals</i>, London 1852, t. I,	AUTOMATIC_LITERAL_INDEX; source-image IDs excluded. Not a semantic quantity inventory or numerical correction.
AB01-PDF0023-notes_right-L008	23	"[""340""]"	p. 340 sqq.; <n>E. Sachau</n>, <i>Reise in Syrien und Me-</i>	AUTOMATIC_LITERAL_INDEX; source-image IDs excluded. Not a semantic quantity inventory or numerical correction.
AB01-PDF0023-notes_right-L009	23	"[""1883""]"	<i>sopotamien</i>, Leipzig 1883.	AUTOMATIC_LITERAL_INDEX; source-image IDs excluded. Not a semantic quantity inventory or numerical correction.
AB01-PDF0023-notes_right-L010	23	"[""5""]"	(5) Ut nunc ex inscriptionibus cuneatis elucet,	AUTOMATIC_LITERAL_INDEX; source-image IDs excluded. Not a semantic quantity inventory or numerical correction.
AB01-PDF0023-notes_right-L014	23	"[""6""]"	(6) Vide laudatum opus <n>Chwolsohn</n>, quo	AUTOMATIC_LITERAL_INDEX; source-image IDs excluded. Not a semantic quantity inventory or numerical correction.
AB01-PDF0023-notes_right-L023	23	"[""7""]"	(7) Cfr. quoque <n>Dozy</n>, <i>Nouveaux documents</i>	AUTOMATIC_LITERAL_INDEX; source-image IDs excluded. Not a semantic quantity inventory or numerical correction.
AB01-PDF0023-notes_right-L026	23	"[""6<sup>me</sup>"", ""2<sup>e</sup>""]"	du 6<sup>me</sup> Congrès international des Orientalistes, 2<sup>e</sup> par-	AUTOMATIC_LITERAL_INDEX; source-image IDs excluded. Not a semantic quantity inventory or numerical correction.
AB01-PDF0023-notes_right-L027	23	"[""1885""]"	tie, section sémitique, Leyde 1885.	AUTOMATIC_LITERAL_INDEX; source-image IDs excluded. Not a semantic quantity inventory or numerical correction.
AB01-PDF0024-body-L001	24	"[""1""]"	profiteri possent, annuo tantum tributo (<i>ǵizyah</i>) penso quod iure Muslimico « genti libri (1) »	AUTOMATIC_LITERAL_INDEX; source-image IDs excluded. Not a semantic quantity inventory or numerical correction.
AB01-PDF0024-body-L003	24	"[""2""]"	enim qui in Qorano « genti libri » adnumerantur, a Ḥarrānensibus toto caelo differebant (2);	AUTOMATIC_LITERAL_INDEX; source-image IDs excluded. Not a semantic quantity inventory or numerical correction.
AB01-PDF0024-body-L005	24	"[""3""]"	et multos paganos, Iudaeos, Christianos, Persicos ritus simul acceperant (3). Quid vero hi Sabii	AUTOMATIC_LITERAL_INDEX; source-image IDs excluded. Not a semantic quantity inventory or numerical correction.
AB01-PDF0024-body-L007	24	"[""1319"", ""242""]"	<i>al-bayān fī tafsīr al-Qur’ān</i>, Kahirae (typ. al-Maymaniyyah), 1319 heg. et sqq., t. I, p. 242–	AUTOMATIC_LITERAL_INDEX; source-image IDs excluded. Not a semantic quantity inventory or numerical correction.
AB01-PDF0024-body-L008	24	"[""243""]"	–243; qua re minus difficile Ḥarrānensibus fuit khalifam ipsum in errorem ducere.	AUTOMATIC_LITERAL_INDEX; source-image IDs excluded. Not a semantic quantity inventory or numerical correction.
AB01-PDF0024-body-L010	24	"[""4""]"	Arabes et nostrates (4) eum <i>Sabiorum</i> sectae addictum arbitrati sunt, licet, ut vidimus, iam	AUTOMATIC_LITERAL_INDEX; source-image IDs excluded. Not a semantic quantity inventory or numerical correction.
AB01-PDF0024-body-L012	24	"[""5""]"	conciliari, a Muslimis tantum usurpato (5). Difficultas dirimitur si consideremus nomina rela-	AUTOMATIC_LITERAL_INDEX; source-image IDs excluded. Not a semantic quantity inventory or numerical correction.
AB01-PDF0024-notes_left-L001	24	"[""1""]"	(1) Ita in Qorano appellantur Christiani, Iudaei	AUTOMATIC_LITERAL_INDEX; source-image IDs excluded. Not a semantic quantity inventory or numerical correction.
AB01-PDF0024-notes_left-L005	24	"[""2""]"	(2) Etiam nunc Sabios Qorani cum veteribus	AUTOMATIC_LITERAL_INDEX; source-image IDs excluded. Not a semantic quantity inventory or numerical correction.
AB01-PDF0024-notes_left-L008	24	"[""1901"", ""02""]"	<i>lich-mythologische Untersuchung</i>, Berlin 1901-02,	AUTOMATIC_LITERAL_INDEX; source-image IDs excluded. Not a semantic quantity inventory or numerical correction.
AB01-PDF0024-notes_left-L009	24	"[""90""]"	p. 90 (= Mitteilungen der vorderasiatischen Gesell-	AUTOMATIC_LITERAL_INDEX; source-image IDs excluded. Not a semantic quantity inventory or numerical correction.
AB01-PDF0024-notes_left-L010	24	"[""1901""]"	schaft, VI Jahrg., 1901, fasc. IV et V).	AUTOMATIC_LITERAL_INDEX; source-image IDs excluded. Not a semantic quantity inventory or numerical correction.
AB01-PDF0024-notes_left-L011	24	"[""3""]"	(3) Librorum Mandaeorum doctrinas collegit	AUTOMATIC_LITERAL_INDEX; source-image IDs excluded. Not a semantic quantity inventory or numerical correction.
AB01-PDF0024-notes_left-L014	24	"[""1889""]"	zig 1889, et <i>Mandaeische Schriften übersetzt und</i>	AUTOMATIC_LITERAL_INDEX; source-image IDs excluded. Not a semantic quantity inventory or numerical correction.
AB01-PDF0024-notes_left-L015	24	"[""1893""]"	<i>erläutert</i>, Göttingen 1893; nomen <i>Mandāyī</i> (pl. <i>Man-</i>	AUTOMATIC_LITERAL_INDEX; source-image IDs excluded. Not a semantic quantity inventory or numerical correction.
AB01-PDF0024-notes_left-L023	24	"[""2000""]"	vix numerum 2000 attingentes, paucique etiam ur-	AUTOMATIC_LITERAL_INDEX; source-image IDs excluded. Not a semantic quantity inventory or numerical correction.
AB01-PDF0024-notes_left-L026	24	"[""14""]"	vexati ante 14 annos in Mesopotamiam migraverunt.	AUTOMATIC_LITERAL_INDEX; source-image IDs excluded. Not a semantic quantity inventory or numerical correction.
AB01-PDF0024-notes_left-L031	24	"[""1900"", ""486"", ""89"", ""680"", ""85"", ""777"", ""85""]"	-Mashriq, t. III, 1900, p. 486-89, 680-85, 777-85, t. IV,	AUTOMATIC_LITERAL_INDEX; source-image IDs excluded. Not a semantic quantity inventory or numerical correction.
AB01-PDF0024-notes_left-L032	24	"[""1901"", ""400"", ""06"", ""550"", ""54"", ""684"", ""89"", ""779"", ""84"", ""924"", ""30"", ""1121""]"	1901, p. 400-06, 550-54, 684-89, 779-84, 924-30, 1121-	AUTOMATIC_LITERAL_INDEX; source-image IDs excluded. Not a semantic quantity inventory or numerical correction.
AB01-PDF0024-notes_left-L033	24	"[""1126"", ""1902"", ""307"", ""11"", ""392"", ""96"", ""488"", ""97""]"	-1126, t. V, 1902, p. 307-11, 392-96, 488-97; multos	AUTOMATIC_LITERAL_INDEX; source-image IDs excluded. Not a semantic quantity inventory or numerical correction.
AB01-PDF0024-notes_left-L036	24	"[""1880""]"	<i>leurs dogmes, leurs moeurs</i>, Paris 1880.	AUTOMATIC_LITERAL_INDEX; source-image IDs excluded. Not a semantic quantity inventory or numerical correction.
AB01-PDF0024-notes_right-L001	24	"[""4""]"	(4) <n>Reiske</n>, in additamentis ad versionem	AUTOMATIC_LITERAL_INDEX; source-image IDs excluded. Not a semantic quantity inventory or numerical correction.
AB01-PDF0024-notes_right-L003	24	"[""1785"", ""90""]"	<i>bliothek</i>, Halle 1785-90, pars I, s. v. Albattani: « Die-	AUTOMATIC_LITERAL_INDEX; source-image IDs excluded. Not a semantic quantity inventory or numerical correction.
AB01-PDF0024-notes_right-L009	24	"[""363""]"	<i>thématiques</i>, nouv. éd., Paris an VII-X, t. I, p. 363:	AUTOMATIC_LITERAL_INDEX; source-image IDs excluded. Not a semantic quantity inventory or numerical correction.
AB01-PDF0024-notes_right-L012	24	"[""1848"", ""83""]"	<i>phie</i> <n>d’Aboulféda</n> <i>traduite</i>, Paris 1848-83, t. I	AUTOMATIC_LITERAL_INDEX; source-image IDs excluded. Not a semantic quantity inventory or numerical correction.
AB01-PDF0024-notes_right-L017	24	"[""611"", ""615""]"	<n>sohn</n> I, 611 et 615 ad sententiam inclinat eum nun-	AUTOMATIC_LITERAL_INDEX; source-image IDs excluded. Not a semantic quantity inventory or numerical correction.
AB01-PDF0024-notes_right-L019	24	"[""222""]"	I, 222: « war als Ṣābier in Ḥarrān geboren »;	AUTOMATIC_LITERAL_INDEX; source-image IDs excluded. Not a semantic quantity inventory or numerical correction.
AB01-PDF0024-notes_right-L020	24	"[""1902"", ""294""]"	<n>C. Huart</n>, <i>Littérature arabe</i>, Paris 1902, p. 294:	AUTOMATIC_LITERAL_INDEX; source-image IDs excluded. Not a semantic quantity inventory or numerical correction.
AB01-PDF0024-notes_right-L021	24	"[""46""]"	« était un sabien de Harran »; <n>Suter</n>, p. 46, ni-	AUTOMATIC_LITERAL_INDEX; source-image IDs excluded. Not a semantic quantity inventory or numerical correction.
AB01-PDF0024-notes_right-L024	24	"[""13""]"	dixi p. viii, adn. 13). Nullus vero dubitat Albatenium	AUTOMATIC_LITERAL_INDEX; source-image IDs excluded. Not a semantic quantity inventory or numerical correction.
AB01-PDF0024-notes_right-L026	24	"[""5""]"	(5) Christianos ad gentes Bogos pertinentes, in	AUTOMATIC_LITERAL_INDEX; source-image IDs excluded. Not a semantic quantity inventory or numerical correction.
AB01-PDF0024-notes_right-L031	24	"[""1901"", ""86""]"	t. XIV, 1901, p. 86, adn. Quod duabus omnino pecu-	AUTOMATIC_LITERAL_INDEX; source-image IDs excluded. Not a semantic quantity inventory or numerical correction.
AB01-PDF0025-body-L001	25	"[""1""]"	tiva (<i>nisbah</i>), ut supra monui, a patre in filium interdum transferri (1); Albatenium igitur	AUTOMATIC_LITERAL_INDEX; source-image IDs excluded. Not a semantic quantity inventory or numerical correction.
AB01-PDF0025-body-L006	25	"[""2""]"	Ibrāhīm ibn Ǵa‘far <n>al-Mandā’ī</n> (2), cuius maiores a Mandaeorum religione iam IV saeculo	AUTOMATIC_LITERAL_INDEX; source-image IDs excluded. Not a semantic quantity inventory or numerical correction.
AB01-PDF0025-body-L021	25	"[""3""]"	pore ar-Raqqah (3) florentissima ad Euphratis sinistram urbs, cui tam proxima erant tria alia	AUTOMATIC_LITERAL_INDEX; source-image IDs excluded. Not a semantic quantity inventory or numerical correction.
AB01-PDF0025-body-L025	25	"[""786"", ""809""]"	khalifa Hārūn ar-Rashīd (786–809 Chr.), ut in ea posset frequentius commorari, palatium	AUTOMATIC_LITERAL_INDEX; source-image IDs excluded. Not a semantic quantity inventory or numerical correction.
AB01-PDF0025-body-L026	25	"[""1836"", ""4""]"	sibi exstruxerat, cuius ruinas anno 1836 Chesney vidit (4).	AUTOMATIC_LITERAL_INDEX; source-image IDs excluded. Not a semantic quantity inventory or numerical correction.
AB01-PDF0025-notes_left-L001	25	"[""1""]"	(1) Primis hegirae saeculis saepissime trade-	AUTOMATIC_LITERAL_INDEX; source-image IDs excluded. Not a semantic quantity inventory or numerical correction.
AB01-PDF0025-notes_left-L004	25	"[""2""]"	(2) De quo <n>Ibn Khallikān</n> in vita al-	AUTOMATIC_LITERAL_INDEX; source-image IDs excluded. Not a semantic quantity inventory or numerical correction.
AB01-PDF0025-notes_left-L005	25	"[""546""]"	-Ḥarīrī (ed. Wüstenfeld, nr. 546, ubi <ar>المندائي</ar>, et vers.	AUTOMATIC_LITERAL_INDEX; source-image IDs excluded. Not a semantic quantity inventory or numerical correction.
AB01-PDF0025-notes_left-L006	25	"[""491"", ""93"", ""136"", ""37""]"	de Slane II, 491-93); cfr. <n>Chwolsohn</n> I, 136-37,	AUTOMATIC_LITERAL_INDEX; source-image IDs excluded. Not a semantic quantity inventory or numerical correction.
AB01-PDF0025-notes_left-L007	25	"[""8"", ""517"", ""5""]"	adn. Natus in urbe Wāsiṭ die 8 rabī‘ II 517 (5 Maii	AUTOMATIC_LITERAL_INDEX; source-image IDs excluded. Not a semantic quantity inventory or numerical correction.
AB01-PDF0025-notes_left-L008	25	"[""1123"", ""605""]"	1123), mortuus sub finem mensis sha‘bān 605 (initio	AUTOMATIC_LITERAL_INDEX; source-image IDs excluded. Not a semantic quantity inventory or numerical correction.
AB01-PDF0025-notes_left-L009	25	"[""1209""]"	Martii 1209).	AUTOMATIC_LITERAL_INDEX; source-image IDs excluded. Not a semantic quantity inventory or numerical correction.
AB01-PDF0025-notes_left-L010	25	"[""3""]"	(3) Antiquissima, ut videtur, urbs; quarto sae-	AUTOMATIC_LITERAL_INDEX; source-image IDs excluded. Not a semantic quantity inventory or numerical correction.
AB01-PDF0025-notes_left-L018	25	"[""4"", ""1835"", ""226"", ""2""]"	(4) Non 1835 ut perperam p. 226, adn. 2, et t. II,	AUTOMATIC_LITERAL_INDEX; source-image IDs excluded. Not a semantic quantity inventory or numerical correction.
AB01-PDF0025-notes_left-L019	25	"[""41"", ""150""]"	p. 41, adn. 150 impressum. Ruinarum descriptio et	AUTOMATIC_LITERAL_INDEX; source-image IDs excluded. Not a semantic quantity inventory or numerical correction.
AB01-PDF0025-notes_right-L002	25	"[""1843"", ""1125"", ""48""]"	lin 1843), p. 1125-48, qui etiam partem ineditam ope-	AUTOMATIC_LITERAL_INDEX; source-image IDs excluded. Not a semantic quantity inventory or numerical correction.
AB01-PDF0025-notes_right-L007	25	"[""1835"", ""1836"", ""1837"", ""1868"", ""243"", ""44""]"	<i>1835, 1836 and 1837</i>, London 1868, p. 243-44. In	AUTOMATIC_LITERAL_INDEX; source-image IDs excluded. Not a semantic quantity inventory or numerical correction.
AB01-PDF0025-notes_right-L010	25	"[""1850""]"	<i>of the rivers Euphrates and Tigris</i>, London 1850,	AUTOMATIC_LITERAL_INDEX; source-image IDs excluded. Not a semantic quantity inventory or numerical correction.
AB01-PDF0025-notes_right-L013	25	"[""1"", ""1"", ""2""]"	fluminis ripa 1 <m>\tfrac{1}{2}</m> km. circiter distat. In parte orien-	AUTOMATIC_LITERAL_INDEX; source-image IDs excluded. Not a semantic quantity inventory or numerical correction.
AB01-PDF0025-notes_right-L014	25	"[""0,740""]"	tali urbis, 0,740 km. a ripa, sunt ruinae palatii Hā-	AUTOMATIC_LITERAL_INDEX; source-image IDs excluded. Not a semantic quantity inventory or numerical correction.
AB01-PDF0025-notes_right-L015	25	"[""39°"", ""3′"", ""58″"", ""5"", ""35°"", ""55′"", ""35″""]"	rūn ar-Rashīd, 39° 3′ 58″,5 E Gr., 35° 55′ 35″ N. Ob-	AUTOMATIC_LITERAL_INDEX; source-image IDs excluded. Not a semantic quantity inventory or numerical correction.
AB01-PDF0025-notes_right-L017	25	"[""1836""]"	mense Maio 1836 a Murphy (<n>Chesney</n>, <i>Narrative</i>,	AUTOMATIC_LITERAL_INDEX; source-image IDs excluded. Not a semantic quantity inventory or numerical correction.
AB01-PDF0025-notes_right-L018	25	"[""244""]"	p. 244). — Urbs, circa medietatem saeculi XIX de-	AUTOMATIC_LITERAL_INDEX; source-image IDs excluded. Not a semantic quantity inventory or numerical correction.
AB01-PDF0025-notes_right-L019	25	"[""1880""]"	serta fere, post annum 1880 rursus florere coepit,	AUTOMATIC_LITERAL_INDEX; source-image IDs excluded. Not a semantic quantity inventory or numerical correction.
AB01-PDF0026-body-L004	26	"[""6"", ""2"", ""3""]"	tabularum constitueret (p. 6, l. 2–3) ad meridianum et latitudinem illius urbis accommodata;	AUTOMATIC_LITERAL_INDEX; source-image IDs excluded. Not a semantic quantity inventory or numerical correction.
AB01-PDF0026-body-L005	26	"[""43""]"	per multos subsequentes annos diligentissime cursum Solis metiens (p. 43), solstitia et aequi-	AUTOMATIC_LITERAL_INDEX; source-image IDs excluded. Not a semantic quantity inventory or numerical correction.
AB01-PDF0026-body-L006	26	"[""882"", ""883"", ""42"", ""44"", ""879"", ""880""]"	noctia saepe at praesertim annis 882 et 883 determinans (p. 42, 44), anno 879–880 longitudines	AUTOMATIC_LITERAL_INDEX; source-image IDs excluded. Not a semantic quantity inventory or numerical correction.
AB01-PDF0026-body-L007	26	"[""124"", ""883"", ""891""]"	quarumdam fixarum constituens (p. 124), demum annis 883 et 891 eclipses Solis Lunaeque	AUTOMATIC_LITERAL_INDEX; source-image IDs excluded. Not a semantic quantity inventory or numerical correction.
AB01-PDF0026-body-L008	26	"[""56"", ""57"", ""901""]"	observans (p. 56, 57). — Anno tamen 901 <i>Antiochiae</i> non brevi tempore commoratus est,	AUTOMATIC_LITERAL_INDEX; source-image IDs excluded. Not a semantic quantity inventory or numerical correction.
AB01-PDF0026-body-L009	26	"[""23""]"	nam in ea, astronomicis etiam instrumentis adhibitis, eclipsim Solis (23 Ianuarii) et Lunae	AUTOMATIC_LITERAL_INDEX; source-image IDs excluded. Not a semantic quantity inventory or numerical correction.
AB01-PDF0026-body-L010	26	"[""2"", ""56"", ""57""]"	(2 Augusti) observare potuit (p. 56, 57).	AUTOMATIC_LITERAL_INDEX; source-image IDs excluded. Not a semantic quantity inventory or numerical correction.
AB01-PDF0026-body-L011	26	"[""1""]"	Unde falsa notitia sumpta, quae non raro a nostratibus (1) circumfertur, al-Battānī prin-	AUTOMATIC_LITERAL_INDEX; source-image IDs excluded. Not a semantic quantity inventory or numerical correction.
AB01-PDF0026-body-L015	26	"[""139""]"	tum esse potest deduci ex iis quae p. 139 bonis observatoribus facienda praecipit; magis vero	AUTOMATIC_LITERAL_INDEX; source-image IDs excluded. Not a semantic quantity inventory or numerical correction.
AB01-PDF0026-body-L016	26	"[""4""]"	elucet ex ipsius summa modestia, de qua in § 4, nr. III dicam. Eum tamen magni fecisse iam	AUTOMATIC_LITERAL_INDEX; source-image IDs excluded. Not a semantic quantity inventory or numerical correction.
AB01-PDF0026-body-L019	26	"[""302""]"	memoratae (v. p. 302).	AUTOMATIC_LITERAL_INDEX; source-image IDs excluded. Not a semantic quantity inventory or numerical correction.
AB01-PDF0026-body-L020	26	"[""2""]"	De Banū az-Zayyāt (2) illis cum quibus al-Battānī se Baghdād contulit, nihil auctores	AUTOMATIC_LITERAL_INDEX; source-image IDs excluded. Not a semantic quantity inventory or numerical correction.
AB01-PDF0026-body-L024	26	"[""833"", ""842"", ""842"", ""847""]"	‘taṣim (833–842 Chr.) et al-Wāthiq (842–847) minister (wazīr) fuit, et iussu al-Mutawakkil	AUTOMATIC_LITERAL_INDEX; source-image IDs excluded. Not a semantic quantity inventory or numerical correction.
AB01-PDF0026-body-L025	26	"[""19"", ""233"", ""2"", ""847"", ""3""]"	necatus die 19 rabī‘ I 233 heg. i. e. 2 Nov. 847 (3). Eius filius Abū Mūsā Hārūn ibn Mu-	AUTOMATIC_LITERAL_INDEX; source-image IDs excluded. Not a semantic quantity inventory or numerical correction.
AB01-PDF0026-notes_left-L001	26	"[""200""]"	qua re hodie 200 domos et emporium complectitur,	AUTOMATIC_LITERAL_INDEX; source-image IDs excluded. Not a semantic quantity inventory or numerical correction.
AB01-PDF0026-notes_left-L003	26	"[""1897"", ""98"", ""1900""]"	<i>notizen aus dem Winter 1897–98</i>, Leipzig 1900,	AUTOMATIC_LITERAL_INDEX; source-image IDs excluded. Not a semantic quantity inventory or numerical correction.
AB01-PDF0026-notes_left-L004	26	"[""141""]"	pag. 141.	AUTOMATIC_LITERAL_INDEX; source-image IDs excluded. Not a semantic quantity inventory or numerical correction.
AB01-PDF0026-notes_left-L005	26	"[""1""]"	(1) <n>Riccioli</n>, <i>Almagestum Novum</i>, Bono-	AUTOMATIC_LITERAL_INDEX; source-image IDs excluded. Not a semantic quantity inventory or numerical correction.
AB01-PDF0026-notes_left-L006	26	"[""1651""]"	niae 1651, t. II, p. xxix: « dynasta Syriae »; <n>Hal-</n>	AUTOMATIC_LITERAL_INDEX; source-image IDs excluded. Not a semantic quantity inventory or numerical correction.
AB01-PDF0026-notes_left-L007	26	"[""1693""]"	<n>ley</n>, in <i>Philosophical Transactions</i>, 1693, t. XVII,	AUTOMATIC_LITERAL_INDEX; source-image IDs excluded. Not a semantic quantity inventory or numerical correction.
AB01-PDF0026-notes_left-L008	26	"[""204"", ""915""]"	nr. 204, p. 915: « creditur Vir Nobilis, a quibusdam	AUTOMATIC_LITERAL_INDEX; source-image IDs excluded. Not a semantic quantity inventory or numerical correction.
AB01-PDF0026-notes_left-L011	26	"[""363""]"	-X, t. I, p. 363: « il fut commandant pour les cali-	AUTOMATIC_LITERAL_INDEX; source-image IDs excluded. Not a semantic quantity inventory or numerical correction.
AB01-PDF0026-notes_left-L012	26	"[""3<sup>me</sup>""]"	« fes en Syrie »; <n>J. La Lande</n>, <i>Astronomie</i>, 3<sup>me</sup> éd.,	AUTOMATIC_LITERAL_INDEX; source-image IDs excluded. Not a semantic quantity inventory or numerical correction.
AB01-PDF0026-notes_left-L013	26	"[""1792"", ""123"", ""355""]"	Paris 1792, t. I, p. 123, § 355: « Albategnius, prince	AUTOMATIC_LITERAL_INDEX; source-image IDs excluded. Not a semantic quantity inventory or numerical correction.
AB01-PDF0026-notes_left-L014	26	"[""879"", ""912""]"	« arabe, vivoit en 879 et 912 »; <n>Delambre</n>, <i>Astron.</i>	AUTOMATIC_LITERAL_INDEX; source-image IDs excluded. Not a semantic quantity inventory or numerical correction.
AB01-PDF0026-notes_left-L015	26	"[""4""]"	<i>du moyen âge</i>, p. 4: « C’était un prince de Syrie	AUTOMATIC_LITERAL_INDEX; source-image IDs excluded. Not a semantic quantity inventory or numerical correction.
AB01-PDF0026-notes_left-L019	26	"[""1843""]"	R. Astronomical Society, t. XIV, London 1843, prae-	AUTOMATIC_LITERAL_INDEX; source-image IDs excluded. Not a semantic quantity inventory or numerical correction.
AB01-PDF0026-notes_left-L020	26	"[""20""]"	fat. p. 20: « Albategnius was a prince of Syria re-	AUTOMATIC_LITERAL_INDEX; source-image IDs excluded. Not a semantic quantity inventory or numerical correction.
AB01-PDF0026-notes_right-L003	26	"[""2""]"	(2) I. e. filii aut posteri viri appellati az-Zayyāt.	AUTOMATIC_LITERAL_INDEX; source-image IDs excluded. Not a semantic quantity inventory or numerical correction.
AB01-PDF0026-notes_right-L004	26	"[""3""]"	(3) Praeter historiae scriptores cfr. <i>Kitāb al-</i>	AUTOMATIC_LITERAL_INDEX; source-image IDs excluded. Not a semantic quantity inventory or numerical correction.
AB01-PDF0026-notes_right-L005	26	"[""122"", ""46"", ""56""]"	<i>-Fihrist</i> p. 122; <i>Aghāni</i> XX, 46-56 et passim; <n>Ibn</n>	AUTOMATIC_LITERAL_INDEX; source-image IDs excluded. Not a semantic quantity inventory or numerical correction.
AB01-PDF0026-notes_right-L006	26	"[""706""]"	<n>Khallikān</n> ed. Wüstenfeld nr. 706 (ed. Kahirae,	AUTOMATIC_LITERAL_INDEX; source-image IDs excluded. Not a semantic quantity inventory or numerical correction.
AB01-PDF0026-notes_right-L007	26	"[""1299"", ""458"", ""63""]"	typ. Waṭan, 1299 heg., t. II, p. 458–63; vers. de Slane	AUTOMATIC_LITERAL_INDEX; source-image IDs excluded. Not a semantic quantity inventory or numerical correction.
AB01-PDF0026-notes_right-L008	26	"[""249"", ""56""]"	t. III, p. 249–56); <n>al-Ya‘qūbī</n>, <i>Kitāb al-buldān</i>,	AUTOMATIC_LITERAL_INDEX; source-image IDs excluded. Not a semantic quantity inventory or numerical correction.
AB01-PDF0026-notes_right-L009	26	"[""257"", ""262"", ""273""]"	ed. de Goeje, p. 257, 262; <n>al-Bīrūnī</n>, <i>Chronol.</i> p. 273	AUTOMATIC_LITERAL_INDEX; source-image IDs excluded. Not a semantic quantity inventory or numerical correction.
AB01-PDF0026-notes_right-L010	26	"[""265""]"	(= 265 vers.); <n>al-‘Āmilī</n>, <i>al-Kashkūl</i>, Kahirae	AUTOMATIC_LITERAL_INDEX; source-image IDs excluded. Not a semantic quantity inventory or numerical correction.
AB01-PDF0026-notes_right-L011	26	"[""1305"", ""213""]"	1305, p. 213; <n>Aḥmad b. Yaḥyā b. al-Murtaḍā</n>,	AUTOMATIC_LITERAL_INDEX; source-image IDs excluded. Not a semantic quantity inventory or numerical correction.
AB01-PDF0026-notes_right-L012	26	"[""1902""]"	<i>al-Mu‘tazilah ed. by T. W. Arnold</i>, Leipzig 1902	AUTOMATIC_LITERAL_INDEX; source-image IDs excluded. Not a semantic quantity inventory or numerical correction.
AB01-PDF0026-notes_right-L013	26	"[""38"", ""39""]"	sqq., pars I, p. 38-39. In libro <i>Abulḳâsim ein bag-</i>	AUTOMATIC_LITERAL_INDEX; source-image IDs excluded. Not a semantic quantity inventory or numerical correction.
AB01-PDF0026-notes_right-L016	26	"[""1902"", ""74""]"	1902, p. 74, scripto priore medietate V saeculi heg.,	AUTOMATIC_LITERAL_INDEX; source-image IDs excluded. Not a semantic quantity inventory or numerical correction.
AB01-PDF0027-body-L001	27	"[""1""]"	ḥammad ibn ‘Abd al-Malik az-Zayyāt summo studio carmina et narrationes collegit (1); ab-	AUTOMATIC_LITERAL_INDEX; source-image IDs excluded. Not a semantic quantity inventory or numerical correction.
AB01-PDF0027-body-L003	27	"[""2""]"	al-Malik az-Zayyāt amicus fuit Ibn Waḥshiyyah scriptoris, cuius tradidit libros (2), et Alba-	AUTOMATIC_LITERAL_INDEX; source-image IDs excluded. Not a semantic quantity inventory or numerical correction.
AB01-PDF0027-body-L005	27	"[""55"", ""54""]"	Aetate iam longe provectus, cum 55 anni lunares, 54 fere solares, a tempore quo obser-	AUTOMATIC_LITERAL_INDEX; source-image IDs excluded. Not a semantic quantity inventory or numerical correction.
AB01-PDF0027-body-L007	27	"[""3""]"	<i>-ǵaṣṣ</i>, i. e. « Palatium gypsi », vocato (3). Erat hoc unum e palatiis quae khalifa al-Mu‘taṣim	AUTOMATIC_LITERAL_INDEX; source-image IDs excluded. Not a semantic quantity inventory or numerical correction.
AB01-PDF0027-body-L008	27	"[""833"", ""842""]"	(833–842 Chr.) in vicinia urbis Sāmarrā’ exstruxerat; paulum ab occasu Tigridis, ad canalem	AUTOMATIC_LITERAL_INDEX; source-image IDs excluded. Not a semantic quantity inventory or numerical correction.
AB01-PDF0027-body-L011	27	"[""1899"", ""1900"", ""221"", ""8"", ""372""]"	<i>Golf</i>, Berlin 1899–1900, t. II, p. 221. In eo, iuxta auctores quosdam, die 8 shawwāl 372	AUTOMATIC_LITERAL_INDEX; source-image IDs excluded. Not a semantic quantity inventory or numerical correction.
AB01-PDF0027-body-L012	27	"[""26"", ""983""]"	(26 Martii 983), ‘Aḍud ad-dawlah, Persidis dynasta, a patruele Bakhtiyār ibn Mu‘izz ad-daw-	AUTOMATIC_LITERAL_INDEX; source-image IDs excluded. Not a semantic quantity inventory or numerical correction.
AB01-PDF0027-body-L016	27	"[""4""]"	loco Qaṣr al-ǵiṣṣ; eo facilius orta quod vetustissimum oppidum al-Ḥaḍr (4), licet post Isla-	AUTOMATIC_LITERAL_INDEX; source-image IDs excluded. Not a semantic quantity inventory or numerical correction.
AB01-PDF0027-body-L019	27	"[""5""]"	se alio libro <i>Qaṣr al-ǵiṣṣ</i> scriptum invenisse fatetur (5); quam esse veram lectionem, praeter	AUTOMATIC_LITERAL_INDEX; source-image IDs excluded. Not a semantic quantity inventory or numerical correction.
AB01-PDF0027-notes_left-L001	27	"[""1"", ""123"", ""22""]"	(1) <i>Kitāb al-Fihrist</i> p. 123; <i>Aghānī</i> V, 22 (qui	AUTOMATIC_LITERAL_INDEX; source-image IDs excluded. Not a semantic quantity inventory or numerical correction.
AB01-PDF0027-notes_left-L002	27	"[""32"", ""33""]"	locus in <i>Tables alphabétiques</i> desideratur) et IX, 32-33.	AUTOMATIC_LITERAL_INDEX; source-image IDs excluded. Not a semantic quantity inventory or numerical correction.
AB01-PDF0027-notes_left-L003	27	"[""2""]"	(2) E quibus celeberrima <i>Agricultura Naba-</i>	AUTOMATIC_LITERAL_INDEX; source-image IDs excluded. Not a semantic quantity inventory or numerical correction.
AB01-PDF0027-notes_left-L007	27	"[""291"", ""23"", ""903""]"	aliqua tribui potest, anno 291 heg. (inc. 23 Nov. 903)	AUTOMATIC_LITERAL_INDEX; source-image IDs excluded. Not a semantic quantity inventory or numerical correction.
AB01-PDF0027-notes_left-L009	27	"[""318"", ""2"", ""930""]"	et anno 318 (inc. 2 Febr. 930) illi Abū Ṭālib Aḥmad	AUTOMATIC_LITERAL_INDEX; source-image IDs excluded. Not a semantic quantity inventory or numerical correction.
AB01-PDF0027-notes_left-L013	27	"[""1875"", ""453"", ""55""]"	t. XXIX, 1875, p. 453-55, non improbabile putat li-	AUTOMATIC_LITERAL_INDEX; source-image IDs excluded. Not a semantic quantity inventory or numerical correction.
AB01-PDF0027-notes_left-L017	27	"[""1282"", ""670"", ""75"", ""671""]"	<i>ar-rāghib</i>, Būlāq 1282, p. 670–75 (p. 671 annus per-	AUTOMATIC_LITERAL_INDEX; source-image IDs excluded. Not a semantic quantity inventory or numerical correction.
AB01-PDF0027-notes_left-L018	27	"[""271"", ""291""]"	peram 271 pro 291, i. e. <ar>سبعين</ar> « septuaginta » loco	AUTOMATIC_LITERAL_INDEX; source-image IDs excluded. Not a semantic quantity inventory or numerical correction.
AB01-PDF0027-notes_left-L020	27	"[""3""]"	(3) <n>G. Le Strange</n>, <i>Description of Meso-</i>	AUTOMATIC_LITERAL_INDEX; source-image IDs excluded. Not a semantic quantity inventory or numerical correction.
AB01-PDF0027-notes_left-L021	27	"[""900""]"	<i>potamia and Baghdād written about the year 900</i>	AUTOMATIC_LITERAL_INDEX; source-image IDs excluded. Not a semantic quantity inventory or numerical correction.
AB01-PDF0027-notes_left-L023	27	"[""1895"", ""265"", ""266""]"	Asiatic Society, 1895, p. 265 et 266; <n>M. Streck</n>, <i>Die</i>	AUTOMATIC_LITERAL_INDEX; source-image IDs excluded. Not a semantic quantity inventory or numerical correction.
AB01-PDF0027-notes_right-L001	27	"[""1900"", ""211""]"	<i>Geographen</i>, Leiden 1900 sqq., p. 211; <n>al-Muqad-</n>	AUTOMATIC_LITERAL_INDEX; source-image IDs excluded. Not a semantic quantity inventory or numerical correction.
AB01-PDF0027-notes_right-L002	27	"[""28"", ""54"", ""115""]"	<n>dasī</n>, ed. de Goeje, p. 28, 54, 115; <n>Yāqūt</n>, <i>Mu‘-</i>	AUTOMATIC_LITERAL_INDEX; source-image IDs excluded. Not a semantic quantity inventory or numerical correction.
AB01-PDF0027-notes_right-L003	27	"[""110""]"	<i>ǵam</i>, ed. Wüstenfeld, IV, 110; <n>Yāqūt</n>, <i>al-Mush-</i>	AUTOMATIC_LITERAL_INDEX; source-image IDs excluded. Not a semantic quantity inventory or numerical correction.
AB01-PDF0027-notes_right-L004	27	"[""348""]"	<i>tarik</i>, ed. Wüstenfeld, p. 348; <i>Marāṣid al-Iṭṭilā‘</i>	AUTOMATIC_LITERAL_INDEX; source-image IDs excluded. Not a semantic quantity inventory or numerical correction.
AB01-PDF0027-notes_right-L005	27	"[""419""]"	II, 419. — Apud <n>Ed. Corn. Vandyck</n>, <i>Iktifā’</i>	AUTOMATIC_LITERAL_INDEX; source-image IDs excluded. Not a semantic quantity inventory or numerical correction.
AB01-PDF0027-notes_right-L006	27	"[""1897"", ""243""]"	<i>al-qunū‘ bi mā huwa maṭbū‘</i>, Kahirae 1897, p. 243,	AUTOMATIC_LITERAL_INDEX; source-image IDs excluded. Not a semantic quantity inventory or numerical correction.
AB01-PDF0027-notes_right-L010	27	"[""1898""]"	ostendi in periodico <i>al-Mashriq</i>, t. I, Bayrūt 1898,	AUTOMATIC_LITERAL_INDEX; source-image IDs excluded. Not a semantic quantity inventory or numerical correction.
AB01-PDF0027-notes_right-L011	27	"[""811"", ""12"", ""4""]"	p. 811-12; alium de Albatenio errorem infra, § 4,	AUTOMATIC_LITERAL_INDEX; source-image IDs excluded. Not a semantic quantity inventory or numerical correction.
AB01-PDF0027-notes_right-L013	27	"[""4""]"	(4) <i>Hatra</i> apud Romanos scriptores, in deserta	AUTOMATIC_LITERAL_INDEX; source-image IDs excluded. Not a semantic quantity inventory or numerical correction.
AB01-PDF0027-notes_right-L017	27	"[""1836"", ""1840""]"	(1836) et <n>Ainsworth</n> (1840) descriptae. De urbe	AUTOMATIC_LITERAL_INDEX; source-image IDs excluded. Not a semantic quantity inventory or numerical correction.
AB01-PDF0027-notes_right-L018	27	"[""1844"", ""466"", ""92""]"	<n>Ritter</n>, t. XI (1844), p. 466-92; <n>M. Amari</n> in	AUTOMATIC_LITERAL_INDEX; source-image IDs excluded. Not a semantic quantity inventory or numerical correction.
AB01-PDF0027-notes_right-L020	27	"[""1851""]"	<i>di</i> <n>Ibn Zafer</n>, <i>versione italiana</i>, Firenze 1851,	AUTOMATIC_LITERAL_INDEX; source-image IDs excluded. Not a semantic quantity inventory or numerical correction.
AB01-PDF0027-notes_right-L021	27	"[""324"", ""41""]"	p. 324–41; <n>Tabari</n>, <i>Gesch. der Perser und der Ara-</i>	AUTOMATIC_LITERAL_INDEX; source-image IDs excluded. Not a semantic quantity inventory or numerical correction.
AB01-PDF0027-notes_right-L022	27	"[""1879"", ""33"", ""34""]"	<i>ber übers. v. Th. Nöldeke</i>, Leiden 1879, p. 33-34, adn.	AUTOMATIC_LITERAL_INDEX; source-image IDs excluded. Not a semantic quantity inventory or numerical correction.
AB01-PDF0027-notes_right-L023	27	"[""5""]"	(5) De errore in editionibus et in versione An-	AUTOMATIC_LITERAL_INDEX; source-image IDs excluded. Not a semantic quantity inventory or numerical correction.
AB01-PDF0027-notes_right-L024	27	"[""3""]"	glica dixi p. x, adn. 3.	AUTOMATIC_LITERAL_INDEX; source-image IDs excluded. Not a semantic quantity inventory or numerical correction.
AB01-PDF0028-body-L004	28	"[""2""]"	§ 2. Albatenii scripta minora.	AUTOMATIC_LITERAL_INDEX; source-image IDs excluded. Not a semantic quantity inventory or numerical correction.
AB01-PDF0028-body-L007	28	"[""1""]"	Quid hic titulus significaret nostrates qui de Albatenio scripsere non intellexisse (1) mi-	AUTOMATIC_LITERAL_INDEX; source-image IDs excluded. Not a semantic quantity inventory or numerical correction.
AB01-PDF0028-body-L009	28	"[""317""]"	nomine indicentur. <n>De Slane</n>, in versione <n>Ibn Khallikān</n> IV, 317: « knowledge of the	AUTOMATIC_LITERAL_INDEX; source-image IDs excluded. Not a semantic quantity inventory or numerical correction.
AB01-PDF0028-body-L013	28	"[""2"", ""457"", ""17""]"	« for the history of spherical astronomy (2) ». — <n>Steinschneider</n> ad <n>Baldi</n> p. 457, adn. 17	AUTOMATIC_LITERAL_INDEX; source-image IDs excluded. Not a semantic quantity inventory or numerical correction.
AB01-PDF0028-body-L014	28	"[""30""]"	(Extr. p. 30): « Libro della scienza delle ascensioni dei segni del Zodiaco secondo che sono (?)	AUTOMATIC_LITERAL_INDEX; source-image IDs excluded. Not a semantic quantity inventory or numerical correction.
AB01-PDF0028-body-L017	28	"[""46""]"	<n>ter</n>, <i>Die Mathematiker</i>, p. 46: « Ueber die Kenntniss der Aufgänge der Häuser nach den	AUTOMATIC_LITERAL_INDEX; source-image IDs excluded. Not a semantic quantity inventory or numerical correction.
AB01-PDF0028-body-L020	28	"[""131"", ""34"", ""149""]"	operis astronomici (t. I, p. 131–34) et adpendice spuria F (p. 149), calculum scilicet <i>directio-</i>	AUTOMATIC_LITERAL_INDEX; source-image IDs excluded. Not a semantic quantity inventory or numerical correction.
AB01-PDF0028-body-L021	28	"[""313"", ""17""]"	<i>num</i> astrologicarum, quem satis exposui p. 313–17. An novam exactisque geometricis regulis	AUTOMATIC_LITERAL_INDEX; source-image IDs excluded. Not a semantic quantity inventory or numerical correction.
AB01-PDF0028-body-L026	28	"[""3""]"	« tionum (3) ».	AUTOMATIC_LITERAL_INDEX; source-image IDs excluded. Not a semantic quantity inventory or numerical correction.
AB01-PDF0028-body-L027	28	"[""129""]"	Hoc scriptum quoque ad nos non pervenit; titulus idem est qui LIV capitis (t. I, p. 129–	AUTOMATIC_LITERAL_INDEX; source-image IDs excluded. Not a semantic quantity inventory or numerical correction.
AB01-PDF0028-body-L028	28	"[""131"", ""4"", ""129""]"	–131), minus barbare a me t. I, p. 4 et 129 versus « de veris quantitatibus applicationum ».	AUTOMATIC_LITERAL_INDEX; source-image IDs excluded. Not a semantic quantity inventory or numerical correction.
AB01-PDF0028-body-L030	28	"[""305"", ""13""]"	tuerat; ceterum de epistulae argumento cfr. adnotationes meas p. 305–13.	AUTOMATIC_LITERAL_INDEX; source-image IDs excluded. Not a semantic quantity inventory or numerical correction.
AB01-PDF0028-body-L032	28	"[""22"", ""241"", ""9"", ""855""]"	composuit, qui, die 22 rabī‘ II 241 (9 Sept. 855) natus, ter minister fuit khalifae al-Muqta-	AUTOMATIC_LITERAL_INDEX; source-image IDs excluded. Not a semantic quantity inventory or numerical correction.
AB01-PDF0028-notes_left-L001	28	"[""1""]"	(1) <n>Chwolsohn</n> excipiendus, qui scripta	AUTOMATIC_LITERAL_INDEX; source-image IDs excluded. Not a semantic quantity inventory or numerical correction.
AB01-PDF0028-notes_left-L003	28	"[""2""]"	(2) Quae <n>Jarrett</n> postea transcripsit: « Among	AUTOMATIC_LITERAL_INDEX; source-image IDs excluded. Not a semantic quantity inventory or numerical correction.
AB01-PDF0028-notes_left-L010	28	"[""1873""]"	<i>H. Blochmann and H. S. Jarrett</i>, Calcutta 1873–	AUTOMATIC_LITERAL_INDEX; source-image IDs excluded. Not a semantic quantity inventory or numerical correction.
AB01-PDF0028-notes_left-L011	28	"[""94"", ""4"", ""3""]"	–94, t. II, p. 4, adn. 3).	AUTOMATIC_LITERAL_INDEX; source-image IDs excluded. Not a semantic quantity inventory or numerical correction.
AB01-PDF0028-notes_right-L001	28	"[""3""]"	(3) Pro « quantitatum », <n>Steinschneider</n> ad	AUTOMATIC_LITERAL_INDEX; source-image IDs excluded. Not a semantic quantity inventory or numerical correction.
AB01-PDF0028-notes_right-L002	28	"[""457"", ""30""]"	<n>Baldi</n> p. 457 (extr. p. 30): « della potenza »; <n>Su-</n>	AUTOMATIC_LITERAL_INDEX; source-image IDs excluded. Not a semantic quantity inventory or numerical correction.
AB01-PDF0028-notes_right-L005	28	"[""195"", ""3"", ""15"", ""130""]"	(t. III, p. 195, l. 3–15 et passim = t. I, p. 130); qua re	AUTOMATIC_LITERAL_INDEX; source-image IDs excluded. Not a semantic quantity inventory or numerical correction.
AB01-PDF0028-notes_right-L006	28	"[""195"", ""8""]"	t. III, p. 195, l. 8, apertissime <i>qadr</i> a <i>quwwah</i> distin-	AUTOMATIC_LITERAL_INDEX; source-image IDs excluded. Not a semantic quantity inventory or numerical correction.
AB01-PDF0029-body-L001	29	"[""1"", ""13"", ""312"", ""19"", ""924""]"	dir (1), cuius iussu die 13 rabī‘ II 312 (19 Iul. 924) interfectus; poetis et studiorum litterarum-	AUTOMATIC_LITERAL_INDEX; source-image IDs excluded. Not a semantic quantity inventory or numerical correction.
AB01-PDF0029-body-L003	29	"[""1846"", ""51"", ""543"", ""56"", ""498""]"	1846–51, t. II, p. 543–56; <n>Ibn Khallikān</n> ed. Wüstenfeld nr. 498 (edit. Kahirae, Waṭan	AUTOMATIC_LITERAL_INDEX; source-image IDs excluded. Not a semantic quantity inventory or numerical correction.
AB01-PDF0029-body-L004	29	"[""1299"", ""79"", ""85"", ""28"", ""121""]"	1299, t. II, p. 79–85); <n>‘Arīb</n>, <i>Tabari continuatus</i> ed. de Goeje, passim inter p. 28 et 121;	AUTOMATIC_LITERAL_INDEX; source-image IDs excluded. Not a semantic quantity inventory or numerical correction.
AB01-PDF0029-body-L005	29	"[""1301"", ""02"", ""3"", ""57""]"	<n>Ibn al-Athīr</n>, <i>Annales</i> ed. Kahirae 1301–02, t. VIII, passim inter p. 3 et 57; <n>al-Mas‘ūdī</n>,	AUTOMATIC_LITERAL_INDEX; source-image IDs excluded. Not a semantic quantity inventory or numerical correction.
AB01-PDF0029-body-L006	29	"[""251"", ""266"", ""272"", ""73"", ""128"", ""23"", ""151""]"	<i>Prairies</i>, t. VIII, p. 251, 266, 272–73; <n>an-Nadīm</n>, <i>Kitāb al-Fihrist</i>, p. 128, l. 23, 151.	AUTOMATIC_LITERAL_INDEX; source-image IDs excluded. Not a semantic quantity inventory or numerical correction.
AB01-PDF0029-body-L007	29	"[""2""]"	Putaverunt quidam (2) hanc epistulam non differre a libro ascensionum signorum, locum	AUTOMATIC_LITERAL_INDEX; source-image IDs excluded. Not a semantic quantity inventory or numerical correction.
AB01-PDF0029-body-L008	29	"[""1""]"	Ibn an-Nadīm, de quo p. ix, adn. 1 dixi, ita vertentes: « Liber cognitionis ascensionum signo-	AUTOMATIC_LITERAL_INDEX; source-image IDs excluded. Not a semantic quantity inventory or numerical correction.
AB01-PDF0029-body-L021	29	"[""399"", ""2°""]"	<n>sirii</n>, qui, t. I, p. 399, codicem ita descripsit: « Cod. CMLXVI, nr. 2°: Commentarius in	AUTOMATIC_LITERAL_INDEX; source-image IDs excluded. Not a semantic quantity inventory or numerical correction.
AB01-PDF0029-body-L024	29	"[""1884""]"	nuit <n>H. Derenbourg</n>, <i>Les manuscrits arabes de l’Escurial</i>, Paris 1884, t. I, p. xxiv; nec	AUTOMATIC_LITERAL_INDEX; source-image IDs excluded. Not a semantic quantity inventory or numerical correction.
AB01-PDF0029-body-L025	29	"[""1894"", ""1901""]"	reperiri potuit mense Octobri 1894, cum ego Escuriali commorarer. Mense Septembri 1901,	AUTOMATIC_LITERAL_INDEX; source-image IDs excluded. Not a semantic quantity inventory or numerical correction.
AB01-PDF0029-body-L031	29	"[""124""]"	In Bibliotheca Regia Berolinensi codex Arabicus asservatur, 124 paginas complectens et	AUTOMATIC_LITERAL_INDEX; source-image IDs excluded. Not a semantic quantity inventory or numerical correction.
AB01-PDF0029-body-L032	29	"[""3""]"	mutilus ob primum folium deperditum, cui haec est in fine subscriptio (3): « Explicit <i>liber</i>	AUTOMATIC_LITERAL_INDEX; source-image IDs excluded. Not a semantic quantity inventory or numerical correction.
AB01-PDF0029-body-L033	29	"[""4"", ""5""]"	« <i>Tetrabibli, commentarius</i> <n>al-Battānī</n> (4), Dei gratia. Eum scripsit (5) Aḥmad ibn Tamīm,	AUTOMATIC_LITERAL_INDEX; source-image IDs excluded. Not a semantic quantity inventory or numerical correction.
AB01-PDF0029-notes_left-L001	29	"[""1"", ""21""]"	(1) Iuxta <n>‘Arīb</n>, munus ministri gessit a 21	AUTOMATIC_LITERAL_INDEX; source-image IDs excluded. Not a semantic quantity inventory or numerical correction.
AB01-PDF0029-notes_left-L002	29	"[""296"", ""4"", ""299"", ""8""]"	rabī‘ I 296 ad 4 dhū ’l-ḥiǵǵah 299, postea ab 8 dhū	AUTOMATIC_LITERAL_INDEX; source-image IDs excluded. Not a semantic quantity inventory or numerical correction.
AB01-PDF0029-notes_left-L003	29	"[""304"", ""26"", ""306"", ""20""]"	’l-ḥiǵǵah 304 ad 26 rabī‘ II 306, demum a 20 rabī‘ I	AUTOMATIC_LITERAL_INDEX; source-image IDs excluded. Not a semantic quantity inventory or numerical correction.
AB01-PDF0029-notes_left-L004	29	"[""311"", ""9"", ""312""]"	311 ad 9 rabī‘ I 312. Parvae discrepantiae apud alios	AUTOMATIC_LITERAL_INDEX; source-image IDs excluded. Not a semantic quantity inventory or numerical correction.
AB01-PDF0029-notes_left-L006	29	"[""2"", ""457""]"	(2) <n>Steinschneider</n> ad <n>Baldi</n> p. 457, ad-	AUTOMATIC_LITERAL_INDEX; source-image IDs excluded. Not a semantic quantity inventory or numerical correction.
AB01-PDF0029-notes_left-L007	29	"[""17"", ""30""]"	not. 17 (extr. p. 30); <n>Suter</n> in versione libri Fihrist	AUTOMATIC_LITERAL_INDEX; source-image IDs excluded. Not a semantic quantity inventory or numerical correction.
AB01-PDF0029-notes_left-L008	29	"[""35"", ""68"", ""211""]"	p. 35 (sed p. 68, adn. 211, dubitationes non reticuit,	AUTOMATIC_LITERAL_INDEX; source-image IDs excluded. Not a semantic quantity inventory or numerical correction.
AB01-PDF0029-notes_left-L009	29	"[""46""]"	et in <i>Mathemat.</i> p. 46, optime duos libellos distinxit).	AUTOMATIC_LITERAL_INDEX; source-image IDs excluded. Not a semantic quantity inventory or numerical correction.
AB01-PDF0029-notes_right-L001	29	"[""3""]"	(3) <n>W. Ahlwardt</n>, <i>Verzeichniss der arabi-</i>	AUTOMATIC_LITERAL_INDEX; source-image IDs excluded. Not a semantic quantity inventory or numerical correction.
AB01-PDF0029-notes_right-L003	29	"[""1887"", ""99"", ""273"", ""74"", ""5875""]"	Berlin 1887-99, t. V, p. 273-74, nr. 5875. Codicem	AUTOMATIC_LITERAL_INDEX; source-image IDs excluded. Not a semantic quantity inventory or numerical correction.
AB01-PDF0029-notes_right-L004	29	"[""800"", ""1397""]"	circa annum 800 heg. (1397 Chr.) scriptum existimat	AUTOMATIC_LITERAL_INDEX; source-image IDs excluded. Not a semantic quantity inventory or numerical correction.
AB01-PDF0029-notes_right-L006	29	"[""4""]"	(4) <ar>تم كتاب الاربا</ar> (sic) <ar>شرح البتاني</ar>.	AUTOMATIC_LITERAL_INDEX; source-image IDs excluded. Not a semantic quantity inventory or numerical correction.
AB01-PDF0029-notes_right-L007	29	"[""5""]"	(5) <ar>علّقه</ar>, de qua voce <n>Dozy</n>, <i>Supplément</i>, t. II,	AUTOMATIC_LITERAL_INDEX; source-image IDs excluded. Not a semantic quantity inventory or numerical correction.
AB01-PDF0029-notes_right-L008	29	"[""161""]"	p. 161.	AUTOMATIC_LITERAL_INDEX; source-image IDs excluded. Not a semantic quantity inventory or numerical correction.
AB01-PDF0030-body-L009	30	"[""305"", ""2""]"	iuxta vulgatam et iuxta Francofurtensem editionem (cfr. p. 305, adn. 2):	AUTOMATIC_LITERAL_INDEX; source-image IDs excluded. Not a semantic quantity inventory or numerical correction.
AB01-PDF0030-body-L011	30	"[""8"", ""6""]"	bent; I, 8 = Franc. 6.	AUTOMATIC_LITERAL_INDEX; source-image IDs excluded. Not a semantic quantity inventory or numerical correction.
AB01-PDF0030-body-L012	30	"[""10""]"	De fortitudinibus quatuor temporum anni, deque aetatibus (<i>asnān</i>) animalium; I, 10 =	AUTOMATIC_LITERAL_INDEX; source-image IDs excluded. Not a semantic quantity inventory or numerical correction.
AB01-PDF0030-body-L013	30	"[""8""]"	Franc. 8.	AUTOMATIC_LITERAL_INDEX; source-image IDs excluded. Not a semantic quantity inventory or numerical correction.
AB01-PDF0030-body-L014	30	"[""1"", ""11"", ""8""]"	De fortitudinibus quatuor angulorum (1) et quatuor locorum horizontis; I, 11 = Franc. 8.	AUTOMATIC_LITERAL_INDEX; source-image IDs excluded. Not a semantic quantity inventory or numerical correction.
AB01-PDF0030-body-L015	30	"[""2"", ""12"", ""9""]"	De signis fixis, mobilibus et bicorporibus (2); I, 12 = Franc. 9.	AUTOMATIC_LITERAL_INDEX; source-image IDs excluded. Not a semantic quantity inventory or numerical correction.
AB01-PDF0030-body-L016	30	"[""14"", ""11""]"	De consociatione (<i>ishtirāk</i>) signorum in aspectibus (<i>ashkāl</i>); I, 14 = Franc. 11.	AUTOMATIC_LITERAL_INDEX; source-image IDs excluded. Not a semantic quantity inventory or numerical correction.
AB01-PDF0030-body-L017	30	"[""13"", ""11""]"	De signis masculinis, femineis, et de aliis eorum statibus; I, 13 = Franc. 11.	AUTOMATIC_LITERAL_INDEX; source-image IDs excluded. Not a semantic quantity inventory or numerical correction.
AB01-PDF0030-body-L019	30	"[""3""]"	respectu etiam horizontis (3).	AUTOMATIC_LITERAL_INDEX; source-image IDs excluded. Not a semantic quantity inventory or numerical correction.
AB01-PDF0030-body-L020	30	"[""4"", ""23"", ""20""]"	De almugea, splendore et similibus (4); I, 23 = Franc. 20.	AUTOMATIC_LITERAL_INDEX; source-image IDs excluded. Not a semantic quantity inventory or numerical correction.
AB01-PDF0030-notes_left-L001	30	"[""1""]"	(1) <i>Zawāyā</i>; sed in opere astronomico Alba-	AUTOMATIC_LITERAL_INDEX; source-image IDs excluded. Not a semantic quantity inventory or numerical correction.
AB01-PDF0030-notes_left-L003	30	"[""2""]"	(2) Signa fixa, <gr>ζῴδια στερεά</gr>, <i>burūǵ thābitah</i>,	AUTOMATIC_LITERAL_INDEX; source-image IDs excluded. Not a semantic quantity inventory or numerical correction.
AB01-PDF0030-notes_left-L008	30	"[""3""]"	(3) Fortasse altera pars capitis praecedentis.	AUTOMATIC_LITERAL_INDEX; source-image IDs excluded. Not a semantic quantity inventory or numerical correction.
AB01-PDF0030-notes_left-L009	30	"[""4""]"	(4) In Graeco <gr>περὶ ἰδιοπροσώπων καὶ λαμπηνῶν</gr>	AUTOMATIC_LITERAL_INDEX; source-image IDs excluded. Not a semantic quantity inventory or numerical correction.
AB01-PDF0031-body-L001	31	"[""3""]"	De congruentia (<i>mushākalah</i>) triplicitatum cum regionibus terrestribus et planetis; II, 3 =	AUTOMATIC_LITERAL_INDEX; source-image IDs excluded. Not a semantic quantity inventory or numerical correction.
AB01-PDF0031-body-L002	31	"[""2""]"	Franc. II, 2.	AUTOMATIC_LITERAL_INDEX; source-image IDs excluded. Not a semantic quantity inventory or numerical correction.
AB01-PDF0031-body-L003	31	"[""7"", ""6""]"	De cognoscendis ab eclipsibus rebus in Terrae regionibus eventuris; II, 7 = Franc. 6.	AUTOMATIC_LITERAL_INDEX; source-image IDs excluded. Not a semantic quantity inventory or numerical correction.
AB01-PDF0031-body-L004	31	"[""9"", ""8""]"	De coloribus eclipsium et cometis; II, 9 = Franc. 8.	AUTOMATIC_LITERAL_INDEX; source-image IDs excluded. Not a semantic quantity inventory or numerical correction.
AB01-PDF0031-body-L005	31	"[""1"", ""10"", ""12"", ""9"", ""11""]"	De cognitione vicissitudinum (<i>aḥwāl</i>) anni (1); II, 10–12 = Franc. 9–11.	AUTOMATIC_LITERAL_INDEX; source-image IDs excluded. Not a semantic quantity inventory or numerical correction.
AB01-PDF0031-body-L007	31	"[""13"", ""12""]"	II, 13 = Franc. 12.	AUTOMATIC_LITERAL_INDEX; source-image IDs excluded. Not a semantic quantity inventory or numerical correction.
AB01-PDF0031-body-L008	31	"[""1""]"	Cognitio rerum nativitatum et significationes ab iis capiendae; III, 1.	AUTOMATIC_LITERAL_INDEX; source-image IDs excluded. Not a semantic quantity inventory or numerical correction.
AB01-PDF0031-body-L009	31	"[""2""]"	Cognitio gradus ascendentis in nato; III, 2.	AUTOMATIC_LITERAL_INDEX; source-image IDs excluded. Not a semantic quantity inventory or numerical correction.
AB01-PDF0031-body-L011	31	"[""3""]"	<gr>γενεθλιαλογική</gr>); III, 3.	AUTOMATIC_LITERAL_INDEX; source-image IDs excluded. Not a semantic quantity inventory or numerical correction.
AB01-PDF0031-body-L012	31	"[""4""]"	De ambobus parentibus; III, 4.	AUTOMATIC_LITERAL_INDEX; source-image IDs excluded. Not a semantic quantity inventory or numerical correction.
AB01-PDF0031-body-L013	31	"[""5""]"	De fratribus; III, 5.	AUTOMATIC_LITERAL_INDEX; source-image IDs excluded. Not a semantic quantity inventory or numerical correction.
AB01-PDF0031-body-L014	31	"[""6""]"	De maribus et feminis; III, 6.	AUTOMATIC_LITERAL_INDEX; source-image IDs excluded. Not a semantic quantity inventory or numerical correction.
AB01-PDF0031-body-L015	31	"[""7""]"	De generatione geminorum; III, 7.	AUTOMATIC_LITERAL_INDEX; source-image IDs excluded. Not a semantic quantity inventory or numerical correction.
AB01-PDF0031-body-L016	31	"[""8""]"	De monstris (<i>fī mushawwahī ’l-khilaq</i>); III, 8.	AUTOMATIC_LITERAL_INDEX; source-image IDs excluded. Not a semantic quantity inventory or numerical correction.
AB01-PDF0031-body-L017	31	"[""9""]"	De iis qui non nutrientur, de iis qui non educabuntur, de iis qui educabuntur; III, 9.	AUTOMATIC_LITERAL_INDEX; source-image IDs excluded. Not a semantic quantity inventory or numerical correction.
AB01-PDF0031-body-L018	31	"[""10"", ""10"", ""15""]"	De vita (<i>al-‘umr</i>, <gr>περὶ χρόνων ζωῆς</gr>); III, 10 = Franc. 10–15.	AUTOMATIC_LITERAL_INDEX; source-image IDs excluded. Not a semantic quantity inventory or numerical correction.
AB01-PDF0031-body-L019	31	"[""11"", ""16""]"	De figura, forma (<i>ḥilyah</i>) et temperamento corporis nati; III, 11 = Franc. 16.	AUTOMATIC_LITERAL_INDEX; source-image IDs excluded. Not a semantic quantity inventory or numerical correction.
AB01-PDF0031-body-L020	31	"[""2"", ""12"", ""17""]"	De laesionibus (<i>‘ilal</i>) et morbis (<i>amrāḍ</i>) evenientibus in corpore nati (2); III, 12 = Franc. 17.	AUTOMATIC_LITERAL_INDEX; source-image IDs excluded. Not a semantic quantity inventory or numerical correction.
AB01-PDF0031-body-L021	31	"[""13"", ""18""]"	De animae qualitate in nato; III, 13 = Franc. 18.	AUTOMATIC_LITERAL_INDEX; source-image IDs excluded. Not a semantic quantity inventory or numerical correction.
AB01-PDF0031-body-L022	31	"[""14"", ""19""]"	De morbis animae (<i>fī ’l-āfāt an-nafsāniyyah</i>); III, 14 = Franc. 19.	AUTOMATIC_LITERAL_INDEX; source-image IDs excluded. Not a semantic quantity inventory or numerical correction.
AB01-PDF0031-body-L023	31	"[""1"", ""2""]"	De prosperitate (<i>bakht</i>) nati quoad divitias; IV, 1 = Franc. IV, 2.	AUTOMATIC_LITERAL_INDEX; source-image IDs excluded. Not a semantic quantity inventory or numerical correction.
AB01-PDF0031-body-L024	31	"[""2"", ""3""]"	De prosperitate nati quoad dignitatem (<i>ḥiẓwah</i>); IV, 2 = Franc. 3.	AUTOMATIC_LITERAL_INDEX; source-image IDs excluded. Not a semantic quantity inventory or numerical correction.
AB01-PDF0031-body-L025	31	"[""3""]"	De qualitate magisterii et artis nati (<i>fī ḥāl ṣinā‘at al-mawlūd wa ‘amalihī</i>); IV, 3 =	AUTOMATIC_LITERAL_INDEX; source-image IDs excluded. Not a semantic quantity inventory or numerical correction.
AB01-PDF0031-body-L026	31	"[""4""]"	Franc. 4.	AUTOMATIC_LITERAL_INDEX; source-image IDs excluded. Not a semantic quantity inventory or numerical correction.
AB01-PDF0031-body-L027	31	"[""5"", ""6""]"	De filiis; IV, 5 = Franc. 6.	AUTOMATIC_LITERAL_INDEX; source-image IDs excluded. Not a semantic quantity inventory or numerical correction.
AB01-PDF0031-body-L028	31	"[""6"", ""7"", ""8""]"	De amicis, inimicis et servis; IV, 6 = Franc. 7–8.	AUTOMATIC_LITERAL_INDEX; source-image IDs excluded. Not a semantic quantity inventory or numerical correction.
AB01-PDF0031-body-L029	31	"[""7"", ""9""]"	De migratione (<i>ghurbah</i>) et itineribus; IV, 7 = Franc. 9.	AUTOMATIC_LITERAL_INDEX; source-image IDs excluded. Not a semantic quantity inventory or numerical correction.
AB01-PDF0031-body-L030	31	"[""8"", ""10""]"	De genere mortis nati (<i>fī maniyyat al-mawlūd</i>); IV, 8 = Franc. 10.	AUTOMATIC_LITERAL_INDEX; source-image IDs excluded. Not a semantic quantity inventory or numerical correction.
AB01-PDF0031-body-L031	31	"[""9""]"	De temporum ad [vitam] nati pertinentium divisione (<gr>περὶ χρόνων διαιρέσεως</gr>); IV, 9 =	AUTOMATIC_LITERAL_INDEX; source-image IDs excluded. Not a semantic quantity inventory or numerical correction.
AB01-PDF0031-body-L032	31	"[""11""]"	Franc. 11.	AUTOMATIC_LITERAL_INDEX; source-image IDs excluded. Not a semantic quantity inventory or numerical correction.
AB01-PDF0031-body-L035	31	"[""9"", ""15"", ""22"", ""1"", ""2"", ""4"", ""5"", ""6"", ""8"", ""4""]"	ditis contenta: I, 9, 15–22; II, 1, 2, 4, 5, 6, 8; IV, 4. Iuxta catalogum Ahlwardtianum, ca-	AUTOMATIC_LITERAL_INDEX; source-image IDs excluded. Not a semantic quantity inventory or numerical correction.
AB01-PDF0031-body-L036	31	"[""8""]"	put I, 8 incipit: « Recipiunt Luna et tres planetae superiores incrementum », quod sane cum	AUTOMATIC_LITERAL_INDEX; source-image IDs excluded. Not a semantic quantity inventory or numerical correction.
AB01-PDF0031-notes_left-L003	31	"[""1902"", ""489""]"	<i>dialecticum</i>, Lugduni Batavorum 1902, p. 489, quem	AUTOMATIC_LITERAL_INDEX; source-image IDs excluded. Not a semantic quantity inventory or numerical correction.
AB01-PDF0031-notes_left-L005	31	"[""1""]"	(1) I. e. de iis quae singulis anni temporibus	AUTOMATIC_LITERAL_INDEX; source-image IDs excluded. Not a semantic quantity inventory or numerical correction.
AB01-PDF0031-notes_right-L001	31	"[""2""]"	(2) <gr>Περὶ σινῶν καὶ παθῶν σωματικῶν</gr>. Differen-	AUTOMATIC_LITERAL_INDEX; source-image IDs excluded. Not a semantic quantity inventory or numerical correction.
AB01-PDF0032-body-L001	32	"[""5""]"	textu Graeco et ambabus Latinis versionibus ex Arabico congruit. — Capitis de filiis (IV, 5)	AUTOMATIC_LITERAL_INDEX; source-image IDs excluded. Not a semantic quantity inventory or numerical correction.
AB01-PDF0032-body-L005	32	"[""4""]"	quoque caput praecedens (IV, 4), quo de matrimonio agebatur. — Ultima codicis verba in Te-	AUTOMATIC_LITERAL_INDEX; source-image IDs excluded. Not a semantic quantity inventory or numerical correction.
AB01-PDF0032-body-L012	32	"[""1""]"	adn. 1, monui.	AUTOMATIC_LITERAL_INDEX; source-image IDs excluded. Not a semantic quantity inventory or numerical correction.
AB01-PDF0032-body-L018	32	"[""1""]"	aperte testatur se nullam « glosam » unquam in Tetrabiblum vidisse (1). Non ita vero Abū	AUTOMATIC_LITERAL_INDEX; source-image IDs excluded. Not a semantic quantity inventory or numerical correction.
AB01-PDF0032-body-L019	32	"[""2""]"	’l-ḥasan ‘Alī <n>Ibn Abī ’r-Riǵāl</n>; narrat enim (2): « Etiam sunt aliqui sapientum primorum,	AUTOMATIC_LITERAL_INDEX; source-image IDs excluded. Not a semantic quantity inventory or numerical correction.
AB01-PDF0032-body-L020	32	"[""3""]"	« qui accipiunt has omnes significationes (3) ab eclipsibus quae accidunt in annis coniunctio-	AUTOMATIC_LITERAL_INDEX; source-image IDs excluded. Not a semantic quantity inventory or numerical correction.
AB01-PDF0032-body-L025	32	"[""3""]"	§ 3. Scripta spuria.	AUTOMATIC_LITERAL_INDEX; source-image IDs excluded. Not a semantic quantity inventory or numerical correction.
AB01-PDF0032-body-L030	32	"[""4""]"	<i>terich, Albaterius</i>, indeque interdum <i>Albatenius</i> (4). Nec semper e solis scripturae erroribus	AUTOMATIC_LITERAL_INDEX; source-image IDs excluded. Not a semantic quantity inventory or numerical correction.
AB01-PDF0032-body-L031	32	"[""16658""]"	confusio provenit. Codex Latinus nr. 16658 Bibliothecae Nationalis Parisiensis, XIII saeculo	AUTOMATIC_LITERAL_INDEX; source-image IDs excluded. Not a semantic quantity inventory or numerical correction.
AB01-PDF0032-body-L033	32	"[""5""]"	« <i>bularum secundum</i> <n>Arzerchel Hyspanum</n>, <i>qui dictus est</i> <n>Albaitegni</n> (5) »; eae-	AUTOMATIC_LITERAL_INDEX; source-image IDs excluded. Not a semantic quantity inventory or numerical correction.
AB01-PDF0032-notes_left-L001	32	"[""1""]"	(1) Loca collegit <n>Steinschneider</n> ad <n>Baldi</n>,	AUTOMATIC_LITERAL_INDEX; source-image IDs excluded. Not a semantic quantity inventory or numerical correction.
AB01-PDF0032-notes_left-L002	32	"[""471"", ""72"", ""42""]"	p. 471–72 (extr. p. 42, sed longe brevius). ‘Alī ibn	AUTOMATIC_LITERAL_INDEX; source-image IDs excluded. Not a semantic quantity inventory or numerical correction.
AB01-PDF0032-notes_left-L003	32	"[""453"", ""25"", ""1061""]"	Riḍwān, Aegyptius, anno 453 (inc. 25 Ian. 1061) mor-	AUTOMATIC_LITERAL_INDEX; source-image IDs excluded. Not a semantic quantity inventory or numerical correction.
AB01-PDF0032-notes_left-L005	32	"[""2""]"	(2) <n>Albohazen Haly filii Abenra-</n>	AUTOMATIC_LITERAL_INDEX; source-image IDs excluded. Not a semantic quantity inventory or numerical correction.
AB01-PDF0032-notes_left-L009	32	"[""1571""]"	<i>linguae donati per A. Stupam</i>, Basileae 1571, lib. VIII,	AUTOMATIC_LITERAL_INDEX; source-image IDs excluded. Not a semantic quantity inventory or numerical correction.
AB01-PDF0032-notes_left-L010	32	"[""352""]"	cap. I, p. 352. Circa medietatem XI saec. Chr. scripsit.	AUTOMATIC_LITERAL_INDEX; source-image IDs excluded. Not a semantic quantity inventory or numerical correction.
AB01-PDF0032-notes_right-L001	32	"[""3""]"	(3) I. e. prognostica maiorum eventuum seu	AUTOMATIC_LITERAL_INDEX; source-image IDs excluded. Not a semantic quantity inventory or numerical correction.
AB01-PDF0032-notes_right-L004	32	"[""4""]"	(4) Ita apud <n>Baldi</n> aliosque; vide <n>Stein-</n>	AUTOMATIC_LITERAL_INDEX; source-image IDs excluded. Not a semantic quantity inventory or numerical correction.
AB01-PDF0032-notes_right-L005	32	"[""451"", ""52"", ""26"", ""27""]"	<n>schneider</n> p. 451–52 (extr. 26–27).	AUTOMATIC_LITERAL_INDEX; source-image IDs excluded. Not a semantic quantity inventory or numerical correction.
AB01-PDF0032-notes_right-L006	32	"[""5""]"	(5) <n>L. Delisle</n>, <i>Inventaire des manuscrits</i>	AUTOMATIC_LITERAL_INDEX; source-image IDs excluded. Not a semantic quantity inventory or numerical correction.
AB01-PDF0032-notes_right-L008	32	"[""31<sup>me</sup>"", ""1870"", ""157""]"	des Chartes, 31<sup>me</sup> année, 1870, p. 157. Errorem iam	AUTOMATIC_LITERAL_INDEX; source-image IDs excluded. Not a semantic quantity inventory or numerical correction.
AB01-PDF0033-body-L001	33	"[""309""]"	demque tabulae in codice Vaticanae Bibliothecae, Ottob. 309, hoc titulo insigniuntur: « <i>Canones</i>	AUTOMATIC_LITERAL_INDEX; source-image IDs excluded. Not a semantic quantity inventory or numerical correction.
AB01-PDF0033-body-L002	33	"[""1""]"	« <i>astronom.</i> <n>Albategni</n> (1) ». <n>Albertus Magnus</n> e converso, in <i>Speculo</i> suo <i>Astrono-</i>	AUTOMATIC_LITERAL_INDEX; source-image IDs excluded. Not a semantic quantity inventory or numerical correction.
AB01-PDF0033-body-L004	33	"[""2""]"	« <n>Albategni</n> (2) ».	AUTOMATIC_LITERAL_INDEX; source-image IDs excluded. Not a semantic quantity inventory or numerical correction.
AB01-PDF0033-body-L009	33	"[""3"", ""4""]"	« <n>Albettam</n> » (3), quod nomen est ex <n>Alheitam</n> = [<n>Ibn</n>] <n>al-Heytham</n> (4) corruptum. At	AUTOMATIC_LITERAL_INDEX; source-image IDs excluded. Not a semantic quantity inventory or numerical correction.
AB01-PDF0033-body-L010	33	"[""1553"", ""1617"", ""5"", ""6"", ""613""]"	<n>Baldi</n> (n. 1553, m. 1617), <n>Montucla</n> (5), <n>Wenrich</n> (6), <n>Chwolsohn</n> (t. I, p. 613), et	AUTOMATIC_LITERAL_INDEX; source-image IDs excluded. Not a semantic quantity inventory or numerical correction.
AB01-PDF0033-body-L011	33	"[""458"", ""31""]"	<n>Steinschneider</n> ad Baldi p. 458 (extr. 31) putaverunt esse <i>Albettani</i> legendum, nostrum-	AUTOMATIC_LITERAL_INDEX; source-image IDs excluded. Not a semantic quantity inventory or numerical correction.
AB01-PDF0033-body-L012	33	"[""7""]"	que astronomum fecere illius compendii auctorem. Ipse tamen <n>Steinschneider</n> postea (7)	AUTOMATIC_LITERAL_INDEX; source-image IDs excluded. Not a semantic quantity inventory or numerical correction.
AB01-PDF0033-body-L017	33	"[""1864"", ""75"", ""77""]"	<i>bonensi asservatorum</i>, Vindobonae 1864–75, t. IV, p. 77, recensent:	AUTOMATIC_LITERAL_INDEX; source-image IDs excluded. Not a semantic quantity inventory or numerical correction.
AB01-PDF0033-body-L018	33	"[""2528"", ""12"", ""75"", ""76""]"	« Nr. 2528 ..... 12) f. 75,<i>a</i>–76,<i>b</i> <n>Albategnius</n>, <i>Tractatus de instrumentis observato-</i>	AUTOMATIC_LITERAL_INDEX; source-image IDs excluded. Not a semantic quantity inventory or numerical correction.
AB01-PDF0033-body-L022	33	"[""31"", ""8""]"	extr. p. 31) memoravit, iudicans: « Dubito molto, che questo trattato sia d’Albattani (8) ». Cui	AUTOMATIC_LITERAL_INDEX; source-image IDs excluded. Not a semantic quantity inventory or numerical correction.
AB01-PDF0033-body-L026	33	"[""384""]"	I, 384) iis qui Almagestum in epitomen redegerint al-Battānī adnumerat; unde factum est ut	AUTOMATIC_LITERAL_INDEX; source-image IDs excluded. Not a semantic quantity inventory or numerical correction.
AB01-PDF0033-body-L027	33	"[""9"", ""10"", ""613""]"	<n>Ḥāǵǵī Khalīfah</n> (9), <n>Wenrich</n> (10) et <n>Chwolsohn</n> I, 613, Albatenio etiam compendium	AUTOMATIC_LITERAL_INDEX; source-image IDs excluded. Not a semantic quantity inventory or numerical correction.
AB01-PDF0033-notes_left-L003	33	"[""1877"", ""79""]"	lol. Classe, t. XXII, 1877, p. 79.	AUTOMATIC_LITERAL_INDEX; source-image IDs excluded. Not a semantic quantity inventory or numerical correction.
AB01-PDF0033-notes_left-L004	33	"[""1""]"	(1) Apud <n>M. Steinschneider</n>, <i>Études sur</i>	AUTOMATIC_LITERAL_INDEX; source-image IDs excluded. Not a semantic quantity inventory or numerical correction.
AB01-PDF0033-notes_left-L005	33	"[""21""]"	<i>Zarkali et ses ouvrages</i>, § 21, in Bullettino di bi-	AUTOMATIC_LITERAL_INDEX; source-image IDs excluded. Not a semantic quantity inventory or numerical correction.
AB01-PDF0033-notes_left-L007	33	"[""1887"", ""88"", ""13""]"	fisiche, t. XX, Roma 1887-88, p. 13.	AUTOMATIC_LITERAL_INDEX; source-image IDs excluded. Not a semantic quantity inventory or numerical correction.
AB01-PDF0033-notes_left-L008	33	"[""2""]"	(2) <n>Alberti Magni</n> Ratisbonensis Episcopi	AUTOMATIC_LITERAL_INDEX; source-image IDs excluded. Not a semantic quantity inventory or numerical correction.
AB01-PDF0033-notes_left-L009	33	"[""1651""]"	<i>Opera, recognita per P. Jammy</i>, Lugduni 1651, t. V,	AUTOMATIC_LITERAL_INDEX; source-image IDs excluded. Not a semantic quantity inventory or numerical correction.
AB01-PDF0033-notes_left-L010	33	"[""657""]"	p. 657 (<i>Speculi</i> cap. II).	AUTOMATIC_LITERAL_INDEX; source-image IDs excluded. Not a semantic quantity inventory or numerical correction.
AB01-PDF0033-notes_left-L011	33	"[""3""]"	(3) In <n>Ph. Labbei</n>, <i>Nova Bibliotheca ma-</i>	AUTOMATIC_LITERAL_INDEX; source-image IDs excluded. Not a semantic quantity inventory or numerical correction.
AB01-PDF0033-notes_left-L012	33	"[""1653"", ""256""]"	<i>nuscriptorum librorum</i>, Parisiis 1653, p. 256; ite-	AUTOMATIC_LITERAL_INDEX; source-image IDs excluded. Not a semantic quantity inventory or numerical correction.
AB01-PDF0033-notes_left-L014	33	"[""1838"", ""41"", ""245""]"	<i>matiques en Italie</i>, Paris 1838-41, t. I, p. 245. —	AUTOMATIC_LITERAL_INDEX; source-image IDs excluded. Not a semantic quantity inventory or numerical correction.
AB01-PDF0033-notes_left-L016	33	"[""1540"", ""1610""]"	ter 1540 natus, post 1610 mortuus.	AUTOMATIC_LITERAL_INDEX; source-image IDs excluded. Not a semantic quantity inventory or numerical correction.
AB01-PDF0033-notes_left-L017	33	"[""4"", ""430"", ""1039""]"	(4) De quo, anno 430 heg. exeunte (1039 Chr.)	AUTOMATIC_LITERAL_INDEX; source-image IDs excluded. Not a semantic quantity inventory or numerical correction.
AB01-PDF0033-notes_right-L001	33	"[""91"", ""95"", ""204""]"	mortuo, <n>Suter</n>, <i>Mathematiker</i>, p. 91-95, nr. 204,	AUTOMATIC_LITERAL_INDEX; source-image IDs excluded. Not a semantic quantity inventory or numerical correction.
AB01-PDF0033-notes_right-L002	33	"[""169"", ""170""]"	et <i>Nachträge und Berichtigungen</i>, p. 169-170.	AUTOMATIC_LITERAL_INDEX; source-image IDs excluded. Not a semantic quantity inventory or numerical correction.
AB01-PDF0033-notes_right-L003	33	"[""5""]"	(5) <i>Histoire des mathématiques</i>, nouvelle édi-	AUTOMATIC_LITERAL_INDEX; source-image IDs excluded. Not a semantic quantity inventory or numerical correction.
AB01-PDF0033-notes_right-L004	33	"[""409""]"	tion, Paris an VII-X, t. I, p. 409.	AUTOMATIC_LITERAL_INDEX; source-image IDs excluded. Not a semantic quantity inventory or numerical correction.
AB01-PDF0033-notes_right-L005	33	"[""6""]"	(6) <i>De auctorum graecorum versionibus et</i>	AUTOMATIC_LITERAL_INDEX; source-image IDs excluded. Not a semantic quantity inventory or numerical correction.
AB01-PDF0033-notes_right-L007	33	"[""1842"", ""195""]"	<i>sicisque commentatio</i>, Lipsiae 1842, p. 195.	AUTOMATIC_LITERAL_INDEX; source-image IDs excluded. Not a semantic quantity inventory or numerical correction.
AB01-PDF0033-notes_right-L008	33	"[""7""]"	(7) <i>Die arabischen Uebersetzungen aus dem</i>	AUTOMATIC_LITERAL_INDEX; source-image IDs excluded. Not a semantic quantity inventory or numerical correction.
AB01-PDF0033-notes_right-L010	33	"[""1896"", ""178"", ""79"", ""100"", ""12""]"	sellsch., t. L, 1896, p. 178–79, § 100, nr. 12.	AUTOMATIC_LITERAL_INDEX; source-image IDs excluded. Not a semantic quantity inventory or numerical correction.
AB01-PDF0033-notes_right-L011	33	"[""8"", ""206""]"	(8) Et <i>Die arabischen Uebersetzungen</i>, p. 206,	AUTOMATIC_LITERAL_INDEX; source-image IDs excluded. Not a semantic quantity inventory or numerical correction.
AB01-PDF0033-notes_right-L012	33	"[""114"", ""5258""]"	§ 114: « Das lateinische ms. Wien 5258..... ist noch	AUTOMATIC_LITERAL_INDEX; source-image IDs excluded. Not a semantic quantity inventory or numerical correction.
AB01-PDF0033-notes_right-L015	33	"[""9""]"	(9) <n>Haji Khalfae</n> <i>Lexicon bibliogr. et en-</i>	AUTOMATIC_LITERAL_INDEX; source-image IDs excluded. Not a semantic quantity inventory or numerical correction.
AB01-PDF0033-notes_right-L016	33	"[""386"", ""11413""]"	<i>cyclopaedicum</i>, t. V, p. 386, nr. 11413.	AUTOMATIC_LITERAL_INDEX; source-image IDs excluded. Not a semantic quantity inventory or numerical correction.
AB01-PDF0033-notes_right-L017	33	"[""10"", ""234""]"	(10) <i>De auctorum Graecor. versionibus</i>, p. 234.	AUTOMATIC_LITERAL_INDEX; source-image IDs excluded. Not a semantic quantity inventory or numerical correction.
AB01-PDF0034-body-L001	34	"[""1""]"	lemaicas complectenti, innuisse, optime <n>Steinschneider</n> animadvertit (1). <n>Plato</n> ipse <n>Ti-</n>	AUTOMATIC_LITERAL_INDEX; source-image IDs excluded. Not a semantic quantity inventory or numerical correction.
AB01-PDF0034-body-L007	34	"[""1144""]"	ex Arabico anno 1144 Latine redditam instruxit: « <i>Almagesti</i> quidem <n>Albeten</n> commodis-	AUTOMATIC_LITERAL_INDEX; source-image IDs excluded. Not a semantic quantity inventory or numerical correction.
AB01-PDF0034-body-L008	34	"[""2""]"	« sime restringit (2) », ad opus astronomicum alludens. Item demum <n>Albertus Magnus</n>,	AUTOMATIC_LITERAL_INDEX; source-image IDs excluded. Not a semantic quantity inventory or numerical correction.
AB01-PDF0034-body-L013	34	"[""3""]"	« non videntur (3) ».	AUTOMATIC_LITERAL_INDEX; source-image IDs excluded. Not a semantic quantity inventory or numerical correction.
AB01-PDF0034-body-L014	34	"[""206"", ""114""]"	In gravissimum errorem, ut <n>Steinschneider</n>, <i>Die arab. Uebersetzungen</i>, p. 206, § 114	AUTOMATIC_LITERAL_INDEX; source-image IDs excluded. Not a semantic quantity inventory or numerical correction.
AB01-PDF0034-body-L015	34	"[""4""]"	monuit, lapsus est <n>Ahlwardt</n> (4), putans « Almagesti reformationem » (<i>iṣlāḥ al-maǵisṭī</i>), recte	AUTOMATIC_LITERAL_INDEX; source-image IDs excluded. Not a semantic quantity inventory or numerical correction.
AB01-PDF0034-body-L017	34	"[""1898"", ""1902"", ""222""]"	errorem <n>Brockelmann</n>, <i>Gesch. d. arab. Litteratur</i>, Weimar 1898–1902, t. I, p. 222 repetiit.	AUTOMATIC_LITERAL_INDEX; source-image IDs excluded. Not a semantic quantity inventory or numerical correction.
AB01-PDF0034-body-L019	34	"[""212"", ""118"", ""4""]"	tur a <n>Steinschneider</n>, <i>Die arabischen Uebersetzungen</i>, p. 212, § 118, nr. 4, qui male	AUTOMATIC_LITERAL_INDEX; source-image IDs excluded. Not a semantic quantity inventory or numerical correction.
AB01-PDF0034-body-L020	34	"[""399""]"	interpretatus est hanc notitiam catalogi <n>Casiri</n> I, p. 399, cod. CMLXVI:	AUTOMATIC_LITERAL_INDEX; source-image IDs excluded. Not a semantic quantity inventory or numerical correction.
AB01-PDF0034-body-L021	34	"[""2""]"	« 2º. Commentarius in Quadripartitum Ptolemaei..... Auctor est..... Albategnius.	AUTOMATIC_LITERAL_INDEX; source-image IDs excluded. Not a semantic quantity inventory or numerical correction.
AB01-PDF0034-body-L022	34	"[""3""]"	« 3º. Eiusdem tractatus de Astrologiae fructu, cum commentariis: ubi Aphorismi centum	AUTOMATIC_LITERAL_INDEX; source-image IDs excluded. Not a semantic quantity inventory or numerical correction.
AB01-PDF0034-body-L026	34	"[""1887"", ""591"", ""352"", ""11"", ""17""]"	<i>ten-Sammlung zu Erfurt</i>, Berlin 1887, p. 591 (Quart nr. 352, III, fol. 11,v.–17,r.) opusculum	AUTOMATIC_LITERAL_INDEX; source-image IDs excluded. Not a semantic quantity inventory or numerical correction.
AB01-PDF0034-notes_left-L001	34	"[""1"", ""205"", ""06"", ""114""]"	(1) <i>Die arab. Uebersetzungen</i>, p. 205–06, § 114.	AUTOMATIC_LITERAL_INDEX; source-image IDs excluded. Not a semantic quantity inventory or numerical correction.
AB01-PDF0034-notes_left-L002	34	"[""2""]"	(2) Praefatio est in editione Planisphaerii con-	AUTOMATIC_LITERAL_INDEX; source-image IDs excluded. Not a semantic quantity inventory or numerical correction.
AB01-PDF0034-notes_left-L006	34	"[""1536""]"	1536 (scripta etiam Iac. Ziegler, Procli Diadochi, Be-	AUTOMATIC_LITERAL_INDEX; source-image IDs excluded. Not a semantic quantity inventory or numerical correction.
AB01-PDF0034-notes_left-L008	34	"[""229""]"	ibi p. 229; iam notus ex <n>Steinschneider</n> ad	AUTOMATIC_LITERAL_INDEX; source-image IDs excluded. Not a semantic quantity inventory or numerical correction.
AB01-PDF0034-notes_left-L009	34	"[""452"", ""27""]"	<n>Baldi</n> p. 452 (in extr. p. 27 minus accurate) et in	AUTOMATIC_LITERAL_INDEX; source-image IDs excluded. Not a semantic quantity inventory or numerical correction.
AB01-PDF0034-notes_left-L011	34	"[""1871"", ""382""]"	1871, p. 382, adn. *).	AUTOMATIC_LITERAL_INDEX; source-image IDs excluded. Not a semantic quantity inventory or numerical correction.
AB01-PDF0034-notes_left-L012	34	"[""3""]"	(3) Ita in editione Jammy, l. c. Minus bonae	AUTOMATIC_LITERAL_INDEX; source-image IDs excluded. Not a semantic quantity inventory or numerical correction.
AB01-PDF0034-notes_right-L004	34	"[""1871"", ""359""]"	XVI, 1871, p. 359: « Quod autem in almagesti obli-	AUTOMATIC_LITERAL_INDEX; source-image IDs excluded. Not a semantic quantity inventory or numerical correction.
AB01-PDF0034-notes_right-L011	34	"[""4""]"	(4) <i>Verzeichniss der arabischen Handschriften</i>,	AUTOMATIC_LITERAL_INDEX; source-image IDs excluded. Not a semantic quantity inventory or numerical correction.
AB01-PDF0034-notes_right-L012	34	"[""141"", ""5653""]"	t. V, p. 141, nr. 5653.	AUTOMATIC_LITERAL_INDEX; source-image IDs excluded. Not a semantic quantity inventory or numerical correction.
AB01-PDF0035-body-L001	35	"[""1871"", ""415"", ""16""]"	1871, p. 415–16), variis titulis insigniti: <i>Liber Sadan, sive Albumasar in Sadan;</i> — <i>Liber</i>	AUTOMATIC_LITERAL_INDEX; source-image IDs excluded. Not a semantic quantity inventory or numerical correction.
AB01-PDF0035-body-L004	35	"[""415""]"	<i>masaris discipulus</i>, ut <n>Steinschneider</n> l. c. refert, qui (p. 415) etiam locum <n>Ibn al-</n>	AUTOMATIC_LITERAL_INDEX; source-image IDs excluded. Not a semantic quantity inventory or numerical correction.
AB01-PDF0035-body-L007	35	"[""1""]"	<n>Shādhān ibn Baḥr</n>, quod... (1) ». Arabice liber exstat in Bibliotheca Cantabrigiensi, post breves	AUTOMATIC_LITERAL_INDEX; source-image IDs excluded. Not a semantic quantity inventory or numerical correction.
AB01-PDF0035-body-L011	35	"[""2""]"	« Shādhān: Audivi Abū Ma‘shar dicentem..... (2) ». — Ex eodem libro excerpta puto quae	AUTOMATIC_LITERAL_INDEX; source-image IDs excluded. Not a semantic quantity inventory or numerical correction.
AB01-PDF0035-body-L014	35	"[""3""]"	« Ma‘shar quod Muḥammad ibn Mūsà al-Khuwārizmī..... (3) ». — Apud <n>Ibn Abī Uṣay-</n>	AUTOMATIC_LITERAL_INDEX; source-image IDs excluded. Not a semantic quantity inventory or numerical correction.
AB01-PDF0035-body-L015	35	"[""1884"", ""207""]"	<n>bi‘ah</n>, ed. Müller, Kairo–Königsberg 1884, t. I, p. 207, haec sunt: « Dicit <n>Abū Ma‘shar</n>	AUTOMATIC_LITERAL_INDEX; source-image IDs excluded. Not a semantic quantity inventory or numerical correction.
AB01-PDF0035-body-L018	35	"[""81"", ""82"", ""94"", ""96""]"	<n>al-Bīrūnī</n>, <i>Chron.</i> p. 81–82 (= 94–96 vers.): « De hoc Abū Ma‘shar al-Balkhī refert Abū	AUTOMATIC_LITERAL_INDEX; source-image IDs excluded. Not a semantic quantity inventory or numerical correction.
AB01-PDF0035-body-L020	35	"[""54""]"	<n>Albohazen Haly</n>, lib. II, cap. II, p. 54: « Albumasar quoque Dorothium secutus in hoc	AUTOMATIC_LITERAL_INDEX; source-image IDs excluded. Not a semantic quantity inventory or numerical correction.
AB01-PDF0035-body-L021	35	"[""3""]"	« errore fuit, et dixit hanc eandem rationem in 3. parte libri sui, quem nominat <i>librum re-</i>	AUTOMATIC_LITERAL_INDEX; source-image IDs excluded. Not a semantic quantity inventory or numerical correction.
AB01-PDF0035-body-L025	35	"[""414"", ""63"", ""194"", ""140"", ""1"", ""45""]"	<i>soppressi 414</i> insignitus, 63 foliorum, 194 mm. altus, 140 mm. latus, et f. 1,r.–45,r. opus	AUTOMATIC_LITERAL_INDEX; source-image IDs excluded. Not a semantic quantity inventory or numerical correction.
AB01-PDF0035-notes_left-L001	35	"[""1""]"	(1) Eodem fere tempore hic locus prodiebat in	AUTOMATIC_LITERAL_INDEX; source-image IDs excluded. Not a semantic quantity inventory or numerical correction.
AB01-PDF0035-notes_left-L003	35	"[""111""]"	p. 111, ubi perperam <ar>بن بحران</ar> pro <ar>بن بحر انّ</ar> (qua re	AUTOMATIC_LITERAL_INDEX; source-image IDs excluded. Not a semantic quantity inventory or numerical correction.
AB01-PDF0035-notes_left-L005	35	"[""2""]"	(2) <n>Ed. Browne</n>, <i>A hundlist of the muham-</i>	AUTOMATIC_LITERAL_INDEX; source-image IDs excluded. Not a semantic quantity inventory or numerical correction.
AB01-PDF0035-notes_left-L006	35	"[""1900""]"	<i>madan manuscripts of Cambridge</i>, Cambridge 1900,	AUTOMATIC_LITERAL_INDEX; source-image IDs excluded. Not a semantic quantity inventory or numerical correction.
AB01-PDF0035-notes_left-L007	35	"[""200"", ""01"", ""1028""]"	p. 200-01, nr. 1028. Illius <i>Kitāb al-mudhākarāt</i> men-	AUTOMATIC_LITERAL_INDEX; source-image IDs excluded. Not a semantic quantity inventory or numerical correction.
AB01-PDF0035-notes_left-L010	35	"[""694"", ""440""]"	p. 694. — <n>Steinschneider</n> ad <n>Baldi</n> p. 440	AUTOMATIC_LITERAL_INDEX; source-image IDs excluded. Not a semantic quantity inventory or numerical correction.
AB01-PDF0035-notes_left-L011	35	"[""15""]"	(extr. p. 15) monet librum memoratum esse ab <n>Ibn</n>	AUTOMATIC_LITERAL_INDEX; source-image IDs excluded. Not a semantic quantity inventory or numerical correction.
AB01-PDF0035-notes_right-L006	35	"[""220""]"	II, p. 220. Perperam autem in auctario ad <n>Baldi</n>,	AUTOMATIC_LITERAL_INDEX; source-image IDs excluded. Not a semantic quantity inventory or numerical correction.
AB01-PDF0035-notes_right-L007	35	"[""94""]"	extr. p. 94, Ibn Shādhān, in <i>Fihrist</i> memoratum,	AUTOMATIC_LITERAL_INDEX; source-image IDs excluded. Not a semantic quantity inventory or numerical correction.
AB01-PDF0035-notes_right-L009	35	"[""3""]"	(3) <n>Hamzae Ispahanensis</n> <i>Annalium</i>	AUTOMATIC_LITERAL_INDEX; source-image IDs excluded. Not a semantic quantity inventory or numerical correction.
AB01-PDF0035-notes_right-L011	35	"[""1844"", ""48"", ""153"", ""55""]"	psiae 1844–48, lib. X, cap. IV, p. 153–55 textus.	AUTOMATIC_LITERAL_INDEX; source-image IDs excluded. Not a semantic quantity inventory or numerical correction.
AB01-PDF0036-body-L001	36	"[""1"", ""3""]"	quorum argumenta cum sex priorum Almagesti congruunt; <i>primo</i> enim, f. 1,r.–3,v., propo-	AUTOMATIC_LITERAL_INDEX; source-image IDs excluded. Not a semantic quantity inventory or numerical correction.
AB01-PDF0036-body-L003	36	"[""4"", ""8""]"	sionibus rectis; <i>secundo</i>, f. 4,r.–8,v., de ascensionibus obliquis, arcubus semidiurnis, horis	AUTOMATIC_LITERAL_INDEX; source-image IDs excluded. Not a semantic quantity inventory or numerical correction.
AB01-PDF0036-body-L005	36	"[""9"", ""14"", ""14"", ""20""]"	altitudinibus etc.; <i>tertio</i>, f. 9,v.–14,v., universa de motu Solis doctrina; <i>quarto</i>, f. 14,v.–20,r.,	AUTOMATIC_LITERAL_INDEX; source-image IDs excluded. Not a semantic quantity inventory or numerical correction.
AB01-PDF0036-body-L006	36	"[""20"", ""33""]"	de mediis Lunae motibus et prima inaequalitate; <i>quinto</i>, f. 20,v.–33,v., de inaequalitatibus	AUTOMATIC_LITERAL_INDEX; source-image IDs excluded. Not a semantic quantity inventory or numerical correction.
AB01-PDF0036-body-L008	36	"[""34"", ""45""]"	demum, f. 34,r.–45,r., de coniunctionibus, oppositionibus et eclipsibus Solis et Lunae. Ultimum	AUTOMATIC_LITERAL_INDEX; source-image IDs excluded. Not a semantic quantity inventory or numerical correction.
AB01-PDF0036-body-L013	36	"[""3""]"	Quo modo observationes astronomicae sint faciendae interdum docetur; ita f. 3,r.: « maximam	AUTOMATIC_LITERAL_INDEX; source-image IDs excluded. Not a semantic quantity inventory or numerical correction.
AB01-PDF0036-body-L014	36	"[""9""]"	« declinationem per instrumenti artificium et considerationem reperire », et f. 9,v.: « Anni	AUTOMATIC_LITERAL_INDEX; source-image IDs excluded. Not a semantic quantity inventory or numerical correction.
AB01-PDF0036-body-L018	36	"[""1""]"	pant; eadem optime cum Platonis versione congruunt (1). Interdum etiam <i>Tabulas Toletanas</i>	AUTOMATIC_LITERAL_INDEX; source-image IDs excluded. Not a semantic quantity inventory or numerical correction.
AB01-PDF0036-body-L024	36	"[""1332"", ""4""]"	a <n>Iohanne de Capua</n>, in fine <i>Canonum eclipsium</i> (anni 1332), quam in § 4, nr. II referam.	AUTOMATIC_LITERAL_INDEX; source-image IDs excluded. Not a semantic quantity inventory or numerical correction.
AB01-PDF0036-body-L026	36	"[""1175""]"	esse debet anno 1175, quo Gherardus Cremonensis Almagestum Latine vertit; anterior autem	AUTOMATIC_LITERAL_INDEX; source-image IDs excluded. Not a semantic quantity inventory or numerical correction.
AB01-PDF0036-body-L027	36	"[""1280""]"	Alberto Magno, anno 1280 mortuo.	AUTOMATIC_LITERAL_INDEX; source-image IDs excluded. Not a semantic quantity inventory or numerical correction.
AB01-PDF0036-body-L029	36	"[""31<sup>me</sup>"", ""1871"", ""157"", ""16657""]"	<i>de la Sorbonne</i>, in Bibliothèque de l’École des Chartes, 31<sup>me</sup> année, 1871, p. 157, nr. 16657,	AUTOMATIC_LITERAL_INDEX; source-image IDs excluded. Not a semantic quantity inventory or numerical correction.
AB01-PDF0036-body-L030	36	"[""82"", ""132""]"	quo codice, post Albatenii librum, continentur (f. 82,v.–132,v.) « <i>Almagesti minoris libri VI</i> ».	AUTOMATIC_LITERAL_INDEX; source-image IDs excluded. Not a semantic quantity inventory or numerical correction.
AB01-PDF0036-body-L034	36	"[""269"", ""383"", ""597"", ""356""]"	<i>Handschriften-Sammlung zu Erfurt</i>, p. 269 (Fol. nr. 383, I) et 597 (Quart nr. 356, I). No-	AUTOMATIC_LITERAL_INDEX; source-image IDs excluded. Not a semantic quantity inventory or numerical correction.
AB01-PDF0036-body-L036	36	"[""1534""]"	nomia, Norimbergae 1534 impressa.	AUTOMATIC_LITERAL_INDEX; source-image IDs excluded. Not a semantic quantity inventory or numerical correction.
AB01-PDF0036-notes_left-L001	36	"[""1"", ""1"", ""130""]"	(1) Ita <m>\frac{1}{130}</m> in longitudine anni veterum Aegy-	AUTOMATIC_LITERAL_INDEX; source-image IDs excluded. Not a semantic quantity inventory or numerical correction.
AB01-PDF0036-notes_left-L002	36	"[""10"", ""204""]"	ptiorum et Babyloniorum, f. 10,r.; cfr. quae dixi p. 204	AUTOMATIC_LITERAL_INDEX; source-image IDs excluded. Not a semantic quantity inventory or numerical correction.
AB01-PDF0036-notes_left-L003	36	"[""3""]"	et in Addendis. « Albategni » etiam laudatur f. 3,v.,	AUTOMATIC_LITERAL_INDEX; source-image IDs excluded. Not a semantic quantity inventory or numerical correction.
AB01-PDF0036-notes_left-L004	36	"[""10"", ""12""]"	10,r. (aequinoctia et magnitudo anni), 12,r. (Solis ex-	AUTOMATIC_LITERAL_INDEX; source-image IDs excluded. Not a semantic quantity inventory or numerical correction.
AB01-PDF0036-notes_left-L005	36	"[""19""]"	centricitas et apogeum), 19,v (anomaliae lunaris mo-	AUTOMATIC_LITERAL_INDEX; source-image IDs excluded. Not a semantic quantity inventory or numerical correction.
AB01-PDF0036-notes_left-L006	36	"[""20"", ""29"", ""30""]"	tus), 20,r. (motus latitudinis Lunae), 29,v.–30,v. (ma-	AUTOMATIC_LITERAL_INDEX; source-image IDs excluded. Not a semantic quantity inventory or numerical correction.
AB01-PDF0036-notes_right-L002	36	"[""36""]"	f. 36,r.–v. (coniunctionum apparentium supputatio),	AUTOMATIC_LITERAL_INDEX; source-image IDs excluded. Not a semantic quantity inventory or numerical correction.
AB01-PDF0036-notes_right-L003	36	"[""37"", ""38"", ""39""]"	37,r.–38,r. (termini eclipsium Solis et Lunae), 39,r.–v.	AUTOMATIC_LITERAL_INDEX; source-image IDs excluded. Not a semantic quantity inventory or numerical correction.
AB01-PDF0036-notes_right-L006	36	"[""32""]"	un ») narrantur f. 32,v.	AUTOMATIC_LITERAL_INDEX; source-image IDs excluded. Not a semantic quantity inventory or numerical correction.
AB01-PDF0037-body-L003	37	"[""1""]"	1.º <i>Liber Quadripartiti</i> <n>Ptholemei</n>. <i>Centiloquium eiusdem. Centiloquium</i> <n>Herme-</n>	AUTOMATIC_LITERAL_INDEX; source-image IDs excluded. Not a semantic quantity inventory or numerical correction.
AB01-PDF0037-body-L005	37	"[""1493""]"	<i>dem de significatione triplicitatum ortus.</i> etc. Venetiis 1493.	AUTOMATIC_LITERAL_INDEX; source-image IDs excluded. Not a semantic quantity inventory or numerical correction.
AB01-PDF0037-body-L006	37	"[""2""]"	2.º <i>Quadriparti.</i> <n>Ptolo.</n> <i>Que in hoc volumine continentur hec sunt. Libri Quadri-</i>	AUTOMATIC_LITERAL_INDEX; source-image IDs excluded. Not a semantic quantity inventory or numerical correction.
AB01-PDF0037-body-L009	37	"[""1519"", ""108"", ""109"", ""1""]"	<i>plicitatum ortus.</i> etc. Venetiis 1519. — Opuscula sunt p. 108,v.–109,v. (1).	AUTOMATIC_LITERAL_INDEX; source-image IDs excluded. Not a semantic quantity inventory or numerical correction.
AB01-PDF0037-body-L010	37	"[""3""]"	3.º <n>Abrahe Avenaris Iudei</n> <i>astrologi peritissimi in re iudiciali opera a Petro</i>	AUTOMATIC_LITERAL_INDEX; source-image IDs excluded. Not a semantic quantity inventory or numerical correction.
AB01-PDF0037-body-L011	37	"[""1507"", ""93"", ""96""]"	<i>de Abano in Latinum traducta</i>, Venetiis 1507. Adiecta sunt opuscula illa f. 93,r.–96,r.;	AUTOMATIC_LITERAL_INDEX; source-image IDs excluded. Not a semantic quantity inventory or numerical correction.
AB01-PDF0037-body-L013	37	"[""456"", ""17"", ""30""]"	p. 456, adn. 17 (brevius in extr. p. 30).	AUTOMATIC_LITERAL_INDEX; source-image IDs excluded. Not a semantic quantity inventory or numerical correction.
AB01-PDF0037-body-L014	37	"[""4"", ""5""]"	4º et 5º. In collectaneis astrologicis adiectis libro: <n>Iulii Firmici Materni</n> <i>iunioris</i>	AUTOMATIC_LITERAL_INDEX; source-image IDs excluded. Not a semantic quantity inventory or numerical correction.
AB01-PDF0037-body-L016	37	"[""1533"", ""1551""]"	Basileae 1533 et rursus 1551. — Ambae editiones eundem paginarum numerum eosdemque er-	AUTOMATIC_LITERAL_INDEX; source-image IDs excluded. Not a semantic quantity inventory or numerical correction.
AB01-PDF0037-body-L017	37	"[""89"", ""93"", ""110"", ""112""]"	rores servant; opuscula sunt p. 89–93 (Centiloquium) et <glyph>AB01-PDF0037-G01</glyph> (perperam in edd. 110–112!).	AUTOMATIC_LITERAL_INDEX; source-image IDs excluded. Not a semantic quantity inventory or numerical correction.
AB01-PDF0037-body-L019	37	"[""456"", ""57""]"	multifariam corrupto: <i>Bereni, Bareni</i> etc., ut monuit <n>Steinschneider</n> ad <n>Baldi</n> 456–57	AUTOMATIC_LITERAL_INDEX; source-image IDs excluded. Not a semantic quantity inventory or numerical correction.
AB01-PDF0037-body-L020	37	"[""29"", ""30""]"	(extr. 29–30); in codice membranaceo Bibliothecae Nationalis Florentiae (<i>Conventi soppressi I,</i>	AUTOMATIC_LITERAL_INDEX; source-image IDs excluded. Not a semantic quantity inventory or numerical correction.
AB01-PDF0037-body-L021	37	"[""28"", ""103"", ""104"", ""2""]"	<i>III, 28</i>), f. 103,r.–104,r., « <i>Centiloquium Boetem</i> (2) ». — Iuxta codicem quendam Parisien-	AUTOMATIC_LITERAL_INDEX; source-image IDs excluded. Not a semantic quantity inventory or numerical correction.
AB01-PDF0037-body-L023	37	"[""458"", ""31"", ""3""]"	<n>Baldi</n>, <n>Steinschneider</n> (ad Baldi, 458 = extr. 31) et <n>Suter</n> (3) putaverunt <i>Bethem</i>	AUTOMATIC_LITERAL_INDEX; source-image IDs excluded. Not a semantic quantity inventory or numerical correction.
AB01-PDF0037-body-L025	37	"[""4""]"	aut tria omnia (Suter) probabiliter excerpta e libro <i>de ascensionibus signorum</i> (4). Ut de	AUTOMATIC_LITERAL_INDEX; source-image IDs excluded. Not a semantic quantity inventory or numerical correction.
AB01-PDF0037-body-L027	37	"[""1493"", ""1519"", ""1507""]"	tionum 1493 et 1519; littera V edit. 1507, B ambas Basileenses, F codicem Florentinum (Cen-	AUTOMATIC_LITERAL_INDEX; source-image IDs excluded. Not a semantic quantity inventory or numerical correction.
AB01-PDF0037-body-L028	37	"[""5""]"	tiloquii) indico (5).	AUTOMATIC_LITERAL_INDEX; source-image IDs excluded. Not a semantic quantity inventory or numerical correction.
AB01-PDF0037-body-L029	37	"[""6""]"	<i>Centiloquium.</i> — Ita exorditur: « Incipit centiloquium Bethem (6). Hunc (V nunc) in-	AUTOMATIC_LITERAL_INDEX; source-image IDs excluded. Not a semantic quantity inventory or numerical correction.
AB01-PDF0037-body-L031	37	"[""1""]"	« 1. Scias quod quando planetae sunt retrogradi sunt ut vir infirmus, stupefactus, sollicitus.	AUTOMATIC_LITERAL_INDEX; source-image IDs excluded. Not a semantic quantity inventory or numerical correction.
AB01-PDF0037-notes_left-L001	37	"[""1""]"	(1) In ambabus his editionibus Tetrabiblus in-	AUTOMATIC_LITERAL_INDEX; source-image IDs excluded. Not a semantic quantity inventory or numerical correction.
AB01-PDF0037-notes_left-L003	37	"[""453"", ""1061""]"	mentario <n>‘Alī ibn Riḍwān</n> (m. 453 heg., 1061	AUTOMATIC_LITERAL_INDEX; source-image IDs excluded. Not a semantic quantity inventory or numerical correction.
AB01-PDF0037-notes_left-L006	37	"[""300""]"	300 heg.	AUTOMATIC_LITERAL_INDEX; source-image IDs excluded. Not a semantic quantity inventory or numerical correction.
AB01-PDF0037-notes_left-L007	37	"[""2""]"	(2) Hic codex est qui a <n>B. de Montfaucon</n>,	AUTOMATIC_LITERAL_INDEX; source-image IDs excluded. Not a semantic quantity inventory or numerical correction.
AB01-PDF0037-notes_left-L009	37	"[""1739"", ""429""]"	Parisiis 1739, t. I, p. 429, memoratur; tunc ad Biblio-	AUTOMATIC_LITERAL_INDEX; source-image IDs excluded. Not a semantic quantity inventory or numerical correction.
AB01-PDF0037-notes_left-L011	37	"[""3""]"	(3) <i>Das Mathematiker-Verzeichniss im Fih-</i>	AUTOMATIC_LITERAL_INDEX; source-image IDs excluded. Not a semantic quantity inventory or numerical correction.
AB01-PDF0037-notes_left-L012	37	"[""67"", ""68"", ""211"", ""47""]"	<i>rist</i>, p. 67-68, adn. 211; <i>Die Mathematiker</i>, p. 47.	AUTOMATIC_LITERAL_INDEX; source-image IDs excluded. Not a semantic quantity inventory or numerical correction.
AB01-PDF0037-notes_left-L013	37	"[""4""]"	(4) <n>Steinschneider</n> l. c.: « Mi pare che	AUTOMATIC_LITERAL_INDEX; source-image IDs excluded. Not a semantic quantity inventory or numerical correction.
AB01-PDF0037-notes_right-L006	37	"[""5"", ""1493"", ""1519""]"	(5) In editionibus annorum 1493, 1519, amba-	AUTOMATIC_LITERAL_INDEX; source-image IDs excluded. Not a semantic quantity inventory or numerical correction.
AB01-PDF0037-notes_right-L007	37	"[""1""]"	busque Basileensibus, perperam nr. 1 apponitur pri-	AUTOMATIC_LITERAL_INDEX; source-image IDs excluded. Not a semantic quantity inventory or numerical correction.
AB01-PDF0037-notes_right-L008	37	"[""2""]"	mis verbis, nr. 2 primo aphorismo; qua re aphoris-	AUTOMATIC_LITERAL_INDEX; source-image IDs excluded. Not a semantic quantity inventory or numerical correction.
AB01-PDF0037-notes_right-L010	37	"[""6""]"	(6) In V: « Incipit liber de consuetudinibus in	AUTOMATIC_LITERAL_INDEX; source-image IDs excluded. Not a semantic quantity inventory or numerical correction.
AB01-PDF0038-body-L001	38	"[""2""]"	« 2. Cadens vero est quasi mortuus cui non est motus ». Sequuntur reliqui astrologiae apho-	AUTOMATIC_LITERAL_INDEX; source-image IDs excluded. Not a semantic quantity inventory or numerical correction.
AB01-PDF0038-body-L002	38	"[""100""]"	rismi, quorum ultimus: « 100. Quando planeta infortuna erit (V infortunatus fuerit) in angulis	AUTOMATIC_LITERAL_INDEX; source-image IDs excluded. Not a semantic quantity inventory or numerical correction.
AB01-PDF0038-body-L019	38	"[""1""]"	« Explicit de horis planetarum Bethem (1) ».	AUTOMATIC_LITERAL_INDEX; source-image IDs excluded. Not a semantic quantity inventory or numerical correction.
AB01-PDF0038-body-L024	38	"[""1531""]"	(m. 1531), iudex in his rebus peritus, de libello ita sentit: « Babilonios [sic] secuti sunt plures	AUTOMATIC_LITERAL_INDEX; source-image IDs excluded. Not a semantic quantity inventory or numerical correction.
AB01-PDF0038-body-L026	38	"[""2""]"	« tractatum, cuius principium est: Cum fuerit hora Saturni etc. (2) ». Cum principiis igitur	AUTOMATIC_LITERAL_INDEX; source-image IDs excluded. Not a semantic quantity inventory or numerical correction.
AB01-PDF0038-body-L028	38	"[""3""]"	deprehendimus (3)	AUTOMATIC_LITERAL_INDEX; source-image IDs excluded. Not a semantic quantity inventory or numerical correction.
AB01-PDF0038-body-L034	38	"[""4""]"	Nominum propriorum Arabicorum duo genera sunt; alterum articulo <i>al</i> (4) semper in-	AUTOMATIC_LITERAL_INDEX; source-image IDs excluded. Not a semantic quantity inventory or numerical correction.
AB01-PDF0038-notes_left-L001	38	"[""1""]"	(1) B desinunt voce « planetis »; V Bethen.	AUTOMATIC_LITERAL_INDEX; source-image IDs excluded. Not a semantic quantity inventory or numerical correction.
AB01-PDF0038-notes_left-L002	38	"[""2""]"	(2) <n>Ioh. Stoeflerini</n> <i>variorum astrola-</i>	AUTOMATIC_LITERAL_INDEX; source-image IDs excluded. Not a semantic quantity inventory or numerical correction.
AB01-PDF0038-notes_left-L005	38	"[""1535"", ""43""]"	guntiae] 1535, f. 43,r. Mihi innotuit ex additamento	AUTOMATIC_LITERAL_INDEX; source-image IDs excluded. Not a semantic quantity inventory or numerical correction.
AB01-PDF0038-notes_left-L007	38	"[""457""]"	Baldi, p. 457 (deest in extr.). — De horarum plane-	AUTOMATIC_LITERAL_INDEX; source-image IDs excluded. Not a semantic quantity inventory or numerical correction.
AB01-PDF0038-notes_right-L002	38	"[""341"", ""42""]"	VII, cap. C, p. 341–42.	AUTOMATIC_LITERAL_INDEX; source-image IDs excluded. Not a semantic quantity inventory or numerical correction.
AB01-PDF0038-notes_right-L003	38	"[""3""]"	(3) Praeter alia multa in hac praefatione pas-	AUTOMATIC_LITERAL_INDEX; source-image IDs excluded. Not a semantic quantity inventory or numerical correction.
AB01-PDF0038-notes_right-L004	38	"[""2""]"	sim dicta, cfr. p. xxiii, in fine § 2.	AUTOMATIC_LITERAL_INDEX; source-image IDs excluded. Not a semantic quantity inventory or numerical correction.
AB01-PDF0038-notes_right-L005	38	"[""4""]"	(4) Littera <i>l</i> ante <i>d, ḍ, dh, n, r, s, ṣ, sh, t,</i>	AUTOMATIC_LITERAL_INDEX; source-image IDs excluded. Not a semantic quantity inventory or numerical correction.
AB01-PDF0039-body-L007	39	"[""1""]"	nomina (1). Quin etiam nomina voce <i>Abū</i> (i. e. pater) composita interdum falso articulo in-	AUTOMATIC_LITERAL_INDEX; source-image IDs excluded. Not a semantic quantity inventory or numerical correction.
AB01-PDF0039-body-L010	39	"[""2"", ""3""]"	<n>Iohannes Hispalensis</n> in versione Alfragani (2) et Alcabitii (3), <n>Plato Tiburtinus</n> in	AUTOMATIC_LITERAL_INDEX; source-image IDs excluded. Not a semantic quantity inventory or numerical correction.
AB01-PDF0039-body-L011	39	"[""4"", ""5"", ""6""]"	versione Tetrabibli (4) et Albatenii (5), interpretes astrologiae Ibn Abī ’r-Riǵāl (6), aliique. Item	AUTOMATIC_LITERAL_INDEX; source-image IDs excluded. Not a semantic quantity inventory or numerical correction.
AB01-PDF0039-body-L012	39	"[""7""]"	in <i>stellarum</i> nomina, quae nunc recensere longius est (7). Demum in ipsis <i>vocibus technicis</i>	AUTOMATIC_LITERAL_INDEX; source-image IDs excluded. Not a semantic quantity inventory or numerical correction.
AB01-PDF0039-body-L018	39	"[""8""]"	<i>cantarat, azimuth</i> (8), <i>almunchariff, alchinchirefet, attacium</i> (pro <i>attacuim</i>), <i>athazir,</i>	AUTOMATIC_LITERAL_INDEX; source-image IDs excluded. Not a semantic quantity inventory or numerical correction.
AB01-PDF0039-body-L022	39	"[""8""]"	quae in adn. 8 dixi, duo sufficiant exempla ex Alcabitio a <n>Iohanne Hispalensi</n> trans-	AUTOMATIC_LITERAL_INDEX; source-image IDs excluded. Not a semantic quantity inventory or numerical correction.
AB01-PDF0039-body-L023	39	"[""10"", ""1485"", ""5"", ""6""]"	lato: diff. IV, cap. 10 (ed. 1485, f. dd5,v.–dd6,r.): « et ex hoc <i>amanbaharat</i> [corr. <i>anauba-</i>	AUTOMATIC_LITERAL_INDEX; source-image IDs excluded. Not a semantic quantity inventory or numerical correction.
AB01-PDF0039-body-L025	39	"[""19"", ""11"", ""6""]"	« rium 19. gradus Aquarii Iovis »; item diff. IV, cap. 11 (f. dd6,r.): « et ex hoc <i>adorogen</i>	AUTOMATIC_LITERAL_INDEX; source-image IDs excluded. Not a semantic quantity inventory or numerical correction.
AB01-PDF0039-notes_left-L001	39	"[""1""]"	(1) Unica exceptio <i>Rhāzes</i> (<i>ar-Rāzī</i>) medicus,	AUTOMATIC_LITERAL_INDEX; source-image IDs excluded. Not a semantic quantity inventory or numerical correction.
AB01-PDF0039-notes_left-L005	39	"[""2""]"	(2) <i>Brevis ac perutilis compilatio</i> <n>Alfragani</n>	AUTOMATIC_LITERAL_INDEX; source-image IDs excluded. Not a semantic quantity inventory or numerical correction.
AB01-PDF0039-notes_left-L008	39	"[""1537"", ""9"", ""10""]"	bergae 1537, cap. IX, f. 9,r.–10,r.	AUTOMATIC_LITERAL_INDEX; source-image IDs excluded. Not a semantic quantity inventory or numerical correction.
AB01-PDF0039-notes_left-L009	39	"[""3""]"	(3) <i>Libellus ysagogicus</i> <n>Abdilazi</n>. <i>id est</i>	AUTOMATIC_LITERAL_INDEX; source-image IDs excluded. Not a semantic quantity inventory or numerical correction.
AB01-PDF0039-notes_left-L012	39	"[""1485""]"	<i>a Iohanne Hispalensi</i>, Venetiis 1485, diff. I, cap. de	AUTOMATIC_LITERAL_INDEX; source-image IDs excluded. Not a semantic quantity inventory or numerical correction.
AB01-PDF0039-notes_left-L013	39	"[""7""]"	significationibus signorum, f. aa7,r.–v., et diff. II,	AUTOMATIC_LITERAL_INDEX; source-image IDs excluded. Not a semantic quantity inventory or numerical correction.
AB01-PDF0039-notes_left-L014	39	"[""5""]"	cap. I, f. bb5,r.–cc,r. — Postea pluries impressus.	AUTOMATIC_LITERAL_INDEX; source-image IDs excluded. Not a semantic quantity inventory or numerical correction.
AB01-PDF0039-notes_left-L015	39	"[""4"", ""3""]"	(4) Lib. II, cap. 3: <i>Ascade</i> et <i>Asaede</i> = <i>aṣ-Ṣoghd</i>	AUTOMATIC_LITERAL_INDEX; source-image IDs excluded. Not a semantic quantity inventory or numerical correction.
AB01-PDF0039-notes_left-L018	39	"[""5"", ""11"", ""12""]"	(5) Cap. VI, ed. Norimbergensis f. 11,r.–12,v.	AUTOMATIC_LITERAL_INDEX; source-image IDs excluded. Not a semantic quantity inventory or numerical correction.
AB01-PDF0039-notes_left-L019	39	"[""6"", ""1571""]"	(6) <n>Albohazen Haly</n> etc., Basileae 1571,	AUTOMATIC_LITERAL_INDEX; source-image IDs excluded. Not a semantic quantity inventory or numerical correction.
AB01-PDF0039-notes_left-L020	39	"[""37"", ""406"", ""08""]"	lib. VIII, cap. 37, p. 406-08.	AUTOMATIC_LITERAL_INDEX; source-image IDs excluded. Not a semantic quantity inventory or numerical correction.
AB01-PDF0039-notes_right-L001	39	"[""7""]"	(7) Praesertim in Catalogo <i>Almagesti</i> et in <i>Li-</i>	AUTOMATIC_LITERAL_INDEX; source-image IDs excluded. Not a semantic quantity inventory or numerical correction.
AB01-PDF0039-notes_right-L010	39	"[""8""]"	(8) <i>Zenith</i> et <i>nadir</i>, quoniam in libris astro-	AUTOMATIC_LITERAL_INDEX; source-image IDs excluded. Not a semantic quantity inventory or numerical correction.
AB01-PDF0039-notes_right-L015	39	"[""6""]"	est; cfr. in versione <n>Anaritii</n> ed. Curtze p. 6 <i>leu-</i>	AUTOMATIC_LITERAL_INDEX; source-image IDs excluded. Not a semantic quantity inventory or numerical correction.
AB01-PDF0039-notes_right-L016	39	"[""165""]"	<i>lavie</i> (<i>lawlabiyyah</i>, spirales) et 165 « <i>mutasicha</i> »	AUTOMATIC_LITERAL_INDEX; source-image IDs excluded. Not a semantic quantity inventory or numerical correction.
AB01-PDF0039-notes_right-L017	39	"[""36""]"	(<gr>ὁμόλογα</gr>). At in versione <i>Centiloquii</i> nr. 36: « vel	AUTOMATIC_LITERAL_INDEX; source-image IDs excluded. Not a semantic quantity inventory or numerical correction.
AB01-PDF0040-body-L001	40	"[""1""]"	« [<i>ad-darīǵan</i>]..... », at infra: « erit eius <i>dorongen</i> Sol..... (1) ». Eadem causa in versione	AUTOMATIC_LITERAL_INDEX; source-image IDs excluded. Not a semantic quantity inventory or numerical correction.
AB01-PDF0040-body-L002	40	"[""7""]"	<i>Commentarii</i> <n>Anaritii</n> <i>in Euclidem</i>, ed. Curtze, p. 7: « sicut <i>meguar</i> » (i. e. sicut axis,	AUTOMATIC_LITERAL_INDEX; source-image IDs excluded. Not a semantic quantity inventory or numerical correction.
AB01-PDF0040-body-L009	40	"[""2""]"	nium Thyaneum) cui libelli astrologici et magici ex Arabico in Latinum versi tribuuntur (2),	AUTOMATIC_LITERAL_INDEX; source-image IDs excluded. Not a semantic quantity inventory or numerical correction.
AB01-PDF0040-body-L011	40	"[""4""]"	§ 4. Opus astronomicum.	AUTOMATIC_LITERAL_INDEX; source-image IDs excluded. Not a semantic quantity inventory or numerical correction.
AB01-PDF0040-body-L014	40	"[""1""]"	« <i>stellarum</i> », « <i>de numeris stellarum</i> », ex ipso libri initio (p. 1) petiti sunt. Procul dubio	AUTOMATIC_LITERAL_INDEX; source-image IDs excluded. Not a semantic quantity inventory or numerical correction.
AB01-PDF0040-body-L015	40	"[""3""]"	auctor librum suum nonnisi <i>zīǵ</i> appellaverat, quo nomine (3), male <i>Tabulis</i> a nostratibus	AUTOMATIC_LITERAL_INDEX; source-image IDs excluded. Not a semantic quantity inventory or numerical correction.
AB01-PDF0040-body-L016	40	"[""4""]"	verso (4), Arabes designant libros qui, cosmographiae rudimentis plerumque omissis, astrono-	AUTOMATIC_LITERAL_INDEX; source-image IDs excluded. Not a semantic quantity inventory or numerical correction.
AB01-PDF0040-body-L018	40	"[""5""]"	necessarias tabulas complectantur (5). Nec alio quam « <i>zīǵ al-Battānī</i> » nomine liber innotuit	AUTOMATIC_LITERAL_INDEX; source-image IDs excluded. Not a semantic quantity inventory or numerical correction.
AB01-PDF0040-notes_left-L001	40	"[""1""]"	(1) <n>M. Curtze</n> in praefatione ad <n>Anaritii</n>	AUTOMATIC_LITERAL_INDEX; source-image IDs excluded. Not a semantic quantity inventory or numerical correction.
AB01-PDF0040-notes_left-L004	40	"[""1899""]"	<i>sis</i>, Lipsiae 1899, p. xiii–xiv, monet: « In sua ver-	AUTOMATIC_LITERAL_INDEX; source-image IDs excluded. Not a semantic quantity inventory or numerical correction.
AB01-PDF0040-notes_left-L007	40	"[""5"", ""22""]"	« Exempli gratia p. 5, l. 22 legimus: <i>brevior dimen-</i>	AUTOMATIC_LITERAL_INDEX; source-image IDs excluded. Not a semantic quantity inventory or numerical correction.
AB01-PDF0040-notes_left-L008	40	"[""1"", ""34""]"	« <i>sio</i> pro <i>brevissima dimensio</i>, et ibidem 1, 34: <i>cum</i>	AUTOMATIC_LITERAL_INDEX; source-image IDs excluded. Not a semantic quantity inventory or numerical correction.
AB01-PDF0040-notes_left-L017	40	"[""2""]"	(2) Recensentur a <n>M. Steinschneider</n>,	AUTOMATIC_LITERAL_INDEX; source-image IDs excluded. Not a semantic quantity inventory or numerical correction.
AB01-PDF0040-notes_left-L019	40	"[""1871"", ""369"", ""395""]"	them. u. Physik, t. XVI, 1871, p. 369 et 395.	AUTOMATIC_LITERAL_INDEX; source-image IDs excluded. Not a semantic quantity inventory or numerical correction.
AB01-PDF0040-notes_left-L020	40	"[""3""]"	(3) E Pehlvico <i>zīk</i>, Neo-persico <glyph>AB01-PDF0040-G01</glyph> <i>zīg</i>, i.	AUTOMATIC_LITERAL_INDEX; source-image IDs excluded. Not a semantic quantity inventory or numerical correction.
AB01-PDF0040-notes_right-L001	40	"[""4""]"	(4) Tabulae semper <i>ǵadwal</i> vocantur, ob colu-	AUTOMATIC_LITERAL_INDEX; source-image IDs excluded. Not a semantic quantity inventory or numerical correction.
AB01-PDF0040-notes_right-L003	40	"[""5""]"	(5) Recte igitur <gr>Περσικὴ σύνταξις ἀστρονομίας</gr>,	AUTOMATIC_LITERAL_INDEX; source-image IDs excluded. Not a semantic quantity inventory or numerical correction.
AB01-PDF0040-notes_right-L004	40	"[""1323""]"	Graece anno 1323 ab ignoto homine ex praelectio-	AUTOMATIC_LITERAL_INDEX; source-image IDs excluded. Not a semantic quantity inventory or numerical correction.
AB01-PDF0040-notes_right-L007	40	"[""219"", ""20""]"	p 219-20, <n>Useneri</n> sententiam emendans), ita	AUTOMATIC_LITERAL_INDEX; source-image IDs excluded. Not a semantic quantity inventory or numerical correction.
AB01-PDF0040-notes_right-L013	40	"[""1898"", ""3""]"	sellis 1898 sqq., t. I, p. 3); idemque semper <gr>σύνταξις</gr>	AUTOMATIC_LITERAL_INDEX; source-image IDs excluded. Not a semantic quantity inventory or numerical correction.
AB01-PDF0040-notes_right-L015	40	"[""88"", ""89""]"	zinī, aliorumque (<i>Cat. codd. astrol.</i>, t. I, p. 88 et 89).	AUTOMATIC_LITERAL_INDEX; source-image IDs excluded. Not a semantic quantity inventory or numerical correction.
AB01-PDF0040-notes_right-L018	40	"[""1876""]"	<i>nomiae symbola</i>, Bonnae 1876 (Universitäts-Progr.),	AUTOMATIC_LITERAL_INDEX; source-image IDs excluded. Not a semantic quantity inventory or numerical correction.
AB01-PDF0040-notes_right-L019	40	"[""22"", ""15""]"	p. 22 (cfr. 15, adn.). — <n>G. Chrysococces</n>, in <i>Ex-</i>	AUTOMATIC_LITERAL_INDEX; source-image IDs excluded. Not a semantic quantity inventory or numerical correction.
AB01-PDF0040-notes_right-L021	40	"[""1346""]"	<gr>σύνταξιν τῶν Περσῶν</gr>) anno 1346 scripta: <gr>τὸ ζῆσι τόδε</gr>	AUTOMATIC_LITERAL_INDEX; source-image IDs excluded. Not a semantic quantity inventory or numerical correction.
AB01-PDF0040-notes_right-L024	40	"[""1545"", ""213""]"	1545, pars II, p. 213).	AUTOMATIC_LITERAL_INDEX; source-image IDs excluded. Not a semantic quantity inventory or numerical correction.
AB01-PDF0041-body-L001	41	"[""1""]"	« nomicum Sabium » hunc librum vocaverunt; ita Ibn Khallikān et Abū ’l-fidā’, in § 1 me-	AUTOMATIC_LITERAL_INDEX; source-image IDs excluded. Not a semantic quantity inventory or numerical correction.
AB01-PDF0041-body-L002	41	"[""1""]"	morati, et Ḥāǵǵī Khalīfah (1).	AUTOMATIC_LITERAL_INDEX; source-image IDs excluded. Not a semantic quantity inventory or numerical correction.
AB01-PDF0041-body-L007	41	"[""264"", ""12"", ""877""]"	ut Ibn al-Muktafī narrare cognovimus, anno 264 heg. (inc. 12 Sept. 877 Chr.) observationes	AUTOMATIC_LITERAL_INDEX; source-image IDs excluded. Not a semantic quantity inventory or numerical correction.
AB01-PDF0041-body-L008	41	"[""1""]"	suas orditus fuerit; radices enim mediorum motuum et magnus fixarum catalogus, pro 1 ādhār	AUTOMATIC_LITERAL_INDEX; source-image IDs excluded. Not a semantic quantity inventory or numerical correction.
AB01-PDF0041-body-L009	41	"[""1191"", ""1"", ""880""]"	1191 a Dhū ’l-qarnayn seu 1 Martii 880 Chr. constituta, necessario iam in priore libri edi-	AUTOMATIC_LITERAL_INDEX; source-image IDs excluded. Not a semantic quantity inventory or numerical correction.
AB01-PDF0041-body-L011	41	"[""288"", ""25""]"	Quo anno primum liber in lucem prodierit nescio; procul dubio ante 288 heg. (inc. 25	AUTOMATIC_LITERAL_INDEX; source-image IDs excluded. Not a semantic quantity inventory or numerical correction.
AB01-PDF0041-body-L012	41	"[""900"", ""901""]"	Dec. 900), nam LII caput iam a Thābit ibn Qurrah, mortuo mense Februario 901, memora-	AUTOMATIC_LITERAL_INDEX; source-image IDs excluded. Not a semantic quantity inventory or numerical correction.
AB01-PDF0041-body-L013	41	"[""301"", ""02""]"	tur (v. p. 301-02, et addenda). Unde etiam consequitur <i>alteram</i> esse editionem quam codex	AUTOMATIC_LITERAL_INDEX; source-image IDs excluded. Not a semantic quantity inventory or numerical correction.
AB01-PDF0041-body-L015	41	"[""901"", ""1211"", ""2""]"	mensibus Ianuario et Augusto 901 Chr. (1211 a Dhū ’l-qarnayn) Antiochiae factae (2). Certum	AUTOMATIC_LITERAL_INDEX; source-image IDs excluded. Not a semantic quantity inventory or numerical correction.
AB01-PDF0041-body-L021	41	"[""3""]"	semper, in eo reprehendunt (3). Ex adnotationibus huic tomo et sequenti adiectis satis colligi-	AUTOMATIC_LITERAL_INDEX; source-image IDs excluded. Not a semantic quantity inventory or numerical correction.
AB01-PDF0041-body-L024	41	"[""4""]"	sit astronomi nostri mentio (4). Scriptoribus a me passim adductis, ut <n>Thābit ibn Qurrah</n>,	AUTOMATIC_LITERAL_INDEX; source-image IDs excluded. Not a semantic quantity inventory or numerical correction.
AB01-PDF0041-notes_left-L001	41	"[""1""]"	(1) <n>Haji Khalfae</n> <i>Lexicon bibliogr. et en-</i>	AUTOMATIC_LITERAL_INDEX; source-image IDs excluded. Not a semantic quantity inventory or numerical correction.
AB01-PDF0041-notes_left-L002	41	"[""564"", ""6946""]"	<i>cyclop.</i>, t. III, p. 564, nr. 6946, ex libro Persico <i>maǵ-</i>	AUTOMATIC_LITERAL_INDEX; source-image IDs excluded. Not a semantic quantity inventory or numerical correction.
AB01-PDF0041-notes_left-L003	41	"[""568"", ""6961""]"	<i>mū‘eh i sī faṣl</i>. At III, 568, nr. 6961, ex alio fonte,	AUTOMATIC_LITERAL_INDEX; source-image IDs excluded. Not a semantic quantity inventory or numerical correction.
AB01-PDF0041-notes_left-L005	41	"[""2"", ""56"", ""57""]"	(2) Pag. 56 et 57. Fortasse etiam epocham me-	AUTOMATIC_LITERAL_INDEX; source-image IDs excluded. Not a semantic quantity inventory or numerical correction.
AB01-PDF0041-notes_left-L006	41	"[""1211""]"	dii motus Solis anno 1211 a Dh. constituerat; cfr.	AUTOMATIC_LITERAL_INDEX; source-image IDs excluded. Not a semantic quantity inventory or numerical correction.
AB01-PDF0041-notes_left-L007	41	"[""246""]"	pag. 246.	AUTOMATIC_LITERAL_INDEX; source-image IDs excluded. Not a semantic quantity inventory or numerical correction.
AB01-PDF0041-notes_left-L008	41	"[""3"", ""295"", ""96"", ""297""]"	(3) Censuras <n>aṣ-Ṣūfī</n> retuli p. 295-96, 297, et	AUTOMATIC_LITERAL_INDEX; source-image IDs excluded. Not a semantic quantity inventory or numerical correction.
AB01-PDF0041-notes_left-L009	41	"[""162"", ""9"", ""163"", ""12""]"	t. II, p. 162 (nr. 9 Sagittarii), 163 (nr. 12 eiusdem) ac	AUTOMATIC_LITERAL_INDEX; source-image IDs excluded. Not a semantic quantity inventory or numerical correction.
AB01-PDF0041-notes_left-L011	41	"[""235"", ""261""]"	rum. — Locis ex <n>Ibn Yūnus</n> relatis p. 235, 261,	AUTOMATIC_LITERAL_INDEX; source-image IDs excluded. Not a semantic quantity inventory or numerical correction.
AB01-PDF0041-notes_left-L012	41	"[""283"", ""306""]"	283, 306, quibus noster obiurgatur, hic est addendus	AUTOMATIC_LITERAL_INDEX; source-image IDs excluded. Not a semantic quantity inventory or numerical correction.
AB01-PDF0041-notes_left-L013	41	"[""75""]"	(introd. <n>Caussin</n> p. 75): <ar>ومن ذلك رسالة محمد بن جابر</ar>	AUTOMATIC_LITERAL_INDEX; source-image IDs excluded. Not a semantic quantity inventory or numerical correction.
AB01-PDF0041-notes_left-L019	41	"[""200"", ""01"", ""203"", ""04""]"	Vult cap. XXVI, de quo p. 200-01 et 203–04 disse-	AUTOMATIC_LITERAL_INDEX; source-image IDs excluded. Not a semantic quantity inventory or numerical correction.
AB01-PDF0041-notes_right-L009	41	"[""11""]"	bet certissimum <n>Ibn Yūnus</n>, eadem pagina, l. 11:	AUTOMATIC_LITERAL_INDEX; source-image IDs excluded. Not a semantic quantity inventory or numerical correction.
AB01-PDF0041-notes_right-L015	41	"[""168""]"	Tertium exemplum apud <n>Ḥabash</n> f. 168,r.: « simi-	AUTOMATIC_LITERAL_INDEX; source-image IDs excluded. Not a semantic quantity inventory or numerical correction.
AB01-PDF0041-notes_right-L019	41	"[""4""]"	(4) Exempla in apogeis planetarum ab <n>Ibn</n>	AUTOMATIC_LITERAL_INDEX; source-image IDs excluded. Not a semantic quantity inventory or numerical correction.
AB01-PDF0041-notes_right-L021	41	"[""240""]"	ceptis, quae p. 240 retuli.	AUTOMATIC_LITERAL_INDEX; source-image IDs excluded. Not a semantic quantity inventory or numerical correction.
AB01-PDF0042-body-L003	42	"[""398"", ""16"", ""1007""]"	<n>slamah al-Maǵrīṭī</n>, anno 398 heg. (inc. 16 Sept. 1007) mortuus, tabulas Albatenianas	AUTOMATIC_LITERAL_INDEX; source-image IDs excluded. Not a semantic quantity inventory or numerical correction.
AB01-PDF0042-body-L004	42	"[""1""]"	aequationum Solis, Lunae et quinque planetarum in compendium redegit (1), fortasse etiam	AUTOMATIC_LITERAL_INDEX; source-image IDs excluded. Not a semantic quantity inventory or numerical correction.
AB01-PDF0042-body-L006	42	"[""360"", ""420"", ""971"", ""1029""]"	aequationis Solis <n>Kūshiyār ibn Labbān</n>, intra annos circiter 360–420 heg. (971–1029 Chr.)	AUTOMATIC_LITERAL_INDEX; source-image IDs excluded. Not a semantic quantity inventory or numerical correction.
AB01-PDF0042-body-L007	42	"[""2""]"	florens, in suum <i>az-zīǵ al-ǵāmi‘</i> recepit (2). Priore V saec. heg. (XI Chr.) medietate, ‘Alī	AUTOMATIC_LITERAL_INDEX; source-image IDs excluded. Not a semantic quantity inventory or numerical correction.
AB01-PDF0042-body-L008	42	"[""564"", ""6946""]"	ibn Aḥmad <n>an-Nasawī</n> hoc protulit iudicium, a <n>Ḥāǵǵī Khalīfah</n> III, 564, nr. 6946 nobis	AUTOMATIC_LITERAL_INDEX; source-image IDs excluded. Not a semantic quantity inventory or numerical correction.
AB01-PDF0042-body-L012	42	"[""3""]"	« cilem reddit eius ad aeram Persarum accommodationem (3) ». Eodem V saeculo <i>zīǵ al-Bat-</i>	AUTOMATIC_LITERAL_INDEX; source-image IDs excluded. Not a semantic quantity inventory or numerical correction.
AB01-PDF0042-body-L014	42	"[""4""]"	doctrina, <n>anonymus</n> discipulus praeclari Aḥmad as-Siǵzī (4); <n>al-Bīrūnī</n> autem, quem vidi-	AUTOMATIC_LITERAL_INDEX; source-image IDs excluded. Not a semantic quantity inventory or numerical correction.
AB01-PDF0042-body-L017	42	"[""5""]"	« Albatenii (5) ». Altera demum XIV saec. Chr. medietate, celeberrimus historicus <n>Ibn Khal-</n>	AUTOMATIC_LITERAL_INDEX; source-image IDs excluded. Not a semantic quantity inventory or numerical correction.
AB01-PDF0042-body-L018	42	"[""6""]"	<n>dūn</n> (6) praestantissimis astronomiae libris adnumerat opera al-Battānī et Ibn al-Kammād.	AUTOMATIC_LITERAL_INDEX; source-image IDs excluded. Not a semantic quantity inventory or numerical correction.
AB01-PDF0042-body-L019	42	"[""7""]"	Falsum est quod <n>Ch. H. Slonimski</n> (7) asseruit, annum Iudaeorum, cuius inventio	AUTOMATIC_LITERAL_INDEX; source-image IDs excluded. Not a semantic quantity inventory or numerical correction.
AB01-PDF0042-body-L021	42	"[""365"", ""5<sup>h</sup>"", ""55<sup>m</sup>"", ""23<sup>s</sup>"", ""20<sup>t</sup>"", ""6"", ""19"", ""8""]"	in Hispaniam illatum; ille enim 365 dierum, 5<sup>h</sup> 55<sup>m</sup> 23<sup>s</sup> 20<sup>t</sup> <m>\frac{6}{19}</m> est (8), quae reperiuntur divi-	AUTOMATIC_LITERAL_INDEX; source-image IDs excluded. Not a semantic quantity inventory or numerical correction.
AB01-PDF0042-body-L022	42	"[""235"", ""19""]"	dendo enneadecateridem Methonis (235 menses synodicos Hipparchi complectentem) per 19,	AUTOMATIC_LITERAL_INDEX; source-image IDs excluded. Not a semantic quantity inventory or numerical correction.
AB01-PDF0042-body-L023	42	"[""365"", ""5<sup>h</sup>"", ""46<sup>m</sup>"", ""24<sup>s</sup>""]"	cum annus tropicus Albatenii 365 dierum 5<sup>h</sup> 46<sup>m</sup> 24<sup>s</sup> sit.	AUTOMATIC_LITERAL_INDEX; source-image IDs excluded. Not a semantic quantity inventory or numerical correction.
AB01-PDF0042-body-L024	42	"[""9""]"	Hebraice versum esse opus Albatenianum non constat (9); attamen non defuit eius cognitio	AUTOMATIC_LITERAL_INDEX; source-image IDs excluded. Not a semantic quantity inventory or numerical correction.
AB01-PDF0042-body-L026	42	"[""6"", ""287"", ""298""]"	buisse et laudasse <n>Abrāhām bar Ḥiyyā’</n> patet ex adnotationibus meis p. 6, 287, 298,	AUTOMATIC_LITERAL_INDEX; source-image IDs excluded. Not a semantic quantity inventory or numerical correction.
AB01-PDF0042-notes_left-L001	42	"[""1"", ""39""]"	(1) Testibus <n>Ibn Abī Uṣaybi‘ah</n> II, 39, et	AUTOMATIC_LITERAL_INDEX; source-image IDs excluded. Not a semantic quantity inventory or numerical correction.
AB01-PDF0042-notes_left-L002	42	"[""378""]"	<n>Ibn al-Qifṭī</n> apud <n>Casiri</n> I, 378 vel <n>Sédil-</n>	AUTOMATIC_LITERAL_INDEX; source-image IDs excluded. Not a semantic quantity inventory or numerical correction.
AB01-PDF0042-notes_left-L004	42	"[""2""]"	(2) « De stellarum [fixarum] locis determinan-	AUTOMATIC_LITERAL_INDEX; source-image IDs excluded. Not a semantic quantity inventory or numerical correction.
AB01-PDF0042-notes_left-L009	42	"[""5751"", ""205""]"	<i>der arab Handschriften</i>, t. V, nr. 5751, p. 205,<i>b</i>;	AUTOMATIC_LITERAL_INDEX; source-image IDs excluded. Not a semantic quantity inventory or numerical correction.
AB01-PDF0042-notes_left-L011	42	"[""206""]"	« Ḥabash », ibid. p. 206,<i>a</i>.	AUTOMATIC_LITERAL_INDEX; source-image IDs excluded. Not a semantic quantity inventory or numerical correction.
AB01-PDF0042-notes_left-L012	42	"[""3""]"	(3) Multi aera Persarum seu Yezdegerdis ute-	AUTOMATIC_LITERAL_INDEX; source-image IDs excluded. Not a semantic quantity inventory or numerical correction.
AB01-PDF0042-notes_left-L014	42	"[""365""]"	365 diebus sine intercalatione constabant.	AUTOMATIC_LITERAL_INDEX; source-image IDs excluded. Not a semantic quantity inventory or numerical correction.
AB01-PDF0042-notes_left-L015	42	"[""4""]"	(4) Vide <i>Catalogum codd. Orientalium Biblio-</i>	AUTOMATIC_LITERAL_INDEX; source-image IDs excluded. Not a semantic quantity inventory or numerical correction.
AB01-PDF0042-notes_left-L017	42	"[""1851"", ""77"", ""95"", ""96"", ""1078""]"	tavorum 1851–77, t. III, p. 95–96, nr. 1078. — Deest	AUTOMATIC_LITERAL_INDEX; source-image IDs excluded. Not a semantic quantity inventory or numerical correction.
AB01-PDF0042-notes_left-L019	42	"[""5""]"	(5) In indice operum a se ipso confectorum,	AUTOMATIC_LITERAL_INDEX; source-image IDs excluded. Not a semantic quantity inventory or numerical correction.
AB01-PDF0042-notes_right-L003	42	"[""6""]"	(6) <i>Kitāb al-‘ibar wa dīwān al-mubtada’ wa</i>	AUTOMATIC_LITERAL_INDEX; source-image IDs excluded. Not a semantic quantity inventory or numerical correction.
AB01-PDF0042-notes_right-L004	42	"[""1284"", ""408""]"	<i>’l-khabar</i>, Būlāq 1284 heg., t. I, p. 408; <i>Les Prolégo-</i>	AUTOMATIC_LITERAL_INDEX; source-image IDs excluded. Not a semantic quantity inventory or numerical correction.
AB01-PDF0042-notes_right-L006	42	"[""1863"", ""68"", ""148""]"	Paris 1863–68, t. III, p. 148.	AUTOMATIC_LITERAL_INDEX; source-image IDs excluded. Not a semantic quantity inventory or numerical correction.
AB01-PDF0042-notes_right-L007	42	"[""7""]"	(7) In libro Hebraice scripto <i>Yěsōdē hā ‘ibbūr</i>	AUTOMATIC_LITERAL_INDEX; source-image IDs excluded. Not a semantic quantity inventory or numerical correction.
AB01-PDF0042-notes_right-L008	42	"[""1865""]"	« Fundamenta calendarii », ed. II, Szytomir 1865,	AUTOMATIC_LITERAL_INDEX; source-image IDs excluded. Not a semantic quantity inventory or numerical correction.
AB01-PDF0042-notes_right-L009	42	"[""53"", ""57"", ""1889"", ""47"", ""64""]"	p. 53 et 57; ed. III, Warschau 1889, p. 47 et 64 (a	AUTOMATIC_LITERAL_INDEX; source-image IDs excluded. Not a semantic quantity inventory or numerical correction.
AB01-PDF0042-notes_right-L012	42	"[""8""]"	(8) Annus τοῦ Rabbī Addā saepe vocatus; iam	AUTOMATIC_LITERAL_INDEX; source-image IDs excluded. Not a semantic quantity inventory or numerical correction.
AB01-PDF0042-notes_right-L017	42	"[""9""]"	(9) Cfr. <n>M. Steinschneider</n>, <i>Die hebräi-</i>	AUTOMATIC_LITERAL_INDEX; source-image IDs excluded. Not a semantic quantity inventory or numerical correction.
AB01-PDF0042-notes_right-L018	42	"[""1893""]"	<i>schen Uebersetzungen des Mittelalters</i>, Berlin 1893,	AUTOMATIC_LITERAL_INDEX; source-image IDs excluded. Not a semantic quantity inventory or numerical correction.
AB01-PDF0042-notes_right-L019	42	"[""549"", ""340""]"	p. 549, § 340,<i>b</i>.	AUTOMATIC_LITERAL_INDEX; source-image IDs excluded. Not a semantic quantity inventory or numerical correction.
AB01-PDF0043-body-L001	43	"[""302"", ""03""]"	302–03; eademque aetate Albatenium commemorat eiusque tabulas commendat <n>Abrāhām</n>	AUTOMATIC_LITERAL_INDEX; source-image IDs excluded. Not a semantic quantity inventory or numerical correction.
AB01-PDF0043-body-L002	43	"[""1"", ""2""]"	<n>Ibn ‘Ezrā</n> (1). Tacite nostrum astronomum sequitur celeberrimus <n>Maimonides</n> (2), in	AUTOMATIC_LITERAL_INDEX; source-image IDs excluded. Not a semantic quantity inventory or numerical correction.
AB01-PDF0043-body-L005	43	"[""28°"", ""35′"", ""1″"", ""29"", ""348°"", ""55′"", ""15″""]"	ponit 28° 35′ 1″ in 29 diebus, aut 348° 55′ 15″ in anno « ordinato » seu lunari, quae exacte	AUTOMATIC_LITERAL_INDEX; source-image IDs excluded. Not a semantic quantity inventory or numerical correction.
AB01-PDF0043-body-L006	43	"[""22"", ""20"", ""54″""]"	cum tabulis Albatenianis congruunt (t. II, p. 22 et 20), motumque apogei solaris 54″ quotan-	AUTOMATIC_LITERAL_INDEX; source-image IDs excluded. Not a semantic quantity inventory or numerical correction.
AB01-PDF0043-body-L007	43	"[""3""]"	nis (3). Tamen in supputando arcu apparitionis Lunae novae, rationem sequitur faciliorem, sed	AUTOMATIC_LITERAL_INDEX; source-image IDs excluded. Not a semantic quantity inventory or numerical correction.
AB01-PDF0043-body-L008	43	"[""4""]"	minus exactam, Albateniana (4). — Nomen Albatenii plus semel in <i>yěsōd ‘ōlām</i> « Mundi fun-	AUTOMATIC_LITERAL_INDEX; source-image IDs excluded. Not a semantic quantity inventory or numerical correction.
AB01-PDF0043-body-L009	43	"[""1310""]"	damento » occurrere, ab <n>Isaaco Israelita</n> anno 1310 confecto, testis est <n>Steinschneider</n>	AUTOMATIC_LITERAL_INDEX; source-image IDs excluded. Not a semantic quantity inventory or numerical correction.
AB01-PDF0043-body-L010	43	"[""450"", ""455"", ""26"", ""29""]"	ad <n>Baldi</n> p. 450 et 455 (extr. p. 26 et 29). Quid e nostro astronomo <n>Lēwī ben Gerson</n>	AUTOMATIC_LITERAL_INDEX; source-image IDs excluded. Not a semantic quantity inventory or numerical correction.
AB01-PDF0043-body-L012	43	"[""5"", ""1365""]"	notitia inest (5), in inedito <i>‘ērek hā ḥălōph</i>, anno 1365 Tarasconae scripto, <n>‘Immānū’ēl</n>	AUTOMATIC_LITERAL_INDEX; source-image IDs excluded. Not a semantic quantity inventory or numerical correction.
AB01-PDF0043-body-L014	43	"[""1490""]"	<n>ben Mosheh Bashyasī</n>, Qaraitarum sectae addictus, anno 1490 mortuus, tabulas motuum	AUTOMATIC_LITERAL_INDEX; source-image IDs excluded. Not a semantic quantity inventory or numerical correction.
AB01-PDF0043-body-L015	43	"[""41°"", ""1"", ""3""]"	lunarium et solarium construxit « ad latitudinem Constantinopolis [41° <m>\tfrac{1}{3}</m>] iuxta doctrinam	AUTOMATIC_LITERAL_INDEX; source-image IDs excluded. Not a semantic quantity inventory or numerical correction.
AB01-PDF0043-body-L017	43	"[""6""]"	<i>sṭandūnā lě da‘at al-Battānī wě lě da‘at hā ḥākām ‘Immānū’ēl ba‘al hak-kěnāphīm</i> (6).	AUTOMATIC_LITERAL_INDEX; source-image IDs excluded. Not a semantic quantity inventory or numerical correction.
AB01-PDF0043-body-L021	43	"[""1169""]"	<i>rum</i> » composuerat, in duas partes divisos, quarum prior supputata est pro anno 1169 ad fidem	AUTOMATIC_LITERAL_INDEX; source-image IDs excluded. Not a semantic quantity inventory or numerical correction.
AB01-PDF0043-notes_left-L001	43	"[""1""]"	(1) In praefatione ad <i>Ṭa‘amē lūḥōt al-Khu-</i>	AUTOMATIC_LITERAL_INDEX; source-image IDs excluded. Not a semantic quantity inventory or numerical correction.
AB01-PDF0043-notes_left-L005	43	"[""1870"", ""356""]"	deutsch. morgenl. Gesellschaft, t. XXIV, 1870, p. 356;	AUTOMATIC_LITERAL_INDEX; source-image IDs excluded. Not a semantic quantity inventory or numerical correction.
AB01-PDF0043-notes_left-L006	43	"[""351""]"	item in aliis libris, <n>Steinschneider</n>, l. c. p. 351.	AUTOMATIC_LITERAL_INDEX; source-image IDs excluded. Not a semantic quantity inventory or numerical correction.
AB01-PDF0043-notes_left-L012	43	"[""1864"", ""161""]"	1864, p. 161.	AUTOMATIC_LITERAL_INDEX; source-image IDs excluded. Not a semantic quantity inventory or numerical correction.
AB01-PDF0043-notes_left-L013	43	"[""2"", ""30"", ""1135""]"	(2) Cordubae 30 Martii 1135 natus; mortuus	AUTOMATIC_LITERAL_INDEX; source-image IDs excluded. Not a semantic quantity inventory or numerical correction.
AB01-PDF0043-notes_left-L014	43	"[""13"", ""1204""]"	Kahirae 13 Dec. 1204; vide <n>H. Graetz</n>, <i>Geschichte</i>	AUTOMATIC_LITERAL_INDEX; source-image IDs excluded. Not a semantic quantity inventory or numerical correction.
AB01-PDF0043-notes_left-L015	43	"[""1870""]"	<i>der Juden</i>, ed. altera, Leipzig 1870 sqq., t. VI. —	AUTOMATIC_LITERAL_INDEX; source-image IDs excluded. Not a semantic quantity inventory or numerical correction.
AB01-PDF0043-notes_left-L016	43	"[""132""]"	Anni apud <n>Suter</n>, <i>Die Mathematiker</i>, pag. 132,	AUTOMATIC_LITERAL_INDEX; source-image IDs excluded. Not a semantic quantity inventory or numerical correction.
AB01-PDF0043-notes_left-L018	43	"[""3"", ""312""]"	(3) Col. 312 editionis quam illius VIII tractatus,	AUTOMATIC_LITERAL_INDEX; source-image IDs excluded. Not a semantic quantity inventory or numerical correction.
AB01-PDF0043-notes_left-L021	43	"[""1744"", ""69""]"	<i>sacrarum</i>, Venetiis 1744-69, t. XVII. In eo Albate-	AUTOMATIC_LITERAL_INDEX; source-image IDs excluded. Not a semantic quantity inventory or numerical correction.
AB01-PDF0043-notes_left-L023	43	"[""550""]"	<i>Uebers.</i> p. 550, affirmat, verum non est.	AUTOMATIC_LITERAL_INDEX; source-image IDs excluded. Not a semantic quantity inventory or numerical correction.
AB01-PDF0043-notes_left-L024	43	"[""4""]"	(4) Cap. XVII eiusdem octavi tractatus (<n>Ugo-</n>	AUTOMATIC_LITERAL_INDEX; source-image IDs excluded. Not a semantic quantity inventory or numerical correction.
AB01-PDF0043-notes_left-L025	43	"[""354""]"	<n>linus</n>, col. 354). Statuit Lunam novam pro certo	AUTOMATIC_LITERAL_INDEX; source-image IDs excluded. Not a semantic quantity inventory or numerical correction.
AB01-PDF0043-notes_right-L001	43	"[""11°"", ""12°""]"	apparere, arcu visionis inter 11° et 12° exstante, elon-	AUTOMATIC_LITERAL_INDEX; source-image IDs excluded. Not a semantic quantity inventory or numerical correction.
AB01-PDF0043-notes_right-L002	43	"[""11°"", ""12°""]"	gatione a Sole 11° vel amplius; aut arcu a 12° ad	AUTOMATIC_LITERAL_INDEX; source-image IDs excluded. Not a semantic quantity inventory or numerical correction.
AB01-PDF0043-notes_right-L003	43	"[""13°"", ""10°"", ""9°"", ""10°""]"	13°, elongatione 10° et amplius; aut arcu a 9° ad 10°,	AUTOMATIC_LITERAL_INDEX; source-image IDs excluded. Not a semantic quantity inventory or numerical correction.
AB01-PDF0043-notes_right-L004	43	"[""13°""]"	elongatione 13° vel amplius. De Maimonidis princi-	AUTOMATIC_LITERAL_INDEX; source-image IDs excluded. Not a semantic quantity inventory or numerical correction.
AB01-PDF0043-notes_right-L006	43	"[""1898"", ""1902"", ""3""]"	<i>ni’s Neumondsberechnung</i>, Berlin 1898-1902, 3 par-	AUTOMATIC_LITERAL_INDEX; source-image IDs excluded. Not a semantic quantity inventory or numerical correction.
AB01-PDF0043-notes_right-L010	43	"[""5"", ""174""]"	(5) <n>Steinschneider</n>, <i>Mondstationen</i>, p. 174,	AUTOMATIC_LITERAL_INDEX; source-image IDs excluded. Not a semantic quantity inventory or numerical correction.
AB01-PDF0043-notes_right-L011	43	"[""79""]"	adn. 79.	AUTOMATIC_LITERAL_INDEX; source-image IDs excluded. Not a semantic quantity inventory or numerical correction.
AB01-PDF0043-notes_right-L012	43	"[""6""]"	(6) Locus allatus ab <n>J. Selden</n>, <i>De anno ci-</i>	AUTOMATIC_LITERAL_INDEX; source-image IDs excluded. Not a semantic quantity inventory or numerical correction.
AB01-PDF0043-notes_right-L015	43	"[""202""]"	col. 202. Perperam Selden verterat: « Emanuelis geo-	AUTOMATIC_LITERAL_INDEX; source-image IDs excluded. Not a semantic quantity inventory or numerical correction.
AB01-PDF0043-notes_right-L017	43	"[""1365""]"	memoratus; liber « <i>sex alarum</i> », anno quoque 1365	AUTOMATIC_LITERAL_INDEX; source-image IDs excluded. Not a semantic quantity inventory or numerical correction.
AB01-PDF0043-notes_right-L020	43	"[""550""]"	<n>Steinschneider</n>, <i>Die hebr. Uebers.</i>, p. 550, ad-	AUTOMATIC_LITERAL_INDEX; source-image IDs excluded. Not a semantic quantity inventory or numerical correction.
AB01-PDF0043-notes_right-L021	43	"[""1341""]"	numerat <n>‘Obadyāh ben Dāwid</n> (circa 1341	AUTOMATIC_LITERAL_INDEX; source-image IDs excluded. Not a semantic quantity inventory or numerical correction.
AB01-PDF0044-body-L001	44	"[""1150""]"	Tabularum Toletanarum Arzachelis, altera pro anno 1150 « <i>iuxta Albaten</i> (var. <i>Albategnium</i>)	AUTOMATIC_LITERAL_INDEX; source-image IDs excluded. Not a semantic quantity inventory or numerical correction.
AB01-PDF0044-body-L002	44	"[""1""]"	« <i>Harecensis</i> », i. e. al-Battānī ar-Raqqī (1). Arabicum astronomum commode Almagesti do-	AUTOMATIC_LITERAL_INDEX; source-image IDs excluded. Not a semantic quantity inventory or numerical correction.
AB01-PDF0044-body-L003	44	"[""1143"", ""1144""]"	ctrinas in compendium redegisse affirmat <n>Rudolphus Brugensis</n>, anno 1143 aut 1144 To-	AUTOMATIC_LITERAL_INDEX; source-image IDs excluded. Not a semantic quantity inventory or numerical correction.
AB01-PDF0044-body-L005	44	"[""3""]"	exeunte XII saec. vel XIII ineunte, suum <i>Almagestum parvum</i> composuit, de quo satis in § 3,	AUTOMATIC_LITERAL_INDEX; source-image IDs excluded. Not a semantic quantity inventory or numerical correction.
AB01-PDF0044-body-L006	44	"[""1249""]"	n. III, p. xxvi–xxvii, disserui. <n>Guilelmus Alvernus</n>, anno 1249 mortuus, eum nobilem phi-	AUTOMATIC_LITERAL_INDEX; source-image IDs excluded. Not a semantic quantity inventory or numerical correction.
AB01-PDF0044-body-L008	44	"[""2""]"	propheta commune habuerit (2); <n>Henricus Bates</n>, in <i>Magistrali compositione astrolabii</i>	AUTOMATIC_LITERAL_INDEX; source-image IDs excluded. Not a semantic quantity inventory or numerical correction.
AB01-PDF0044-body-L009	44	"[""1274"", ""3""]"	anno 1274 scripta, quantum al-Battānī perlegerit quantique fecerit plane ostendit (3). — <n>Ghe-</n>	AUTOMATIC_LITERAL_INDEX; source-image IDs excluded. Not a semantic quantity inventory or numerical correction.
AB01-PDF0044-body-L012	44	"[""1480""]"	<i>Theorica planetarum</i>, Bononiae 1480 (in calce Ioannis de Sacrobusto Anglici Spera mundi),	AUTOMATIC_LITERAL_INDEX; source-image IDs excluded. Not a semantic quantity inventory or numerical correction.
AB01-PDF0044-body-L013	44	"[""35""]"	f. 35,v., de apogeo et excentricitate Solis determinandis brevissime agens, ita pergit: « et hoc	AUTOMATIC_LITERAL_INDEX; source-image IDs excluded. Not a semantic quantity inventory or numerical correction.
AB01-PDF0044-body-L016	44	"[""34""]"	« vel maioris quantitatis ». Alibi autem falsa omnino narrat; f. 34,v.: « Compositores tabula-	AUTOMATIC_LITERAL_INDEX; source-image IDs excluded. Not a semantic quantity inventory or numerical correction.
AB01-PDF0044-body-L017	44	"[""4""]"	« rum super Arim quae est civitas in India dicuntur fuisse Nembroth (4): Hermes: Hyconi-	AUTOMATIC_LITERAL_INDEX; source-image IDs excluded. Not a semantic quantity inventory or numerical correction.
AB01-PDF0044-body-L018	44	"[""5"", ""35""]"	« mus (5): Ptholomaeus: Albategni: Albumazar: Algorismus »; et f. 35,r., de augibus seu apo-	AUTOMATIC_LITERAL_INDEX; source-image IDs excluded. Not a semantic quantity inventory or numerical correction.
AB01-PDF0044-notes_left-L001	44	"[""1""]"	(1) Duos codices memorat <n>Steinschneider</n>,	AUTOMATIC_LITERAL_INDEX; source-image IDs excluded. Not a semantic quantity inventory or numerical correction.
AB01-PDF0044-notes_left-L002	44	"[""392""]"	<i>Zum Speculum Astronomicum</i>, p. 392.	AUTOMATIC_LITERAL_INDEX; source-image IDs excluded. Not a semantic quantity inventory or numerical correction.
AB01-PDF0044-notes_left-L003	44	"[""2""]"	(2) « Nec autem opineris ipsum fuisse Maco-	AUTOMATIC_LITERAL_INDEX; source-image IDs excluded. Not a semantic quantity inventory or numerical correction.
AB01-PDF0044-notes_left-L014	44	"[""1674"", ""50""]"	1674, t. I, p. 50; apud <n>Boncompagni</n>, <i>Delle ver-</i>	AUTOMATIC_LITERAL_INDEX; source-image IDs excluded. Not a semantic quantity inventory or numerical correction.
AB01-PDF0044-notes_left-L016	44	"[""1851"", ""247"", ""48""]"	Pont. de’ Nuovi Lincei, t. IV, Roma 1851, p. 247–48).	AUTOMATIC_LITERAL_INDEX; source-image IDs excluded. Not a semantic quantity inventory or numerical correction.
AB01-PDF0044-notes_left-L017	44	"[""3"", ""308"", ""09""]"	(3) Praeter quam loco a me p. 308-09 adducto,	AUTOMATIC_LITERAL_INDEX; source-image IDs excluded. Not a semantic quantity inventory or numerical correction.
AB01-PDF0044-notes_left-L018	44	"[""8""]"	f. c8,r. (de horis temporalibus et aequinoctialibus	AUTOMATIC_LITERAL_INDEX; source-image IDs excluded. Not a semantic quantity inventory or numerical correction.
AB01-PDF0044-notes_left-L025	44	"[""4""]"	esse, ita pergit (f. d4,r.–v.): « <n>Ptholemeus</n> vero:	AUTOMATIC_LITERAL_INDEX; source-image IDs excluded. Not a semantic quantity inventory or numerical correction.
AB01-PDF0044-notes_right-L007	44	"[""4""]"	(4) Nembroth gigas ab aliis etiam aevi medii	AUTOMATIC_LITERAL_INDEX; source-image IDs excluded. Not a semantic quantity inventory or numerical correction.
AB01-PDF0044-notes_right-L010	44	"[""380"", ""81""]"	<i>micum des Albertus Magnus</i>, p. 380-81.	AUTOMATIC_LITERAL_INDEX; source-image IDs excluded. Not a semantic quantity inventory or numerical correction.
AB01-PDF0044-notes_right-L011	44	"[""5"", ""381""]"	(5) <n>Steinschneider</n>, <i>Zum Speculum</i>, p. 381,	AUTOMATIC_LITERAL_INDEX; source-image IDs excluded. Not a semantic quantity inventory or numerical correction.
AB01-PDF0044-notes_right-L014	44	"[""365"", ""66""]"	<n>schneider</n> p. 365-66. Hunc autem Humenum,	AUTOMATIC_LITERAL_INDEX; source-image IDs excluded. Not a semantic quantity inventory or numerical correction.
AB01-PDF0044-notes_right-L025	44	"[""1899"", ""182""]"	sellis 1899 sqq., t. II, p. 182). Tractatus de astrola-	AUTOMATIC_LITERAL_INDEX; source-image IDs excluded. Not a semantic quantity inventory or numerical correction.
AB01-PDF0044-notes_right-L029	44	"[""1888"", ""61""]"	<i>de philologie</i>, t. XII, 1888, p. 61.	AUTOMATIC_LITERAL_INDEX; source-image IDs excluded. Not a semantic quantity inventory or numerical correction.
AB01-PDF0045-body-L001	45	"[""60""]"	geis planetarum: « Item dicuntur moveri ab Albategni in . 60 . annis et quattuor mensibus	AUTOMATIC_LITERAL_INDEX; source-image IDs excluded. Not a semantic quantity inventory or numerical correction.
AB01-PDF0045-body-L002	45	"[""1""]"	« uno gradu semper ad orientem (1) ». <n>Albertus Magnus</n>, loco p. xxiv et xxv adducto,	AUTOMATIC_LITERAL_INDEX; source-image IDs excluded. Not a semantic quantity inventory or numerical correction.
AB01-PDF0045-body-L005	45	"[""2""]"	sicut in adnotationibus meis docui. <n>Iohannes de Lineriis</n> (2), in XXVIII capite <i>Cano-</i>	AUTOMATIC_LITERAL_INDEX; source-image IDs excluded. Not a semantic quantity inventory or numerical correction.
AB01-PDF0045-body-L007	45	"[""3""]"	constitutam (3); fortasse etiam, si coniecturam mihi proponere licet, opere astronomico per-	AUTOMATIC_LITERAL_INDEX; source-image IDs excluded. Not a semantic quantity inventory or numerical correction.
AB01-PDF0045-body-L008	45	"[""4""]"	lecto, primum cepit consilium <i>tabulae</i> suae <i>sinuum</i> (4) condendae. Eadem aetate <n>Iohannes</n>	AUTOMATIC_LITERAL_INDEX; source-image IDs excluded. Not a semantic quantity inventory or numerical correction.
AB01-PDF0045-body-L009	45	"[""1332""]"	<n>de Ianua</n> ineditos adhuc <i>Canones eclipsium</i> (anni 1332) his concludit verbis: « Modum au-	AUTOMATIC_LITERAL_INDEX; source-image IDs excluded. Not a semantic quantity inventory or numerical correction.
AB01-PDF0045-body-L012	45	"[""5""]"	« eos partim a canonibus communibus partim ab Albategni partim a minori Almagesti (5) partim	AUTOMATIC_LITERAL_INDEX; source-image IDs excluded. Not a semantic quantity inventory or numerical correction.
AB01-PDF0045-body-L013	45	"[""6""]"	« a magistro Iohanne de Sicilia..... » (6). Celeberrimus <n>Lēwī ben Gersōn</n> seu <n>Leo de</n>	AUTOMATIC_LITERAL_INDEX; source-image IDs excluded. Not a semantic quantity inventory or numerical correction.
AB01-PDF0045-body-L014	45	"[""3098""]"	<n>Balneolis</n> Iudaeus, in Latina redactione astronomiae suae, cod. Vatic. Lat. 3098, observa-	AUTOMATIC_LITERAL_INDEX; source-image IDs excluded. Not a semantic quantity inventory or numerical correction.
AB01-PDF0045-body-L018	45	"[""7"", ""8""]"	sium Solis (7) atque de supputanda coniunctione apparenti luminarium (8).	AUTOMATIC_LITERAL_INDEX; source-image IDs excluded. Not a semantic quantity inventory or numerical correction.
AB01-PDF0045-notes_left-L001	45	"[""1""]"	(1) Eadem, cum aliis, iisdem fere verbis sunt	AUTOMATIC_LITERAL_INDEX; source-image IDs excluded. Not a semantic quantity inventory or numerical correction.
AB01-PDF0045-notes_left-L003	45	"[""1480""]"	<i>Theoricae planetarum</i> (Bononiae 1480) impresso,	AUTOMATIC_LITERAL_INDEX; source-image IDs excluded. Not a semantic quantity inventory or numerical correction.
AB01-PDF0045-notes_left-L004	45	"[""39""]"	f. 39,r. Suspicor illius libelli auctorem esse ipsum Ghe-	AUTOMATIC_LITERAL_INDEX; source-image IDs excluded. Not a semantic quantity inventory or numerical correction.
AB01-PDF0045-notes_left-L009	45	"[""1518""]"	schneider librum Thābit etiam Venetiis anno 1518	AUTOMATIC_LITERAL_INDEX; source-image IDs excluded. Not a semantic quantity inventory or numerical correction.
AB01-PDF0045-notes_left-L013	45	"[""261"", ""269"", ""70""]"	<i>sioni fatte da Platone Tiburtino</i>, p. 261 et 269-70).	AUTOMATIC_LITERAL_INDEX; source-image IDs excluded. Not a semantic quantity inventory or numerical correction.
AB01-PDF0045-notes_left-L018	45	"[""1902"", ""163""]"	senschaften, t. XIV, 1902, p. 163.	AUTOMATIC_LITERAL_INDEX; source-image IDs excluded. Not a semantic quantity inventory or numerical correction.
AB01-PDF0045-notes_left-L019	45	"[""2""]"	(2) Jean de Lignères, prope Ambianos (Amiens)	AUTOMATIC_LITERAL_INDEX; source-image IDs excluded. Not a semantic quantity inventory or numerical correction.
AB01-PDF0045-notes_left-L020	45	"[""1322""]"	natus et Parisiis anno 1322 vivens. De eo <n>Stein-</n>	AUTOMATIC_LITERAL_INDEX; source-image IDs excluded. Not a semantic quantity inventory or numerical correction.
AB01-PDF0045-notes_left-L023	45	"[""1879"", ""345""]"	storia delle scienze matematiche, t. XII, 1879, p. 345–	AUTOMATIC_LITERAL_INDEX; source-image IDs excluded. Not a semantic quantity inventory or numerical correction.
AB01-PDF0045-notes_left-L024	45	"[""351"", ""375"", ""77""]"	–351 (et addit. <n>Boncompagni</n> p. 375-77); <i>Notice</i>	AUTOMATIC_LITERAL_INDEX; source-image IDs excluded. Not a semantic quantity inventory or numerical correction.
AB01-PDF0045-notes_left-L026	45	"[""1880"", ""422"", ""26""]"	<i>d’Aragon</i>, in Bullett. XIII, 1880, p. 422-26; <n>M. Cur-</n>	AUTOMATIC_LITERAL_INDEX; source-image IDs excluded. Not a semantic quantity inventory or numerical correction.
AB01-PDF0045-notes_left-L030	45	"[""1895"", ""105"", ""06""]"	1895, p. 105-06; <n>von Braunmühl</n>, <i>Vorlesungen</i>	AUTOMATIC_LITERAL_INDEX; source-image IDs excluded. Not a semantic quantity inventory or numerical correction.
AB01-PDF0045-notes_right-L001	45	"[""1900""]"	<i>über die Geschichte der Trigonometrie</i>, Leipzig 1900,	AUTOMATIC_LITERAL_INDEX; source-image IDs excluded. Not a semantic quantity inventory or numerical correction.
AB01-PDF0045-notes_right-L002	45	"[""107""]"	t. I, p. 107.	AUTOMATIC_LITERAL_INDEX; source-image IDs excluded. Not a semantic quantity inventory or numerical correction.
AB01-PDF0045-notes_right-L003	45	"[""3""]"	(3) Quem locum, e cod. Vaticano, dedit <n>Stein-</n>	AUTOMATIC_LITERAL_INDEX; source-image IDs excluded. Not a semantic quantity inventory or numerical correction.
AB01-PDF0045-notes_right-L004	45	"[""14""]"	<n>schneider</n>, <i>Études sur Zarkali</i>, § 14, in Bullet.	AUTOMATIC_LITERAL_INDEX; source-image IDs excluded. Not a semantic quantity inventory or numerical correction.
AB01-PDF0045-notes_right-L005	45	"[""1884"", ""85"", ""782"", ""1""]"	XVII, 1884-85, p. 782, adn. 1.	AUTOMATIC_LITERAL_INDEX; source-image IDs excluded. Not a semantic quantity inventory or numerical correction.
AB01-PDF0045-notes_right-L006	45	"[""4""]"	(4) Adhuc inedita est, ut eiusdem tractatus de	AUTOMATIC_LITERAL_INDEX; source-image IDs excluded. Not a semantic quantity inventory or numerical correction.
AB01-PDF0045-notes_right-L008	45	"[""5"", ""3""]"	(5) De quo § 3, nr. VI, p. xxvi–xxvii, dixi.	AUTOMATIC_LITERAL_INDEX; source-image IDs excluded. Not a semantic quantity inventory or numerical correction.
AB01-PDF0045-notes_right-L009	45	"[""6""]"	(6) Apud <n>C. de Simoni</n>, <i>Intorno alla vita</i>	AUTOMATIC_LITERAL_INDEX; source-image IDs excluded. Not a semantic quantity inventory or numerical correction.
AB01-PDF0045-notes_right-L011	45	"[""1874"", ""330"", ""31""]"	1874, p. 330-31. — <n>Steinschneider</n>, <i>Zarkali</i>,	AUTOMATIC_LITERAL_INDEX; source-image IDs excluded. Not a semantic quantity inventory or numerical correction.
AB01-PDF0045-notes_right-L012	45	"[""780""]"	p. 780 eum fortasse eundem virum ac <n>Ioh. de Sa-</n>	AUTOMATIC_LITERAL_INDEX; source-image IDs excluded. Not a semantic quantity inventory or numerical correction.
AB01-PDF0045-notes_right-L014	45	"[""7"", ""281""]"	(7) Locum p. 281 retuli, perperam tribuens ipsis	AUTOMATIC_LITERAL_INDEX; source-image IDs excluded. Not a semantic quantity inventory or numerical correction.
AB01-PDF0045-notes_right-L017	45	"[""1518""]"	Venetiis, sumptibus P. Liechtenstein, 1518 impressa	AUTOMATIC_LITERAL_INDEX; source-image IDs excluded. Not a semantic quantity inventory or numerical correction.
AB01-PDF0045-notes_right-L018	45	"[""120"", ""1521""]"	(ita in libri fronte, at in fine, f. 120,v., 1521). In initio	AUTOMATIC_LITERAL_INDEX; source-image IDs excluded. Not a semantic quantity inventory or numerical correction.
AB01-PDF0045-notes_right-L019	45	"[""28""]"	f. 28,v. tantum, ante erratorum conspectum, scriptum	AUTOMATIC_LITERAL_INDEX; source-image IDs excluded. Not a semantic quantity inventory or numerical correction.
AB01-PDF0045-notes_right-L025	45	"[""1492""]"	cet e collatione editionum 1492 (Venetiis, opera	AUTOMATIC_LITERAL_INDEX; source-image IDs excluded. Not a semantic quantity inventory or numerical correction.
AB01-PDF0045-notes_right-L026	45	"[""1518"", ""1521""]"	Iohannis Hamman de Landoia) et 1518 (seu 1521) cum	AUTOMATIC_LITERAL_INDEX; source-image IDs excluded. Not a semantic quantity inventory or numerical correction.
AB01-PDF0045-notes_right-L027	45	"[""1483""]"	editione anni 1483 (Venetiis, opera Erhardi Ratdolt	AUTOMATIC_LITERAL_INDEX; source-image IDs excluded. Not a semantic quantity inventory or numerical correction.
AB01-PDF0045-notes_right-L030	45	"[""8"", ""1518"", ""19"", ""22""]"	(8) Edit. 1518, f. 19,r.–22,r. docet calculum « di-	AUTOMATIC_LITERAL_INDEX; source-image IDs excluded. Not a semantic quantity inventory or numerical correction.
AB01-PDF0046-body-L003	46	"[""1""]"	batenio debeant, etiam si eius nomen sileant (1).	AUTOMATIC_LITERAL_INDEX; source-image IDs excluded. Not a semantic quantity inventory or numerical correction.
AB01-PDF0046-body-L004	46	"[""2""]"	Ignotum contra opus astronomicum fuisse videtur <n>Byzantinis</n> scriptoribus (2), quam-	AUTOMATIC_LITERAL_INDEX; source-image IDs excluded. Not a semantic quantity inventory or numerical correction.
AB01-PDF0046-body-L006	46	"[""5""]"	Persici <gr>Σὰμψ μπουχαρῆς</gr> (cfr. supra, p. xxxi, adn. 5), qua <gr>Σύνταξις</gr>, cuius auctor <gr>ὁ Πατανῆς</gr>,	AUTOMATIC_LITERAL_INDEX; source-image IDs excluded. Not a semantic quantity inventory or numerical correction.
AB01-PDF0046-body-L007	46	"[""3""]"	memoratur (3); unde procul dubio notitiam de Albatenio sumpsit <n>Theodorus Meliteniota</n>,	AUTOMATIC_LITERAL_INDEX; source-image IDs excluded. Not a semantic quantity inventory or numerical correction.
AB01-PDF0046-body-L008	46	"[""1361"", ""4""]"	in sua <gr>Ἀστρονομικὴ Τρίβιβλος</gr>, circa 1361 scripta (4).	AUTOMATIC_LITERAL_INDEX; source-image IDs excluded. Not a semantic quantity inventory or numerical correction.
AB01-PDF0046-body-L012	46	"[""6"", ""1436"", ""6"", ""1476""]"	ceps <n>Regiomontanus</n> (6 Iun. 1436—6 Iul. 1476), summam operam dedit exactae cognitioni	AUTOMATIC_LITERAL_INDEX; source-image IDs excluded. Not a semantic quantity inventory or numerical correction.
AB01-PDF0046-body-L014	46	"[""1537""]"	anno 1537 Norimbergae primum typis expressa prodiit, iuxta exemplar quod Regiomontanus	AUTOMATIC_LITERAL_INDEX; source-image IDs excluded. Not a semantic quantity inventory or numerical correction.
AB01-PDF0046-body-L015	46	"[""5""]"	manu sua passim adnotationibus instruxerat (5). In epistulis suis, ad refellendas Tabularum	AUTOMATIC_LITERAL_INDEX; source-image IDs excluded. Not a semantic quantity inventory or numerical correction.
AB01-PDF0046-notes_left-L002	46	"[""104""]"	Solis, modo simili praeceptis Albatenianis (p. 104–	AUTOMATIC_LITERAL_INDEX; source-image IDs excluded. Not a semantic quantity inventory or numerical correction.
AB01-PDF0046-notes_left-L003	46	"[""105""]"	–105), concludens: « Hoc autem raro evenit, scilicet	AUTOMATIC_LITERAL_INDEX; source-image IDs excluded. Not a semantic quantity inventory or numerical correction.
AB01-PDF0046-notes_left-L011	46	"[""105"", ""35"", ""37""]"	« secunda » (cfr. al-Battānī p. 105, l. 35–37). — Ab	AUTOMATIC_LITERAL_INDEX; source-image IDs excluded. Not a semantic quantity inventory or numerical correction.
AB01-PDF0046-notes_left-L013	46	"[""14"", ""1518""]"	in XXVII propos. (f. 14,v. ed. 1518) de latitudinibus	AUTOMATIC_LITERAL_INDEX; source-image IDs excluded. Not a semantic quantity inventory or numerical correction.
AB01-PDF0046-notes_left-L018	46	"[""282""]"	« dionale [sic] ». Hic locus iis addatur quae p. 282	AUTOMATIC_LITERAL_INDEX; source-image IDs excluded. Not a semantic quantity inventory or numerical correction.
AB01-PDF0046-notes_left-L020	46	"[""1""]"	(1) <n>C. de Simoni</n>, <i>Intorno ad Andalò di</i>	AUTOMATIC_LITERAL_INDEX; source-image IDs excluded. Not a semantic quantity inventory or numerical correction.
AB01-PDF0046-notes_left-L021	46	"[""322""]"	<i>Negro</i>, p. 322, tabulam culminationum et declina-	AUTOMATIC_LITERAL_INDEX; source-image IDs excluded. Not a semantic quantity inventory or numerical correction.
AB01-PDF0046-notes_left-L028	46	"[""295""]"	« l’Arabo es-Sufi ». Sed <n>aṣ-Ṣūfī</n> (cuius verba p. 295	AUTOMATIC_LITERAL_INDEX; source-image IDs excluded. Not a semantic quantity inventory or numerical correction.
AB01-PDF0046-notes_left-L031	46	"[""185"", ""66""]"	t. II, p. 185, nr. 66.	AUTOMATIC_LITERAL_INDEX; source-image IDs excluded. Not a semantic quantity inventory or numerical correction.
AB01-PDF0046-notes_left-L032	46	"[""2""]"	(2) Tertium fragmentum libri <i>de astronomia</i>	AUTOMATIC_LITERAL_INDEX; source-image IDs excluded. Not a semantic quantity inventory or numerical correction.
AB01-PDF0046-notes_right-L003	46	"[""1849"", ""402""]"	<i>ber de astronomia</i>, Parisiis 1849, p. 402 sqq., ipse	AUTOMATIC_LITERAL_INDEX; source-image IDs excluded. Not a semantic quantity inventory or numerical correction.
AB01-PDF0046-notes_right-L006	46	"[""404"", ""405""]"	« tionibus.... », quod Pachymeres, p. 404 text., 405	AUTOMATIC_LITERAL_INDEX; source-image IDs excluded. Not a semantic quantity inventory or numerical correction.
AB01-PDF0046-notes_right-L010	46	"[""100"", ""66""]"	« 100 annis, sive, <i>secundum alios</i>, annis 66 ». At	AUTOMATIC_LITERAL_INDEX; source-image IDs excluded. Not a semantic quantity inventory or numerical correction.
AB01-PDF0046-notes_right-L011	46	"[""1"", ""66""]"	motum 1 gradus in 66 annis a multis scriptoribus	AUTOMATIC_LITERAL_INDEX; source-image IDs excluded. Not a semantic quantity inventory or numerical correction.
AB01-PDF0046-notes_right-L012	46	"[""292"", ""93""]"	receptum esse ostendi p. 292–93; qua re non licet	AUTOMATIC_LITERAL_INDEX; source-image IDs excluded. Not a semantic quantity inventory or numerical correction.
AB01-PDF0046-notes_right-L014	46	"[""454""]"	False <n>Steinschneider</n> ad <n>Baldi</n> p. 454 (extr.	AUTOMATIC_LITERAL_INDEX; source-image IDs excluded. Not a semantic quantity inventory or numerical correction.
AB01-PDF0046-notes_right-L015	46	"[""28""]"	p. 28), ab inscriptione Martini deduxit: « L’autore	AUTOMATIC_LITERAL_INDEX; source-image IDs excluded. Not a semantic quantity inventory or numerical correction.
AB01-PDF0046-notes_right-L018	46	"[""3"", ""88""]"	(3) Locum (<i>Catal. codd. astrol. graec.</i> I, 88)	AUTOMATIC_LITERAL_INDEX; source-image IDs excluded. Not a semantic quantity inventory or numerical correction.
AB01-PDF0046-notes_right-L020	46	"[""72"", ""77""]"	Solis et Lunae t. II, p. 72–77.	AUTOMATIC_LITERAL_INDEX; source-image IDs excluded. Not a semantic quantity inventory or numerical correction.
AB01-PDF0046-notes_right-L021	46	"[""4""]"	(4) Tertio libro, post indicem capitum, <gr>Πατανῆς</gr>	AUTOMATIC_LITERAL_INDEX; source-image IDs excluded. Not a semantic quantity inventory or numerical correction.
AB01-PDF0046-notes_right-L024	46	"[""1876""]"	<i>nomiae symbola</i>, Bonnae 1876 (Universitäts-Pro-	AUTOMATIC_LITERAL_INDEX; source-image IDs excluded. Not a semantic quantity inventory or numerical correction.
AB01-PDF0046-notes_right-L025	46	"[""15""]"	gramm), p. 15.	AUTOMATIC_LITERAL_INDEX; source-image IDs excluded. Not a semantic quantity inventory or numerical correction.
AB01-PDF0046-notes_right-L026	46	"[""5""]"	(5) Earum sex, « additiones Ioh. de Montereg-	AUTOMATIC_LITERAL_INDEX; source-image IDs excluded. Not a semantic quantity inventory or numerical correction.
AB01-PDF0046-notes_right-L028	46	"[""6""]"	currunt: in medio cap. III, f. 6,v. edit. Norimbergen-	AUTOMATIC_LITERAL_INDEX; source-image IDs excluded. Not a semantic quantity inventory or numerical correction.
AB01-PDF0046-notes_right-L029	46	"[""8""]"	sis; in fine eiusdem, f. 8,r.; in XI cap. (perperam	AUTOMATIC_LITERAL_INDEX; source-image IDs excluded. Not a semantic quantity inventory or numerical correction.
AB01-PDF0046-notes_right-L030	46	"[""16"", ""185""]"	duodecimo interiecta), f. 16,r. (de qua dixi p. 185);	AUTOMATIC_LITERAL_INDEX; source-image IDs excluded. Not a semantic quantity inventory or numerical correction.
AB01-PDF0046-notes_right-L031	46	"[""25"", ""200"", ""37""]"	in XXVI, f. 25,r.–v. (de qua p. 200); in XXX, f. 37,v.;	AUTOMATIC_LITERAL_INDEX; source-image IDs excluded. Not a semantic quantity inventory or numerical correction.
AB01-PDF0046-notes_right-L032	46	"[""77""]"	et in L, f. 77,v. — Fortasse est Regiomontani etiam	AUTOMATIC_LITERAL_INDEX; source-image IDs excluded. Not a semantic quantity inventory or numerical correction.
AB01-PDF0046-notes_right-L033	46	"[""204""]"	parva nota, a me p. 204 memorata.	AUTOMATIC_LITERAL_INDEX; source-image IDs excluded. Not a semantic quantity inventory or numerical correction.
AB01-PDF0047-body-L002	47	"[""1"", ""2""]"	suis, Ptolemaei et Albatenii (1); et in <i>Almagesti epitome</i> (2) saepe nostri astronomi adducit	AUTOMATIC_LITERAL_INDEX; source-image IDs excluded. Not a semantic quantity inventory or numerical correction.
AB01-PDF0047-body-L003	47	"[""2"", ""47"", ""48"", ""13"", ""56"", ""57""]"	auctoritatem, ut lib. III, prop. 2, p. 47–48, in magnitudine anni tropici; III, 13, p. 56–57, in	AUTOMATIC_LITERAL_INDEX; source-image IDs excluded. Not a semantic quantity inventory or numerical correction.
AB01-PDF0047-body-L005	47	"[""12"", ""78""]"	IV, 12, p. 78, in correctionibus quas al-Battānī mediis motibus lunaribus Ptolemaei intulerat;	AUTOMATIC_LITERAL_INDEX; source-image IDs excluded. Not a semantic quantity inventory or numerical correction.
AB01-PDF0047-body-L006	47	"[""21"", ""100"", ""103"", ""35"", ""107""]"	V, 21, p. 100–103, in Solis eclipsibus, distantiis, diametris; V, 35, p. 107, praecepta Albate-	AUTOMATIC_LITERAL_INDEX; source-image IDs excluded. Not a semantic quantity inventory or numerical correction.
AB01-PDF0047-body-L007	47	"[""80"", ""37"", ""81"", ""3"", ""3""]"	niana (p. 80, l. 37 usque ad 81, l. 3) referens ad parallaxes altitudinis e tabulis eliciendas (3);	AUTOMATIC_LITERAL_INDEX; source-image IDs excluded. Not a semantic quantity inventory or numerical correction.
AB01-PDF0047-body-L008	47	"[""7"", ""118"", ""8"", ""119""]"	VI, 7, p. 118, in terminis eclipsium solarium, et VI, 8, p. 119, in terminis eclipsium Lunae	AUTOMATIC_LITERAL_INDEX; source-image IDs excluded. Not a semantic quantity inventory or numerical correction.
AB01-PDF0047-body-L009	47	"[""32"", ""6"", ""145""]"	(quae loca videas in meis adnotationibus ad t. II, p. 32 tabularum); VII, 6, p. 145, in motu	AUTOMATIC_LITERAL_INDEX; source-image IDs excluded. Not a semantic quantity inventory or numerical correction.
AB01-PDF0047-body-L010	47	"[""1"", ""163""]"	fixarum et doctrina trepidationis; demum IX, 1, 163. — Quid vero utilitatis e nostro astro-	AUTOMATIC_LITERAL_INDEX; source-image IDs excluded. Not a semantic quantity inventory or numerical correction.
AB01-PDF0047-body-L012	47	"[""193"", ""322""]"	non memoratur. Duo exempla retuli in adnotationibus meis p. 193 et 322; at longe maioris	AUTOMATIC_LITERAL_INDEX; source-image IDs excluded. Not a semantic quantity inventory or numerical correction.
AB01-PDF0047-body-L014	47	"[""130"", ""31"", ""4""]"	<i>trie</i>, t. I, p. 130–31 animadvertit, Regiomontanum (4) scilicet usum <i>sinuum versuum</i> et <i>pro-</i>	AUTOMATIC_LITERAL_INDEX; source-image IDs excluded. Not a semantic quantity inventory or numerical correction.
AB01-PDF0047-body-L015	47	"[""5""]"	<i>iectionis orthographicae</i> in problematis trigonometriae sphaericae ab Albatenio didicisse (5).	AUTOMATIC_LITERAL_INDEX; source-image IDs excluded. Not a semantic quantity inventory or numerical correction.
AB01-PDF0047-body-L018	47	"[""1401"", ""64""]"	<n>laus Cusanus</n> (1401–64) eas adducit in <i>Reparatione calendarii</i> et <i>Correctione tabularum</i>	AUTOMATIC_LITERAL_INDEX; source-image IDs excluded. Not a semantic quantity inventory or numerical correction.
AB01-PDF0047-body-L019	47	"[""6"", ""1473"", ""1543""]"	<i>Alphonsi</i> (6); item <n>Copernicus</n> (1473–1543), qui nostrum vocat « Mahometum Aracten-	AUTOMATIC_LITERAL_INDEX; source-image IDs excluded. Not a semantic quantity inventory or numerical correction.
AB01-PDF0047-body-L020	47	"[""7"", ""1598"", ""1671""]"	« sem », <n>Tycho Brahe</n> (7), <n>Riccioli</n> (1598–1671).	AUTOMATIC_LITERAL_INDEX; source-image IDs excluded. Not a semantic quantity inventory or numerical correction.
AB01-PDF0047-body-L021	47	"[""1656"", ""1742""]"	Celeberrimus etiam <n>Halley</n> (1656–1742), ex illius tam accuratis observationibus ma-	AUTOMATIC_LITERAL_INDEX; source-image IDs excluded. Not a semantic quantity inventory or numerical correction.
AB01-PDF0047-body-L023	47	"[""8""]"	tonianae editionibus corruptos multis locis emendare conatus est (8), quamquam non semper	AUTOMATIC_LITERAL_INDEX; source-image IDs excluded. Not a semantic quantity inventory or numerical correction.
AB01-PDF0047-notes_left-L001	47	"[""1""]"	(1) Epistulae nunc editae sunt a <n>M. Curtze</n>,	AUTOMATIC_LITERAL_INDEX; source-image IDs excluded. Not a semantic quantity inventory or numerical correction.
AB01-PDF0047-notes_left-L003	47	"[""1902""]"	<i>telalter und der Renaissance</i>, fasc. I, Leipzig 1902,	AUTOMATIC_LITERAL_INDEX; source-image IDs excluded. Not a semantic quantity inventory or numerical correction.
AB01-PDF0047-notes_left-L004	47	"[""192"", ""336""]"	p. 192-336 (= Abhandlungen zur Gesch. der mathe-	AUTOMATIC_LITERAL_INDEX; source-image IDs excluded. Not a semantic quantity inventory or numerical correction.
AB01-PDF0047-notes_left-L006	47	"[""198""]"	ex <n>Delambrii</n> auctoritate p. 198 adducto, vide	AUTOMATIC_LITERAL_INDEX; source-image IDs excluded. Not a semantic quantity inventory or numerical correction.
AB01-PDF0047-notes_left-L008	47	"[""2""]"	(2) <n>Iohannis de Monteregio</n> <i>et</i> <n>Geor-</n>	AUTOMATIC_LITERAL_INDEX; source-image IDs excluded. Not a semantic quantity inventory or numerical correction.
AB01-PDF0047-notes_left-L012	47	"[""1543""]"	<i>tur</i>, Basileae 1543.	AUTOMATIC_LITERAL_INDEX; source-image IDs excluded. Not a semantic quantity inventory or numerical correction.
AB01-PDF0047-notes_left-L013	47	"[""3""]"	(3) Ubi recte Albatenium interpretatus est:	AUTOMATIC_LITERAL_INDEX; source-image IDs excluded. Not a semantic quantity inventory or numerical correction.
AB01-PDF0047-notes_left-L018	47	"[""257"", ""58""]"	« partem » (cfr. adn. meas p. 257-58). « ... Ideo pro	AUTOMATIC_LITERAL_INDEX; source-image IDs excluded. Not a semantic quantity inventory or numerical correction.
AB01-PDF0047-notes_right-L001	47	"[""4""]"	(4) <n>Ioh. de Monte Regio</n>, <i>De triangulis</i>	AUTOMATIC_LITERAL_INDEX; source-image IDs excluded. Not a semantic quantity inventory or numerical correction.
AB01-PDF0047-notes_right-L002	47	"[""1533""]"	<i>omnimodis libri quinque</i>, Norimbergae 1533, lib. V.	AUTOMATIC_LITERAL_INDEX; source-image IDs excluded. Not a semantic quantity inventory or numerical correction.
AB01-PDF0047-notes_right-L003	47	"[""5""]"	(5) Attamen verum non puto quod <n>von Braun-</n>	AUTOMATIC_LITERAL_INDEX; source-image IDs excluded. Not a semantic quantity inventory or numerical correction.
AB01-PDF0047-notes_right-L004	47	"[""131""]"	<n>mühl</n> p. 131 affirmat, Regiomontanum in secunda	AUTOMATIC_LITERAL_INDEX; source-image IDs excluded. Not a semantic quantity inventory or numerical correction.
AB01-PDF0047-notes_right-L008	47	"[""6""]"	(6) Ita <n>G. Uzielli</n>, <i>La vita e i tempi di Paolo</i>	AUTOMATIC_LITERAL_INDEX; source-image IDs excluded. Not a semantic quantity inventory or numerical correction.
AB01-PDF0047-notes_right-L011	47	"[""1892"", ""94"", ""269"", ""270""]"	Roma 1892-94, parte V, vol. I, p. 269 et 270. — De	AUTOMATIC_LITERAL_INDEX; source-image IDs excluded. Not a semantic quantity inventory or numerical correction.
AB01-PDF0047-notes_right-L013	47	"[""198""]"	<i>Addenda</i> (ad p. 198).	AUTOMATIC_LITERAL_INDEX; source-image IDs excluded. Not a semantic quantity inventory or numerical correction.
AB01-PDF0047-notes_right-L014	47	"[""7"", ""1546"", ""1601""]"	(7) Fuit annis 1546–1601. Praeter loca quae	AUTOMATIC_LITERAL_INDEX; source-image IDs excluded. Not a semantic quantity inventory or numerical correction.
AB01-PDF0047-notes_right-L015	47	"[""290"", ""294""]"	p. 290 et 294 retuli, cfr. eius <i>Progymnasmata</i>, t. I,	AUTOMATIC_LITERAL_INDEX; source-image IDs excluded. Not a semantic quantity inventory or numerical correction.
AB01-PDF0047-notes_right-L016	47	"[""37"", ""39"", ""52""]"	p. 37-39 (de magnitudine anni tropici), 52 (de apo-	AUTOMATIC_LITERAL_INDEX; source-image IDs excluded. Not a semantic quantity inventory or numerical correction.
AB01-PDF0047-notes_right-L017	47	"[""138"", ""39"", ""253"", ""55""]"	geo Solis), 138–39 et 253–55 (de longitudinibus et	AUTOMATIC_LITERAL_INDEX; source-image IDs excluded. Not a semantic quantity inventory or numerical correction.
AB01-PDF0047-notes_right-L019	47	"[""8""]"	(8) <n>Edm. Halley</n>, <i>Emendationes ac notae</i>	AUTOMATIC_LITERAL_INDEX; source-image IDs excluded. Not a semantic quantity inventory or numerical correction.
AB01-PDF0048-body-L001	48	"[""913"", ""14""]"	omni ex parte feliciter; de al-Battānī autem ita iudicavit (l. c. p. 913–14): « Author iste sane	AUTOMATIC_LITERAL_INDEX; source-image IDs excluded. Not a semantic quantity inventory or numerical correction.
AB01-PDF0048-body-L005	48	"[""1""]"	« disset..... (1). Observationes vero eius quas solas habemus, per tot saecula inter Ptolemaeum	AUTOMATIC_LITERAL_INDEX; source-image IDs excluded. Not a semantic quantity inventory or numerical correction.
AB01-PDF0048-body-L009	48	"[""2""]"	mercatores usque ar-Raqqah, ab iis Yarecca vocatam, pervenisse, scribebat (2): « The Lati-	AUTOMATIC_LITERAL_INDEX; source-image IDs excluded. Not a semantic quantity inventory or numerical correction.
AB01-PDF0048-body-L022	48	"[""3""]"	accelerationem saecularem motus lunaris deduxisse (3). Eam quidem clarissimus Anglicus astro-	AUTOMATIC_LITERAL_INDEX; source-image IDs excluded. Not a semantic quantity inventory or numerical correction.
AB01-PDF0048-body-L027	48	"[""492"", ""1749"", ""162"", ""72"", ""163""]"	sophical Transactions, nr. 492, 1749, p. 162–72). Ait enim p. 163: « Then I compared the four	AUTOMATIC_LITERAL_INDEX; source-image IDs excluded. Not a semantic quantity inventory or numerical correction.
AB01-PDF0048-notes_left-L001	48	"[""1693"", ""204"", ""913"", ""21""]"	ciety], London 1693, t. XVIII, nr. 204, p. 913-21. —	AUTOMATIC_LITERAL_INDEX; source-image IDs excluded. Not a semantic quantity inventory or numerical correction.
AB01-PDF0048-notes_left-L002	48	"[""56"", ""57""]"	Partem eius correctionum in notis p. 56-57 retuli.	AUTOMATIC_LITERAL_INDEX; source-image IDs excluded. Not a semantic quantity inventory or numerical correction.
AB01-PDF0048-notes_left-L003	48	"[""881"", ""901""]"	In radicibus medii motus Solis pro annis 881-901 Chr.	AUTOMATIC_LITERAL_INDEX; source-image IDs excluded. Not a semantic quantity inventory or numerical correction.
AB01-PDF0048-notes_left-L004	48	"[""42″""]"	restaurandis errorem 42″ tantum fecit; maiorem in	AUTOMATIC_LITERAL_INDEX; source-image IDs excluded. Not a semantic quantity inventory or numerical correction.
AB01-PDF0048-notes_left-L005	48	"[""881""]"	radicibus motus longitudinis Lunae. Nam annis 881,	AUTOMATIC_LITERAL_INDEX; source-image IDs excluded. Not a semantic quantity inventory or numerical correction.
AB01-PDF0048-notes_left-L006	48	"[""891"", ""901"", ""920"", ""237°"", ""29′"", ""117°"", ""42′""]"	891, 901 numeri eius (p. 920) sunt 237° 29′, 117° 42′,	AUTOMATIC_LITERAL_INDEX; source-image IDs excluded. Not a semantic quantity inventory or numerical correction.
AB01-PDF0048-notes_left-L007	48	"[""11°"", ""4′"", ""237°"", ""38′"", ""58″"", ""117°"", ""51′"", ""27″"", ""11°"", ""14′"", ""33″""]"	11° 4′ loco 237° 38′ 58″, 117° 51′ 27″, 11° 14′ 33″, id	AUTOMATIC_LITERAL_INDEX; source-image IDs excluded. Not a semantic quantity inventory or numerical correction.
AB01-PDF0048-notes_left-L008	48	"[""9′"", ""27″"", ""10′"", ""33″""]"	est errore inter −9′ 27″ et −10′ 33″ oscillanti. Nodi	AUTOMATIC_LITERAL_INDEX; source-image IDs excluded. Not a semantic quantity inventory or numerical correction.
AB01-PDF0048-notes_left-L010	48	"[""1""]"	(1) [Excentricitatem bisecaverat Ptolemaeus in	AUTOMATIC_LITERAL_INDEX; source-image IDs excluded. Not a semantic quantity inventory or numerical correction.
AB01-PDF0048-notes_left-L014	48	"[""2""]"	(2) <i>Some account of the ancient state of the</i>	AUTOMATIC_LITERAL_INDEX; source-image IDs excluded. Not a semantic quantity inventory or numerical correction.
AB01-PDF0048-notes_right-L002	48	"[""218"", ""1695"", ""174""]"	tions, nr. 218, 1695, p. 174.	AUTOMATIC_LITERAL_INDEX; source-image IDs excluded. Not a semantic quantity inventory or numerical correction.
AB01-PDF0048-notes_right-L003	48	"[""3""]"	(3) Rem ita perperam exponit <n>J. C. Houzeau</n>,	AUTOMATIC_LITERAL_INDEX; source-image IDs excluded. Not a semantic quantity inventory or numerical correction.
AB01-PDF0048-notes_right-L004	48	"[""1882"", ""539""]"	<i>Vade Mecum de l’astronome</i>, Bruxelles 1882, p. 539:	AUTOMATIC_LITERAL_INDEX; source-image IDs excluded. Not a semantic quantity inventory or numerical correction.
AB01-PDF0048-notes_right-L005	48	"[""1693""]"	« <i>Halley</i> ayant examiné, en 1693, les observations	AUTOMATIC_LITERAL_INDEX; source-image IDs excluded. Not a semantic quantity inventory or numerical correction.
AB01-PDF0048-notes_right-L009	48	"[""1693"", ""193"", ""913""]"	« carré du temps (London, P Tr. 1693, 193 [sic, l. 913];	AUTOMATIC_LITERAL_INDEX; source-image IDs excluded. Not a semantic quantity inventory or numerical correction.
AB01-PDF0048-notes_right-L010	48	"[""1695"", ""174""]"	« 1695, 174). Cette opinion fut confirmée par <i>Dun-</i>	AUTOMATIC_LITERAL_INDEX; source-image IDs excluded. Not a semantic quantity inventory or numerical correction.
AB01-PDF0048-notes_right-L011	48	"[""1747"", ""412""]"	« <i>thorne</i> (London, P Tr., 1747, 412 [sic!]), et bientôt	AUTOMATIC_LITERAL_INDEX; source-image IDs excluded. Not a semantic quantity inventory or numerical correction.
AB01-PDF0048-notes_right-L015	48	"[""1<sup>a</sup>"", ""1764"", ""583"", ""1163""]"	<i>nomie</i>, 1<sup>a</sup> ed., Paris 1764, t. I, p. 583, § 1163.	AUTOMATIC_LITERAL_INDEX; source-image IDs excluded. Not a semantic quantity inventory or numerical correction.
AB01-PDF0049-body-L004	49	"[""1""]"	« are not uniform enough to be taken for a certain Proof thereof » (1). Eclipses postea Pto-	AUTOMATIC_LITERAL_INDEX; source-image IDs excluded. Not a semantic quantity inventory or numerical correction.
AB01-PDF0049-body-L005	49	"[""16"", ""364""]"	lemaei, Theonis (16 Iunii 364 Chr.), duasque ab Ibn Yūnus Kahirae observatas, comparando	AUTOMATIC_LITERAL_INDEX; source-image IDs excluded. Not a semantic quantity inventory or numerical correction.
AB01-PDF0049-body-L006	49	"[""171"", ""10″"", ""100""]"	cum recentiorum tabulis, deduxit (p. 171) variationem 10″ in 100 annis esse eamque crescere	AUTOMATIC_LITERAL_INDEX; source-image IDs excluded. Not a semantic quantity inventory or numerical correction.
AB01-PDF0049-body-L010	49	"[""1764""]"	nomiae suae editione, Parisiis 1764, illius observationes affert ad probandum eclipticae obli-	AUTOMATIC_LITERAL_INDEX; source-image IDs excluded. Not a semantic quantity inventory or numerical correction.
AB01-PDF0049-body-L011	49	"[""1027"", ""2179"", ""3<sup>am</sup>"", ""1792"", ""57"", ""58""]"	quitatem constanter imminui (t. II, p. 1027, § 2179; cfr. 3<sup>am</sup> ed., Paris 1792, t. III, p. 57–58,	AUTOMATIC_LITERAL_INDEX; source-image IDs excluded. Not a semantic quantity inventory or numerical correction.
AB01-PDF0049-body-L012	49	"[""2743"", ""486"", ""982"", ""3<sup>am</sup>"", ""74""]"	§ 2743), et ad motum apogei solaris determinandum (t. I, 486, § 982; cfr. 3<sup>am</sup> ed., II, 74,	AUTOMATIC_LITERAL_INDEX; source-image IDs excluded. Not a semantic quantity inventory or numerical correction.
AB01-PDF0049-body-L013	49	"[""1313"", ""3<sup>a</sup>"", ""314"", ""917""]"	§ 1313), atque praecessionis veram quantitatem (3<sup>a</sup> ed., I, 314, § 917); sed in errore versatur	AUTOMATIC_LITERAL_INDEX; source-image IDs excluded. Not a semantic quantity inventory or numerical correction.
AB01-PDF0049-body-L014	49	"[""70"", ""106""]"	cum affirmat illum praecessionis motum unius gradus 70 annis al-Battānī statuisse (t. I, 106,	AUTOMATIC_LITERAL_INDEX; source-image IDs excluded. Not a semantic quantity inventory or numerical correction.
AB01-PDF0049-body-L015	49	"[""245"", ""3<sup>a</sup>"", ""123"", ""355"", ""45″""]"	§ 245; 3<sup>a</sup> ed., I, 123, § 355), et diametrum apparentem stellarum primae magnitudinis, 45″	AUTOMATIC_LITERAL_INDEX; source-image IDs excluded. Not a semantic quantity inventory or numerical correction.
AB01-PDF0049-body-L016	49	"[""1052"", ""2226"", ""2""]"	(t. II, 1052, § 2226). De Albatenio agit quoque <n>Bailly</n> (2); at, praeter errores in eius vita	AUTOMATIC_LITERAL_INDEX; source-image IDs excluded. Not a semantic quantity inventory or numerical correction.
AB01-PDF0049-body-L017	49	"[""596""]"	iam memoratos, de eius trigonometria p. 596 nonnisi falsissima dicit, e mendosissimis Regio-	AUTOMATIC_LITERAL_INDEX; source-image IDs excluded. Not a semantic quantity inventory or numerical correction.
AB01-PDF0049-body-L018	49	"[""3""]"	montani observationibus in XXVI caput (3) hausta, et perperam narrat Albatenium motum	AUTOMATIC_LITERAL_INDEX; source-image IDs excluded. Not a semantic quantity inventory or numerical correction.
AB01-PDF0049-body-L019	49	"[""4″"", ""32‴"", ""4""]"	<i>proprium</i> apogei Solis, 4″ 32‴ quotannis, determinavisse (4). Quem errorem auget <n>J. F. Mon-</n>	AUTOMATIC_LITERAL_INDEX; source-image IDs excluded. Not a semantic quantity inventory or numerical correction.
AB01-PDF0049-body-L021	49	"[""5""]"	apogeorum planetarum, a praecessione distinctum, suspicatum esse (5). Omnes illi viri manifeste	AUTOMATIC_LITERAL_INDEX; source-image IDs excluded. Not a semantic quantity inventory or numerical correction.
AB01-PDF0049-body-L023	49	"[""1819"", ""16"", ""62""]"	<n>Delambre</n>, <i>Histoire de l’astronomie au moyen âge</i>, Paris 1819, p. 16–62, e Platonis	AUTOMATIC_LITERAL_INDEX; source-image IDs excluded. Not a semantic quantity inventory or numerical correction.
AB01-PDF0049-body-L027	49	"[""6"", ""7""]"	nianis commiscens, causa fuit cur postea <n>Hankel</n> (6) et <n>Cantor</n> (7), eius vestigia persequentes,	AUTOMATIC_LITERAL_INDEX; source-image IDs excluded. Not a semantic quantity inventory or numerical correction.
AB01-PDF0049-body-L030	49	"[""1900"", ""50"", ""54""]"	<i>gonometrie</i>, Leipzig 1900 sq., t. I, p. 50–54, versionem Platonis iterum evolvere ausus est,	AUTOMATIC_LITERAL_INDEX; source-image IDs excluded. Not a semantic quantity inventory or numerical correction.
AB01-PDF0049-notes_left-L001	49	"[""1""]"	(1) Nec obliviscendum Halley non semper recte	AUTOMATIC_LITERAL_INDEX; source-image IDs excluded. Not a semantic quantity inventory or numerical correction.
AB01-PDF0049-notes_left-L003	49	"[""2""]"	(2) <i>Histoire de l’astronomie moderne depuis</i>	AUTOMATIC_LITERAL_INDEX; source-image IDs excluded. Not a semantic quantity inventory or numerical correction.
AB01-PDF0049-notes_left-L005	49	"[""1779"", ""228"", ""32"", ""592"", ""96""]"	<i>que de MDCCXXX</i>, Paris 1779, t. I, p. 228-32, 592-96.	AUTOMATIC_LITERAL_INDEX; source-image IDs excluded. Not a semantic quantity inventory or numerical correction.
AB01-PDF0049-notes_left-L006	49	"[""3"", ""200"", ""04""]"	(3) Cfr. quae dixi in adnot., p. 200-04; Regio-	AUTOMATIC_LITERAL_INDEX; source-image IDs excluded. Not a semantic quantity inventory or numerical correction.
AB01-PDF0049-notes_left-L009	49	"[""4"", ""229"", ""30"", ""593"", ""94""]"	(4) <n>Bailly</n>, t. I, p. 229–30 et 593–94. — E cal-	AUTOMATIC_LITERAL_INDEX; source-image IDs excluded. Not a semantic quantity inventory or numerical correction.
AB01-PDF0049-notes_left-L011	49	"[""21″""]"	tum annuum proprium 21″ elicit <n>R. Wolf</n>, <i>Ge-</i>	AUTOMATIC_LITERAL_INDEX; source-image IDs excluded. Not a semantic quantity inventory or numerical correction.
AB01-PDF0049-notes_left-L012	49	"[""1877"", ""47""]"	<i>schichte der Astronomie</i>, München 1877, p. 47; <i>Hand-</i>	AUTOMATIC_LITERAL_INDEX; source-image IDs excluded. Not a semantic quantity inventory or numerical correction.
AB01-PDF0049-notes_right-L001	49	"[""1890"", ""93"", ""447""]"	<i>buch der Astronomie</i>, Zürich 1890-93, t. I, p. 447,	AUTOMATIC_LITERAL_INDEX; source-image IDs excluded. Not a semantic quantity inventory or numerical correction.
AB01-PDF0049-notes_right-L002	49	"[""206""]"	§ 206.	AUTOMATIC_LITERAL_INDEX; source-image IDs excluded. Not a semantic quantity inventory or numerical correction.
AB01-PDF0049-notes_right-L003	49	"[""5""]"	(5) <i>Hist. des mathématiques</i>, nouv. éd., Paris,	AUTOMATIC_LITERAL_INDEX; source-image IDs excluded. Not a semantic quantity inventory or numerical correction.
AB01-PDF0049-notes_right-L004	49	"[""364"", ""362"", ""64"", ""409""]"	an VII-X, t. I, p. 364; de Albatenio I, 362–64 et 409.	AUTOMATIC_LITERAL_INDEX; source-image IDs excluded. Not a semantic quantity inventory or numerical correction.
AB01-PDF0049-notes_right-L005	49	"[""6""]"	(6) <i>Zur Geschichte der Mathematik im Alter-</i>	AUTOMATIC_LITERAL_INDEX; source-image IDs excluded. Not a semantic quantity inventory or numerical correction.
AB01-PDF0049-notes_right-L006	49	"[""1874"", ""281""]"	<i>tum und Mittelalter</i>, Leipzig 1874, p. 281; <i>Storia</i>	AUTOMATIC_LITERAL_INDEX; source-image IDs excluded. Not a semantic quantity inventory or numerical correction.
AB01-PDF0049-notes_right-L009	49	"[""1872"", ""392""]"	t. V, 1872, p. 392.	AUTOMATIC_LITERAL_INDEX; source-image IDs excluded. Not a semantic quantity inventory or numerical correction.
AB01-PDF0049-notes_right-L010	49	"[""7""]"	(7) <i>Vorlesungen über Geschichte der Mathe-</i>	AUTOMATIC_LITERAL_INDEX; source-image IDs excluded. Not a semantic quantity inventory or numerical correction.
AB01-PDF0049-notes_right-L011	49	"[""632"", ""33"", ""1880"", ""694""]"	<i>matik</i>, t. I, p. 632-33 prioris edit. (1880), vel I, 694	AUTOMATIC_LITERAL_INDEX; source-image IDs excluded. Not a semantic quantity inventory or numerical correction.
AB01-PDF0049-notes_right-L012	49	"[""1894""]"	alterius (1894).	AUTOMATIC_LITERAL_INDEX; source-image IDs excluded. Not a semantic quantity inventory or numerical correction.
AB01-PDF0050-body-L002	50	"[""1""]"	ignari (1), inutile est hic commemorare.	AUTOMATIC_LITERAL_INDEX; source-image IDs excluded. Not a semantic quantity inventory or numerical correction.
AB01-PDF0050-body-L006	50	"[""5"", ""23"", ""34""]"	menta ad fidem novarum observationum mutaverit (p. 5, l. 23–34), et voluisse explanare viam	AUTOMATIC_LITERAL_INDEX; source-image IDs excluded. Not a semantic quantity inventory or numerical correction.
AB01-PDF0050-body-L007	50	"[""36"", ""38""]"	iis qui studiis astronomicis vacavissent (ibid., l. 36–38). <i>Almagestum</i> ex Arabicis tantum ver-	AUTOMATIC_LITERAL_INDEX; source-image IDs excluded. Not a semantic quantity inventory or numerical correction.
AB01-PDF0050-body-L008	50	"[""2"", ""66"", ""27"", ""29"", ""282""]"	sionibus (2) cognoverat (p. 66, l. 27–29, et cfr. p. 282, adn. <i>a</i>), sed exemplaria interdum in nu-	AUTOMATIC_LITERAL_INDEX; source-image IDs excluded. Not a semantic quantity inventory or numerical correction.
AB01-PDF0050-body-L009	50	"[""126"", ""7"", ""297"", ""98""]"	meris discrepantia diligenter contulerat (p. 126, l. 7, et adn. p. 297–98). Almagesti loca passim	AUTOMATIC_LITERAL_INDEX; source-image IDs excluded. Not a semantic quantity inventory or numerical correction.
AB01-PDF0050-body-L010	50	"[""153""]"	adducta cum textu Graeco optime concordant, licet e stellarum fixarum catalogo (t. II, p. 153,	AUTOMATIC_LITERAL_INDEX; source-image IDs excluded. Not a semantic quantity inventory or numerical correction.
AB01-PDF0050-body-L011	50	"[""154"", ""156"", ""40"", ""29""]"	154, 156) appareat non semper recte interpretes Graeca intellexisse; praeterea p. 40 (l. 29 sqq.),	AUTOMATIC_LITERAL_INDEX; source-image IDs excluded. Not a semantic quantity inventory or numerical correction.
AB01-PDF0050-body-L012	50	"[""96"", ""3"", ""126"", ""35""]"	96 (l. 3) et 126 (l. 35) al-Battānī quaedam non omnino rite Ptolemaeo tribuit, ut in adno-	AUTOMATIC_LITERAL_INDEX; source-image IDs excluded. Not a semantic quantity inventory or numerical correction.
AB01-PDF0050-body-L013	50	"[""3"", ""129"", ""30""]"	tationibus meis monui (3). <i>Tetrabiblum</i>, cuius doctrinas tacite p. 129–30 exponit, memorat	AUTOMATIC_LITERAL_INDEX; source-image IDs excluded. Not a semantic quantity inventory or numerical correction.
AB01-PDF0050-body-L014	50	"[""134"", ""40"", ""41"", ""149""]"	p. 134, l. 40–41, post eius rationem aphetarum dirigendorum enarratam; locus autem p. 149,	AUTOMATIC_LITERAL_INDEX; source-image IDs excluded. Not a semantic quantity inventory or numerical correction.
AB01-PDF0050-body-L016	50	"[""20"", ""11""]"	certum est; cfr. p. 20, l. 11, measque animadversiones in tabulas geographicas t. II.	AUTOMATIC_LITERAL_INDEX; source-image IDs excluded. Not a semantic quantity inventory or numerical correction.
AB01-PDF0050-body-L017	50	"[""69"", ""82"", ""84"", ""105""]"	<n>Theonis Alexandrini</n> <i>Canones</i> seu <i>Tabulas manuales</i> memorat p. 69, 82, 84, 105,	AUTOMATIC_LITERAL_INDEX; source-image IDs excluded. Not a semantic quantity inventory or numerical correction.
AB01-PDF0050-body-L018	50	"[""95"", ""101""]"	e quibus tabulas parallaxium pro omnibus climatibus recepit t. II, p. 95–101; a Theone quoque	AUTOMATIC_LITERAL_INDEX; source-image IDs excluded. Not a semantic quantity inventory or numerical correction.
AB01-PDF0050-body-L019	50	"[""127"", ""10""]"	haud dubio proveniunt quae in initio LII capitis (usque ad p. 127, l. 10) narrantur, et fortasse	AUTOMATIC_LITERAL_INDEX; source-image IDs excluded. Not a semantic quantity inventory or numerical correction.
AB01-PDF0050-body-L020	50	"[""13"", ""22"", ""26""]"	« ordines declinationis » p. 13, l. 22–26.	AUTOMATIC_LITERAL_INDEX; source-image IDs excluded. Not a semantic quantity inventory or numerical correction.
AB01-PDF0050-body-L021	50	"[""19"", ""20"", ""33"", ""54""]"	Pag. 19–20, et in inscriptione tabularum geographicarum t. II, p. 33–54, <i>kitāb ṣūrat al-</i>	AUTOMATIC_LITERAL_INDEX; source-image IDs excluded. Not a semantic quantity inventory or numerical correction.
AB01-PDF0050-body-L024	50	"[""17"", ""19""]"	aliis quoque fontibus al-Battānī hausisse certum est. Nam p. 17–19 geographica narrat ad	AUTOMATIC_LITERAL_INDEX; source-image IDs excluded. Not a semantic quantity inventory or numerical correction.
AB01-PDF0050-body-L026	50	"[""165"", ""77"", ""17"", ""120"", ""23""]"	adnot. p. 165–77 demonstravi; nec illorum gravem errorem p. 17 emendat. Item p. 120–23	AUTOMATIC_LITERAL_INDEX; source-image IDs excluded. Not a semantic quantity inventory or numerical correction.
AB01-PDF0050-body-L029	50	"[""40"", ""127""]"	veterum p. 40 narrat, et de astrologis qui trepidationem stellarum fixarum profitebantur (p. 127);	AUTOMATIC_LITERAL_INDEX; source-image IDs excluded. Not a semantic quantity inventory or numerical correction.
AB01-PDF0050-body-L031	50	"[""125"", ""295"", ""97""]"	Caelo distinguebant (p. 125 et adnot. p. 295–97); libros astronomicos inter se discrepantes se	AUTOMATIC_LITERAL_INDEX; source-image IDs excluded. Not a semantic quantity inventory or numerical correction.
AB01-PDF0050-body-L032	50	"[""5""]"	vidisse p. 5 affirmat; imperitos viros aetatis suae, falsa prorsus de novilunio sentientes, me-	AUTOMATIC_LITERAL_INDEX; source-image IDs excluded. Not a semantic quantity inventory or numerical correction.
AB01-PDF0050-body-L033	50	"[""86"", ""88"", ""12""]"	morat, et veterum (Hebraeorum et Indorum?) opiniones (p. 86, 88); gnomonem in 12 partes	AUTOMATIC_LITERAL_INDEX; source-image IDs excluded. Not a semantic quantity inventory or numerical correction.
AB01-PDF0050-body-L034	50	"[""22""]"	dividit « <i>calculatorum</i> » exemplum sequens, p. 22; et de arcu apparitionis fixarum ea refert	AUTOMATIC_LITERAL_INDEX; source-image IDs excluded. Not a semantic quantity inventory or numerical correction.
AB01-PDF0050-notes_left-L001	50	"[""1""]"	(1) Ut <n>G. Andres</n>, <i>Dell’origine e progressi</i>	AUTOMATIC_LITERAL_INDEX; source-image IDs excluded. Not a semantic quantity inventory or numerical correction.
AB01-PDF0050-notes_left-L002	50	"[""1782"", ""1822"", ""337""]"	<i>d’ogni letteratura</i>, Parma 1782-1822, t. IV, p. 337;	AUTOMATIC_LITERAL_INDEX; source-image IDs excluded. Not a semantic quantity inventory or numerical correction.
AB01-PDF0050-notes_left-L004	50	"[""1790""]"	<i>Musaei Borgiani illustratus</i>, Patavii 1790, p. xxv–	AUTOMATIC_LITERAL_INDEX; source-image IDs excluded. Not a semantic quantity inventory or numerical correction.
AB01-PDF0050-notes_left-L006	50	"[""1807"", ""46"", ""47""]"	<i>autori arabi più celebri</i>, Parma 1807, p. 46–47; etc.	AUTOMATIC_LITERAL_INDEX; source-image IDs excluded. Not a semantic quantity inventory or numerical correction.
AB01-PDF0050-notes_left-L009	50	"[""1873"", ""92""]"	<i>der Himmelskunde</i>, Braunschweig 1873, t. I, p. 92–	AUTOMATIC_LITERAL_INDEX; source-image IDs excluded. Not a semantic quantity inventory or numerical correction.
AB01-PDF0050-notes_right-L001	50	"[""93""]"	–93. <n>W. Rouse Ball</n>, <i>Breve compendio di storia</i>	AUTOMATIC_LITERAL_INDEX; source-image IDs excluded. Not a semantic quantity inventory or numerical correction.
AB01-PDF0050-notes_right-L003	50	"[""1903"", ""170""]"	1903, t. I, p. 170, al-Battānī dicit « nato a Balan nella	AUTOMATIC_LITERAL_INDEX; source-image IDs excluded. Not a semantic quantity inventory or numerical correction.
AB01-PDF0050-notes_right-L004	50	"[""877""]"	« Mesopotamia nell’877 » (lactans igitur observatio-	AUTOMATIC_LITERAL_INDEX; source-image IDs excluded. Not a semantic quantity inventory or numerical correction.
AB01-PDF0050-notes_right-L006	50	"[""2""]"	(2) E <i>Syriaco</i>, ut videtur; cfr. t. II, animadv.	AUTOMATIC_LITERAL_INDEX; source-image IDs excluded. Not a semantic quantity inventory or numerical correction.
AB01-PDF0050-notes_right-L008	50	"[""3""]"	(3) Corruptelae in ventorum nominibus t. II,	AUTOMATIC_LITERAL_INDEX; source-image IDs excluded. Not a semantic quantity inventory or numerical correction.
AB01-PDF0050-notes_right-L009	50	"[""92""]"	p. 92, iam erant in Graecis exemplaribus.	AUTOMATIC_LITERAL_INDEX; source-image IDs excluded. Not a semantic quantity inventory or numerical correction.
AB01-PDF0051-body-L001	51	"[""120"", ""2"", ""7""]"	quae nonnulli « dicunt » (p. 120, l. 2–7). Notitiae de calendariis ab alio, quam Ptolemaeo et	AUTOMATIC_LITERAL_INDEX; source-image IDs excluded. Not a semantic quantity inventory or numerical correction.
AB01-PDF0051-body-L004	51	"[""12"", ""41"", ""47""]"	p. 12 in obliquitate eclipticae; 41–47 in quatuor anni temporum spatio, in motibus Solis et	AUTOMATIC_LITERAL_INDEX; source-image IDs excluded. Not a semantic quantity inventory or numerical correction.
AB01-PDF0051-body-L005	51	"[""55"", ""59"", ""60"", ""61""]"	excentricitate eius orbitae; 55–59 et 60–61 in diametrorum angularium Solis, Lunae, umbrae	AUTOMATIC_LITERAL_INDEX; source-image IDs excluded. Not a semantic quantity inventory or numerical correction.
AB01-PDF0051-body-L007	51	"[""58"", ""54"", ""66"", ""10"", ""11""]"	bere (p. 58); 54 in tabulis Lunae; 66 in motibus et apogeis planetarum; 10–11 in sinibus	AUTOMATIC_LITERAL_INDEX; source-image IDs excluded. Not a semantic quantity inventory or numerical correction.
AB01-PDF0051-body-L008	51	"[""127"", ""28""]"	loco chordarum Ptolemaei sumptis. Pag. 127–28 Ptolemaeum excusat qui, ob pauciores ve-	AUTOMATIC_LITERAL_INDEX; source-image IDs excluded. Not a semantic quantity inventory or numerical correction.
AB01-PDF0051-body-L012	51	"[""49"", ""77""]"	diversa aequationis temporis doctrina, p. 49; in parallaxe planetarum inferiorum, p. 77; in nova	AUTOMATIC_LITERAL_INDEX; source-image IDs excluded. Not a semantic quantity inventory or numerical correction.
AB01-PDF0051-body-L013	51	"[""99"", ""100""]"	eaque elegantissima supputatione magnitudinum eclipsium lunarium, p. 99–100; in exactiore	AUTOMATIC_LITERAL_INDEX; source-image IDs excluded. Not a semantic quantity inventory or numerical correction.
AB01-PDF0051-body-L014	51	"[""104"", ""06""]"	calculo parallaxis in coniunctionibus Solis et Lunae, p. 104–06; in correctione distantiae zeni-	AUTOMATIC_LITERAL_INDEX; source-image IDs excluded. Not a semantic quantity inventory or numerical correction.
AB01-PDF0051-body-L015	51	"[""82""]"	thalis Lunae et angulorum quibus parallaxes supputantur, p. 82; in opportuno nonagesimi	AUTOMATIC_LITERAL_INDEX; source-image IDs excluded. Not a semantic quantity inventory or numerical correction.
AB01-PDF0051-body-L016	51	"[""85""]"	delectu ad observationes quasdam instituendas, quas Ptolemaeus in meridiano faciebat, p. 85;	AUTOMATIC_LITERAL_INDEX; source-image IDs excluded. Not a semantic quantity inventory or numerical correction.
AB01-PDF0051-body-L017	51	"[""131""]"	in doctrina mathematica proiectionis astrologicae radiorum, p. 131; in arcubus apparitionum	AUTOMATIC_LITERAL_INDEX; source-image IDs excluded. Not a semantic quantity inventory or numerical correction.
AB01-PDF0051-body-L018	51	"[""117""]"	planetarum in aequatore potius quam ecliptica numerandis, p. 117; in ultima parte calculi	AUTOMATIC_LITERAL_INDEX; source-image IDs excluded. Not a semantic quantity inventory or numerical correction.
AB01-PDF0051-body-L019	51	"[""317""]"	directionum (cfr. adnot. p. 317); in constructione novi et commodissimi astronomici instrumenti,	AUTOMATIC_LITERAL_INDEX; source-image IDs excluded. Not a semantic quantity inventory or numerical correction.
AB01-PDF0051-body-L020	51	"[""138"", ""43"", ""144""]"	p. 138–43; in triquetri aptiore dispositione, p. 144. Gravissimum errorem Ptolemaicum de im-	AUTOMATIC_LITERAL_INDEX; source-image IDs excluded. Not a semantic quantity inventory or numerical correction.
AB01-PDF0051-body-L021	51	"[""216"", ""18""]"	mobili apogeo solari tacite corrigit (cfr. adnot. 216–18), nec unquam memorat se nonnullas	AUTOMATIC_LITERAL_INDEX; source-image IDs excluded. Not a semantic quantity inventory or numerical correction.
AB01-PDF0051-body-L022	51	"[""93"", ""94"", ""138"", ""39""]"	tabulas Almagesti, t. II, p. 93–94 et 138–39, melius supputavisse.	AUTOMATIC_LITERAL_INDEX; source-image IDs excluded. Not a semantic quantity inventory or numerical correction.
AB01-PDF0051-body-L026	51	"[""242""]"	cessionis affectum, apogeum et aequationem centri Veneris aequalia Solis (adnot. p. 242), mo-	AUTOMATIC_LITERAL_INDEX; source-image IDs excluded. Not a semantic quantity inventory or numerical correction.
AB01-PDF0051-body-L027	51	"[""250"", ""52""]"	tum latitudinis Lunae a nodo boreali supputatum (adnot. p. 250–52). Longitudinem gradus	AUTOMATIC_LITERAL_INDEX; source-image IDs excluded. Not a semantic quantity inventory or numerical correction.
AB01-PDF0051-body-L029	51	"[""19"", ""19"", ""20""]"	p. 19; longitudines terrestres ab insulis Fortunatis, more Ptolemaico, numerat p. 19, 20 et in	AUTOMATIC_LITERAL_INDEX; source-image IDs excluded. Not a semantic quantity inventory or numerical correction.
AB01-PDF0051-body-L036	51	"[""1""]"	iam a Baghdādensibus astronomis receptas, sicut <i>awǵ</i> « apogeum excentrici » (1), <i>ǵayb</i> « si-	AUTOMATIC_LITERAL_INDEX; source-image IDs excluded. Not a semantic quantity inventory or numerical correction.
AB01-PDF0051-notes_left-L001	51	"[""1""]"	(1) Al-Battānī et Almagesti veteres versiones	AUTOMATIC_LITERAL_INDEX; source-image IDs excluded. Not a semantic quantity inventory or numerical correction.
AB01-PDF0052-body-L001	52	"[""1"", ""2""]"	« num » (1), <i>buht</i> « motum inaequalem septem planetarum in die » (2), al-Battānī omnino res-	AUTOMATIC_LITERAL_INDEX; source-image IDs excluded. Not a semantic quantity inventory or numerical correction.
AB01-PDF0052-body-L003	52	"[""3""]"	periebantur (3). Bis contra e quibusdam Almagesti exemplaribus insulsa illa Graeca <i>afīǵiyūn</i>	AUTOMATIC_LITERAL_INDEX; source-image IDs excluded. Not a semantic quantity inventory or numerical correction.
AB01-PDF0052-body-L004	52	"[""282""]"	et <i>ferīǵiyūn</i> accepit, de quibus p. 282 (cfr. p. xxxvii, adn.) disserui, et Graeca ventorum nomina	AUTOMATIC_LITERAL_INDEX; source-image IDs excluded. Not a semantic quantity inventory or numerical correction.
AB01-PDF0052-body-L005	52	"[""92"", ""75""]"	t. II, p. 92. Notum Persicum vocabulum <i>ǵawzahar</i> p. 75, in titulo cap. XXXVII, occurrit, ubi	AUTOMATIC_LITERAL_INDEX; source-image IDs excluded. Not a semantic quantity inventory or numerical correction.
AB01-PDF0052-body-L006	52	"[""3""]"	tamen interpolatum videtur (deest in indice capitum p. 3 et in versione Platonis); spuria autem	AUTOMATIC_LITERAL_INDEX; source-image IDs excluded. Not a semantic quantity inventory or numerical correction.
AB01-PDF0052-body-L007	52	"[""4""]"	sunt ambo loca quibus <i>haylāǵ</i> memoratur (4).	AUTOMATIC_LITERAL_INDEX; source-image IDs excluded. Not a semantic quantity inventory or numerical correction.
AB01-PDF0052-body-L016	52	"[""5""]"	<i>Shu‘ūbī</i>, pl. <i>shu‘ūbiyyah</i>, vocabantur (5). Qui Persica stirpe erant, Persarum scientias, litteras,	AUTOMATIC_LITERAL_INDEX; source-image IDs excluded. Not a semantic quantity inventory or numerical correction.
AB01-PDF0052-body-L020	52	"[""6""]"	brabant, fictisque fabulis mirabiles antiquorum regum fastos conficiebant (6); alii demum, in	AUTOMATIC_LITERAL_INDEX; source-image IDs excluded. Not a semantic quantity inventory or numerical correction.
AB01-PDF0052-notes_left-L010	52	"[""1550"", ""127"", ""28""]"	sileae 1550, tract. III, pars II, cap. I, col. 127–28).	AUTOMATIC_LITERAL_INDEX; source-image IDs excluded. Not a semantic quantity inventory or numerical correction.
AB01-PDF0052-notes_left-L011	52	"[""1""]"	(1) Quem al-Battānī « chordam dimidiatam »	AUTOMATIC_LITERAL_INDEX; source-image IDs excluded. Not a semantic quantity inventory or numerical correction.
AB01-PDF0052-notes_left-L013	52	"[""2""]"	(2) Vox non ignota nostratibus; <i>buth plane-</i>	AUTOMATIC_LITERAL_INDEX; source-image IDs excluded. Not a semantic quantity inventory or numerical correction.
AB01-PDF0052-notes_left-L015	52	"[""1887"", ""591""]"	lett. di bibl. delle sc. matem., XX, 1887, 591); in XXIV	AUTOMATIC_LITERAL_INDEX; source-image IDs excluded. Not a semantic quantity inventory or numerical correction.
AB01-PDF0052-notes_left-L017	52	"[""7""]"	(cf. supra p. xxxvi, adn. 7): « <i>Buth</i> Solis et Lunae	AUTOMATIC_LITERAL_INDEX; source-image IDs excluded. Not a semantic quantity inventory or numerical correction.
AB01-PDF0052-notes_left-L023	52	"[""139"", ""1156""]"	<i>oriental.</i>, t. III, p. 139, nr. 1156).	AUTOMATIC_LITERAL_INDEX; source-image IDs excluded. Not a semantic quantity inventory or numerical correction.
AB01-PDF0052-notes_left-L024	52	"[""3""]"	(3) Ut patet ex indice praecipuarum vocum	AUTOMATIC_LITERAL_INDEX; source-image IDs excluded. Not a semantic quantity inventory or numerical correction.
AB01-PDF0052-notes_right-L002	52	"[""1888""]"	<i>genl. Gesellsch.</i>, t. XLII, 1888. — <i>Chorda, sagitta,</i>	AUTOMATIC_LITERAL_INDEX; source-image IDs excluded. Not a semantic quantity inventory or numerical correction.
AB01-PDF0052-notes_right-L006	52	"[""4"", ""134""]"	(4) Prior locus p. 134, l. ult.; ibi illa « hoc modo	AUTOMATIC_LITERAL_INDEX; source-image IDs excluded. Not a semantic quantity inventory or numerical correction.
AB01-PDF0052-notes_right-L015	52	"[""4""]"	« libro 4, quem prognosticationem [sic] quam ex stel-	AUTOMATIC_LITERAL_INDEX; source-image IDs excluded. Not a semantic quantity inventory or numerical correction.
AB01-PDF0052-notes_right-L017	52	"[""149""]"	« rium ducimus ». — Alter locus p. 149, in adp. F,	AUTOMATIC_LITERAL_INDEX; source-image IDs excluded. Not a semantic quantity inventory or numerical correction.
AB01-PDF0052-notes_right-L018	52	"[""325"", ""27""]"	quae spuria videtur; cfr. adnot. p. 325-27.	AUTOMATIC_LITERAL_INDEX; source-image IDs excluded. Not a semantic quantity inventory or numerical correction.
AB01-PDF0052-notes_right-L019	52	"[""5""]"	(5) De iis disseruit <n>I. Goldziher</n>, <i>Muhamme-</i>	AUTOMATIC_LITERAL_INDEX; source-image IDs excluded. Not a semantic quantity inventory or numerical correction.
AB01-PDF0052-notes_right-L020	52	"[""1888"", ""90"", ""147"", ""216""]"	<i>danische Studien</i>, Leipzig 1888-90, t. I, p. 147–216.	AUTOMATIC_LITERAL_INDEX; source-image IDs excluded. Not a semantic quantity inventory or numerical correction.
AB01-PDF0052-notes_right-L021	52	"[""6""]"	(6) Pulcherrimum exemplum apud <n>V. Rosen</n>,	AUTOMATIC_LITERAL_INDEX; source-image IDs excluded. Not a semantic quantity inventory or numerical correction.
AB01-PDF0052-notes_right-L023	52	"[""1881"", ""169"", ""73""]"	<i>tique</i>, St.-Pétersbourg 1881, p. 169-73; liber, cuius	AUTOMATIC_LITERAL_INDEX; source-image IDs excluded. Not a semantic quantity inventory or numerical correction.
AB01-PDF0052-notes_right-L025	52	"[""1898""]"	<n>de Vaux</n>, <i>L’abrégé des merveilles</i>, Paris 1898.	AUTOMATIC_LITERAL_INDEX; source-image IDs excluded. Not a semantic quantity inventory or numerical correction.
AB01-PDF0053-body-L003	53	"[""2""]"	(et adn. 2) memoravi. Mirum non est etiam <i>Ḥarrānensium</i> viros doctos, qui Graecorum scien-	AUTOMATIC_LITERAL_INDEX; source-image IDs excluded. Not a semantic quantity inventory or numerical correction.
AB01-PDF0053-body-L005	53	"[""1""]"	novos contempsisse, ut horum contemptu melius Hellenismi gloria refulgeret (1). Nec praeter-	AUTOMATIC_LITERAL_INDEX; source-image IDs excluded. Not a semantic quantity inventory or numerical correction.
AB01-PDF0053-body-L010	53	"[""2""]"	« de <i>Harranensium</i> methodo, seu de revolutione anni mundi » (2); et libris astrologis pro-	AUTOMATIC_LITERAL_INDEX; source-image IDs excluded. Not a semantic quantity inventory or numerical correction.
AB01-PDF0053-body-L014	53	"[""3""]"	« sium » qui a scriptoribus Syriacis memoratur (3).	AUTOMATIC_LITERAL_INDEX; source-image IDs excluded. Not a semantic quantity inventory or numerical correction.
AB01-PDF0053-body-L020	53	"[""4""]"	usum tironum etiam scriptus est (4), sed eorum qui iam elementa cosmographica bene cogno-	AUTOMATIC_LITERAL_INDEX; source-image IDs excluded. Not a semantic quantity inventory or numerical correction.
AB01-PDF0053-body-L034	53	"[""5""]"	doctrinam (5).	AUTOMATIC_LITERAL_INDEX; source-image IDs excluded. Not a semantic quantity inventory or numerical correction.
AB01-PDF0053-notes_left-L001	53	"[""1"", ""157"", ""159""]"	(1) Cfr. <n>Goldziher</n>, I, 157 et 159, qui non-	AUTOMATIC_LITERAL_INDEX; source-image IDs excluded. Not a semantic quantity inventory or numerical correction.
AB01-PDF0053-notes_left-L003	53	"[""2""]"	(2) <i>Catalogus codicum astrologorum Graeco-</i>	AUTOMATIC_LITERAL_INDEX; source-image IDs excluded. Not a semantic quantity inventory or numerical correction.
AB01-PDF0053-notes_left-L004	53	"[""1898"", ""40"", ""57""]"	<i>rum</i>, Brussellis 1898 sqq., t. I, p. 40, et t. II, p. 57;	AUTOMATIC_LITERAL_INDEX; source-image IDs excluded. Not a semantic quantity inventory or numerical correction.
AB01-PDF0053-notes_left-L005	53	"[""1903"", ""124""]"	caput editum t. IV (1903), p. 124.	AUTOMATIC_LITERAL_INDEX; source-image IDs excluded. Not a semantic quantity inventory or numerical correction.
AB01-PDF0053-notes_left-L006	53	"[""3"", ""84""]"	(3) <i>Catal. codd. astr.</i> I, 84.	AUTOMATIC_LITERAL_INDEX; source-image IDs excluded. Not a semantic quantity inventory or numerical correction.
AB01-PDF0053-notes_left-L007	53	"[""4""]"	(4) Albatenii aetate tironibus inserviebant (ut	AUTOMATIC_LITERAL_INDEX; source-image IDs excluded. Not a semantic quantity inventory or numerical correction.
AB01-PDF0053-notes_right-L008	53	"[""5"", ""75"", ""249"", ""50""]"	(5) Alia omissio p. 75, de qua adnot. 249-50.	AUTOMATIC_LITERAL_INDEX; source-image IDs excluded. Not a semantic quantity inventory or numerical correction.
AB01-PDF0054-body-L015	54	"[""213"", ""275""]"	voce <i>ikhtilāf</i> in doctrina Solis (adnot. p. 213) et de <i>mora</i> in eclipsibus (adnot. p. 275) monui;	AUTOMATIC_LITERAL_INDEX; source-image IDs excluded. Not a semantic quantity inventory or numerical correction.
AB01-PDF0054-body-L016	54	"[""56"", ""9""]"	quas voces ceterum iam Graeci saepe confuse usurpabant. Pag. 56, l. 9, distantia media vo-	AUTOMATIC_LITERAL_INDEX; source-image IDs excluded. Not a semantic quantity inventory or numerical correction.
AB01-PDF0054-body-L025	54	"[""82"", ""259"", ""62"", ""104"", ""105"", ""110"", ""278""]"	(p. 82, et adnot. p. 259–62); pag. 104 (et 105, 110, adnot. p. 278) falsa quaedam a bonis prae-	AUTOMATIC_LITERAL_INDEX; source-image IDs excluded. Not a semantic quantity inventory or numerical correction.
AB01-PDF0054-body-L026	54	"[""125"", ""295""]"	missis concludit; non recte semper stationes lunares Arabum explicat (p. 125, adnot. p. 295–	AUTOMATIC_LITERAL_INDEX; source-image IDs excluded. Not a semantic quantity inventory or numerical correction.
AB01-PDF0054-body-L027	54	"[""296""]"	–296); in incremento longitudinum fixarum supra catalogum Almagesti in parvum incidit la-	AUTOMATIC_LITERAL_INDEX; source-image IDs excluded. Not a semantic quantity inventory or numerical correction.
AB01-PDF0054-body-L028	54	"[""124"", ""293"", ""94""]"	psum, nullius sane momenti pro instituto suo (p. 124, adnot. p. 293–94); alia etiam non satis	AUTOMATIC_LITERAL_INDEX; source-image IDs excluded. Not a semantic quantity inventory or numerical correction.
AB01-PDF0054-body-L029	54	"[""58"", ""16"", ""18"", ""235"", ""78"", ""25"", ""26"", ""254"", ""145"", ""46"", ""323""]"	bene dicit p. 58, l. 16–18 (adn. p. 235), p. 78, l. 25–26 (adn. 254), et p. 145–46 (adn. 323). Po-	AUTOMATIC_LITERAL_INDEX; source-image IDs excluded. Not a semantic quantity inventory or numerical correction.
AB01-PDF0054-body-L032	54	"[""17"", ""165"", ""66""]"	p. 17 (adnot. 165–66).	AUTOMATIC_LITERAL_INDEX; source-image IDs excluded. Not a semantic quantity inventory or numerical correction.
AB01-PDF0054-body-L037	54	"[""1"", ""66""]"	annos metitum esse (1); nullumque cognovisse errorem quem non emendavisset (p. 66). Observa-	AUTOMATIC_LITERAL_INDEX; source-image IDs excluded. Not a semantic quantity inventory or numerical correction.
AB01-PDF0054-body-L039	54	"[""91"", ""4"", ""5"", ""40""]"	quibus usus est passim memorat. <i>Astrolabium</i> p. 91, l. 4–5 et 40 occurrit in problemate	AUTOMATIC_LITERAL_INDEX; source-image IDs excluded. Not a semantic quantity inventory or numerical correction.
AB01-PDF0054-body-L040	54	"[""91""]"	mensuram exactissimam non requirenti; eadem p. 91 <i>tuborum</i> usus commendatur. Ad obser-	AUTOMATIC_LITERAL_INDEX; source-image IDs excluded. Not a semantic quantity inventory or numerical correction.
AB01-PDF0054-notes_full-L001	54	"[""1"", ""42"", ""43"", ""44"", ""52"", ""54"", ""56"", ""57"", ""65"", ""66"", ""114"", ""124""]"	(1) Pag. 42, 43, 44, 52, 54, 56, 57, 65–66, 114, 124.	AUTOMATIC_LITERAL_INDEX; source-image IDs excluded. Not a semantic quantity inventory or numerical correction.
AB01-PDF0055-body-L001	55	"[""22"", ""23""]"	vationes exactas inserviunt <i>gnomon</i> praealtus, in duodecim partes divisus (p. 22–23); ingenio-	AUTOMATIC_LITERAL_INDEX; source-image IDs excluded. Not a semantic quantity inventory or numerical correction.
AB01-PDF0055-body-L003	55	"[""138"", ""42""]"	(p. 138–42); <i>triquetrum</i> seu <i>regulae parallacticae</i>, tantae longitudinis ut mensurae illis per-	AUTOMATIC_LITERAL_INDEX; source-image IDs excluded. Not a semantic quantity inventory or numerical correction.
AB01-PDF0055-body-L004	55	"[""10"", ""5"", ""1""]"	actae proveniant a circulo cuius diametrus 10 cubita seu fere 5 metra complectatur (1); <i>qua-</i>	AUTOMATIC_LITERAL_INDEX; source-image IDs excluded. Not a semantic quantity inventory or numerical correction.
AB01-PDF0055-body-L005	55	"[""2""]"	<i>drans muralis</i> cuius latus non minus metro (2); demum <i>sciothericum</i> seu <i>horologium so-</i>	AUTOMATIC_LITERAL_INDEX; source-image IDs excluded. Not a semantic quantity inventory or numerical correction.
AB01-PDF0055-body-L006	55	"[""135"", ""38""]"	<i>lare</i> tam stratum quam erectum, ad horas temporales metiendas (p. 135–38). Aliis etiam	AUTOMATIC_LITERAL_INDEX; source-image IDs excluded. Not a semantic quantity inventory or numerical correction.
AB01-PDF0055-body-L007	55	"[""138"", ""31"", ""32""]"	instrumentis horas deprehendi monet, at non ita exacte ut sciotherico (p. 138, l. 31–32).	AUTOMATIC_LITERAL_INDEX; source-image IDs excluded. Not a semantic quantity inventory or numerical correction.
AB01-PDF0055-body-L009	55	"[""5"", ""127"", ""139""]"	faciendae, al-Battānī p. 5, 127, 139 docet, optime monens in rebus caelestibus veritatem non	AUTOMATIC_LITERAL_INDEX; source-image IDs excluded. Not a semantic quantity inventory or numerical correction.
AB01-PDF0055-body-L021	55	"[""3""]"	constituta, ut eclipticae obliquitas, apogea Solis et quinque planetarum, anni tropici longitudo (3),	AUTOMATIC_LITERAL_INDEX; source-image IDs excluded. Not a semantic quantity inventory or numerical correction.
AB01-PDF0055-body-L025	55	"[""4""]"	(licet primo obtutu a veritate mathematica dissidentium) (4), virum operationum astronomicarum	AUTOMATIC_LITERAL_INDEX; source-image IDs excluded. Not a semantic quantity inventory or numerical correction.
AB01-PDF0055-body-L031	55	"[""234""]"	fecisse rotundos, patet ex tabularum inspectione et exemplo p. 234, adn. <i>l</i>, allato.	AUTOMATIC_LITERAL_INDEX; source-image IDs excluded. Not a semantic quantity inventory or numerical correction.
AB01-PDF0055-notes_left-L001	55	"[""1"", ""143"", ""44"", ""12"", ""17"", ""19"", ""85"", ""2""]"	(1) P. 143-44, et p. 12, l. 17-19, p. 85, l. 2.	AUTOMATIC_LITERAL_INDEX; source-image IDs excluded. Not a semantic quantity inventory or numerical correction.
AB01-PDF0055-notes_left-L002	55	"[""2"", ""142"", ""43"", ""12"", ""17"", ""19"", ""85"", ""2""]"	(2) P. 142-43, et p. 12, l. 17-19, p. 85, l. 2.	AUTOMATIC_LITERAL_INDEX; source-image IDs excluded. Not a semantic quantity inventory or numerical correction.
AB01-PDF0055-notes_left-L003	55	"[""3""]"	(3) Meliorem etiam invenisset si Hipparcho po-	AUTOMATIC_LITERAL_INDEX; source-image IDs excluded. Not a semantic quantity inventory or numerical correction.
AB01-PDF0055-notes_right-L001	55	"[""4"", ""58"", ""234"", ""35"", ""65""]"	(4) Exempla p. 58 (adnot. p. 234-35), 65 (ad-	AUTOMATIC_LITERAL_INDEX; source-image IDs excluded. Not a semantic quantity inventory or numerical correction.
AB01-PDF0055-notes_right-L002	55	"[""238"", ""94"", ""273"", ""95"", ""273"", ""74"", ""137""]"	not. 238), 94 (adnot. 273), 95 (adnot. 273-74), 137	AUTOMATIC_LITERAL_INDEX; source-image IDs excluded. Not a semantic quantity inventory or numerical correction.
AB01-PDF0055-notes_right-L003	55	"[""318""]"	(adnot. 318).	AUTOMATIC_LITERAL_INDEX; source-image IDs excluded. Not a semantic quantity inventory or numerical correction.
AB01-PDF0056-body-L002	56	"[""1"", ""60""]"	<i>cosinus, sinus versus</i> (1); Graeco more ad radium 60 partium, quem littera <m>R</m> indicabo, re-	AUTOMATIC_LITERAL_INDEX; source-image IDs excluded. Not a semantic quantity inventory or numerical correction.
AB01-PDF0056-body-L004	56	"[""154"", ""56"", ""10"", ""33""]"	notiones in unum conflaverant, ostendi p. 154–56. Ut ipse p. 10, l. 33 sqq. fatetur, tabulam	AUTOMATIC_LITERAL_INDEX; source-image IDs excluded. Not a semantic quantity inventory or numerical correction.
AB01-PDF0056-body-L005	56	"[""55"", ""56""]"	sinuum (t. II, p. 55–56) condidit chordas Ptolemaicas duplorum arcuum dimidiando.	AUTOMATIC_LITERAL_INDEX; source-image IDs excluded. Not a semantic quantity inventory or numerical correction.
AB01-PDF0056-body-L007	56	"[""12""]"	functiones trigonometricas; qua re eas ad semidiametrum seu gnomonem 12 partium, Indico	AUTOMATIC_LITERAL_INDEX; source-image IDs excluded. Not a semantic quantity inventory or numerical correction.
AB01-PDF0056-body-L008	56	"[""22"", ""180"", ""82""]"	more, refert. Auctoris formulas (p. 22) collegi in adnot. p. 180–82; tabula umbrarum, seu	AUTOMATIC_LITERAL_INDEX; source-image IDs excluded. Not a semantic quantity inventory or numerical correction.
AB01-PDF0056-body-L009	56	"[""12"", ""60""]"	cotangentium pro <m>R=12^{p}</m>, est t. II, p. 60.	AUTOMATIC_LITERAL_INDEX; source-image IDs excluded. Not a semantic quantity inventory or numerical correction.
AB01-PDF0056-body-L011	56	"[""9"", ""10"", ""153"", ""54""]"	aut differentiae duorum arcuum deprehendi possunt, p. 9–10 (adnot. 153–54) exposita sunt;	AUTOMATIC_LITERAL_INDEX; source-image IDs excluded. Not a semantic quantity inventory or numerical correction.
AB01-PDF0056-body-L012	56	"[""10"", ""157""]"	formula ad supputandum sinum dimidii arcus etiam p. 10 (adnot. 157). Praeter has regulas	AUTOMATIC_LITERAL_INDEX; source-image IDs excluded. Not a semantic quantity inventory or numerical correction.
AB01-PDF0056-body-L013	56	"[""11"", ""32"", ""34"", ""78"", ""255""]"	auctor p. 11, l. 32–34 (cfr. ipsam tabulam sinuum et p. 78, adnot. p. 255) docet:	AUTOMATIC_LITERAL_INDEX; source-image IDs excluded. Not a semantic quantity inventory or numerical correction.
AB01-PDF0056-body-L014	56	"[""180""]"	<m>\sin(180^{\circ}-a)=\sin a,</m>	AUTOMATIC_LITERAL_INDEX; source-image IDs excluded. Not a semantic quantity inventory or numerical correction.
AB01-PDF0056-body-L015	56	"[""11"", ""156""]"	et, p. 11 (adn. p. 156):	AUTOMATIC_LITERAL_INDEX; source-image IDs excluded. Not a semantic quantity inventory or numerical correction.
AB01-PDF0056-body-L016	56	"[""2"", ""2""]"	<m>\cos a=\sqrt{R^2-\sin^2 a}.</m>	AUTOMATIC_LITERAL_INDEX; source-image IDs excluded. Not a semantic quantity inventory or numerical correction.
AB01-PDF0056-body-L019	56	"[""85"", ""265"", ""2""]"	formulis p. 85 (adnot. p. 265) continetur; nam altera est (2)	AUTOMATIC_LITERAL_INDEX; source-image IDs excluded. Not a semantic quantity inventory or numerical correction.
AB01-PDF0056-body-L020	56	"[""180""]"	<m>c=a\frac{\sin(180^{\circ}-C)}{\sin A}=a\frac{\sin C}{\sin A}\qquad\text{i. e.}\qquad c:a=\sin C:\sin A;</m>	AUTOMATIC_LITERAL_INDEX; source-image IDs excluded. Not a semantic quantity inventory or numerical correction.
AB01-PDF0056-body-L023	56	"[""22"", ""180""]"	Idemque deducitur a regula p. 22 (adnot. 180,<gr>α</gr>), quae ad triangulum rectangulum spectat.	AUTOMATIC_LITERAL_INDEX; source-image IDs excluded. Not a semantic quantity inventory or numerical correction.
AB01-PDF0056-body-L025	56	"[""2"", ""2"", ""2"", ""2""]"	<m>a=\frac{b\cos C}{R}+\sqrt{c^2-\frac{b^2\sin^2 C}{R^2}}</m>	AUTOMATIC_LITERAL_INDEX; source-image IDs excluded. Not a semantic quantity inventory or numerical correction.
AB01-PDF0056-body-L026	56	"[""78"", ""79"", ""255"", ""56""]"	al-Battānī p. 78–79 (adnot. 255–56) a constructionibus geometricis Ptolemaei facile deduxit.	AUTOMATIC_LITERAL_INDEX; source-image IDs excluded. Not a semantic quantity inventory or numerical correction.
AB01-PDF0056-body-L029	56	"[""3"", ""4""]"	<m>\cos b=\frac{\cos a\cos c}{R}\ (3)\qquad\qquad\sin b=R\frac{\sin c}{\sin C}\ (4)</m>	AUTOMATIC_LITERAL_INDEX; source-image IDs excluded. Not a semantic quantity inventory or numerical correction.
AB01-PDF0056-body-L030	56	"[""5"", ""6""]"	<m>\sin a=R\frac{\sin c}{\cos c}\times\frac{\cos C}{\sin C}\ (5)\qquad\qquad\cos A=R\frac{\sin c}{\cos c}\times\frac{\cos b}{\sin b}\ (6).</m>	AUTOMATIC_LITERAL_INDEX; source-image IDs excluded. Not a semantic quantity inventory or numerical correction.
AB01-PDF0056-notes_left-L001	56	"[""1"", ""11"", ""156""]"	(1) Indicae originis; p. 11 (adnot. p. 156) defi-	AUTOMATIC_LITERAL_INDEX; source-image IDs excluded. Not a semantic quantity inventory or numerical correction.
AB01-PDF0056-notes_left-L003	56	"[""2""]"	(2) Maiusculis litteris angulos, minusculis la-	AUTOMATIC_LITERAL_INDEX; source-image IDs excluded. Not a semantic quantity inventory or numerical correction.
AB01-PDF0056-notes_left-L006	56	"[""3"", ""20"", ""177"", ""78"", ""21"", ""179""]"	(3) P. 20 (adn. 177–78), 21 (adn. 179,<gr>α</gr>).	AUTOMATIC_LITERAL_INDEX; source-image IDs excluded. Not a semantic quantity inventory or numerical correction.
AB01-PDF0056-notes_left-L007	56	"[""4"", ""21"", ""178""]"	(4) P. 21 (adn. 178); et, absque Ptolemaei exem-	AUTOMATIC_LITERAL_INDEX; source-image IDs excluded. Not a semantic quantity inventory or numerical correction.
AB01-PDF0056-notes_right-L001	56	"[""35"", ""196"", ""37"", ""199"", ""81"", ""258"", ""82""]"	plo, p. 35 (adn. 196), 37 (adn. 199), 81 (adn. 258), 82	AUTOMATIC_LITERAL_INDEX; source-image IDs excluded. Not a semantic quantity inventory or numerical correction.
AB01-PDF0056-notes_right-L002	56	"[""259"", ""12""]"	(adn. 259,<gr>α</gr>). Similiter <m>\sin a=\frac{\sin b\sin A}{R}</m>, p. 12	AUTOMATIC_LITERAL_INDEX; source-image IDs excluded. Not a semantic quantity inventory or numerical correction.
AB01-PDF0056-notes_right-L003	56	"[""162"", ""76"", ""251""]"	(adn. 162), 76 (adn. 251).	AUTOMATIC_LITERAL_INDEX; source-image IDs excluded. Not a semantic quantity inventory or numerical correction.
AB01-PDF0056-notes_right-L004	56	"[""5"", ""13"", ""14"", ""163"", ""21"", ""22"", ""180"", ""27""]"	(5) P. 13–14 (adn. 163), 21–22 (adn. 180), 27 (adn.	AUTOMATIC_LITERAL_INDEX; source-image IDs excluded. Not a semantic quantity inventory or numerical correction.
AB01-PDF0056-notes_right-L005	56	"[""188"", ""89"", ""32"", ""195""]"	188–89,<gr>β</gr>), 32 (adn. 195).	AUTOMATIC_LITERAL_INDEX; source-image IDs excluded. Not a semantic quantity inventory or numerical correction.
AB01-PDF0056-notes_right-L006	56	"[""6"", ""21"", ""179"", ""79"", ""80"", ""257"", ""81"", ""82""]"	(6) P. 21 (adn. 179,<gr>β</gr>), 79–80 (adn. 257), 81–82	AUTOMATIC_LITERAL_INDEX; source-image IDs excluded. Not a semantic quantity inventory or numerical correction.
AB01-PDF0056-notes_right-L007	56	"[""258"", ""59""]"	(adn. 258–59).	AUTOMATIC_LITERAL_INDEX; source-image IDs excluded. Not a semantic quantity inventory or numerical correction.
AB01-PDF0057-body-L003	57	"[""181"", ""194"", ""258"", ""259"", ""183""]"	quod attinet; cfr. quae in adnotationibus dixi p. 181, 194, 258, 259, et formulam <gr>α</gr> pag. 183,	AUTOMATIC_LITERAL_INDEX; source-image IDs excluded. Not a semantic quantity inventory or numerical correction.
AB01-PDF0057-body-L006	57	"[""31"", ""32"", ""192"", ""93""]"	rema Menelai adhibuisse videtur, nempe in regula pag. 31–32 (adn. p. 192–93). In reliquis	AUTOMATIC_LITERAL_INDEX; source-image IDs excluded. Not a semantic quantity inventory or numerical correction.
AB01-PDF0057-body-L007	57	"[""1""]"	analemmate seu <i>proiectione orthographica</i> utitur (1), qua re opus non est ei triangula obli-	AUTOMATIC_LITERAL_INDEX; source-image IDs excluded. Not a semantic quantity inventory or numerical correction.
AB01-PDF0057-body-L010	57	"[""189"", ""91""]"	horarius <m>t</m> in XVI cap. (adnot. p. 189–91) supputatur:	AUTOMATIC_LITERAL_INDEX; source-image IDs excluded. Not a semantic quantity inventory or numerical correction.
AB01-PDF0057-body-L012	57	"[""2"", ""60""]"	ubi <m>P</m> directe e tabulis Albatenianis potest elici (2); cum nostra formula, <m>R=60^{p}</m> sumpto, sit:	AUTOMATIC_LITERAL_INDEX; source-image IDs excluded. Not a semantic quantity inventory or numerical correction.
AB01-PDF0057-body-L013	57	"[""2""]"	<m>\cos t=\frac{R^2\sin h-R\sin\varphi\sin\delta}{\cos\varphi\cos\delta}.</m>	AUTOMATIC_LITERAL_INDEX; source-image IDs excluded. Not a semantic quantity inventory or numerical correction.
AB01-PDF0057-body-L014	57	"[""23"", ""183"", ""85""]"	Item problema XI cap., p. 23 (adn. p. 183–85), proiectione orthographica resolutum, duas for-	AUTOMATIC_LITERAL_INDEX; source-image IDs excluded. Not a semantic quantity inventory or numerical correction.
AB01-PDF0057-body-L018	57	"[""2""]"	<m>\operatorname{cos\,azimuth}=\frac{R^2\sin\delta-R\sin h\sin\varphi}{\cos h\cos\varphi}.</m>	AUTOMATIC_LITERAL_INDEX; source-image IDs excluded. Not a semantic quantity inventory or numerical correction.
AB01-PDF0057-body-L021	57	"[""52"", ""53""]"	p. 52–53 optime animadvertit, rationem scilicet prioris formulae (XVI cap.) deducendae non	AUTOMATIC_LITERAL_INDEX; source-image IDs excluded. Not a semantic quantity inventory or numerical correction.
AB01-PDF0057-body-L022	57	"[""37"", ""39""]"	dissimilem esse ab ea qua auctor libri Indici <i>Sūrya-Siddhānta</i> (cap. III, str. 37–39, vers.	AUTOMATIC_LITERAL_INDEX; source-image IDs excluded. Not a semantic quantity inventory or numerical correction.
AB01-PDF0057-body-L023	57	"[""261"", ""3""]"	Burgess–Whitney, p. 261) regulam invenerat (3):	AUTOMATIC_LITERAL_INDEX; source-image IDs excluded. Not a semantic quantity inventory or numerical correction.
AB01-PDF0057-body-L027	57	"[""25"", ""26"", ""186"", ""87""]"	ut XII capitis (p. 25–26, adn. p. 186–87), qua ex amplitudine ortiva et altitudine meridiana	AUTOMATIC_LITERAL_INDEX; source-image IDs excluded. Not a semantic quantity inventory or numerical correction.
AB01-PDF0057-body-L030	57	"[""4""]"	Maximi vero ponderis sunt praecepta XXVI capitis, quibus auctor passim (4) utitur tan-	AUTOMATIC_LITERAL_INDEX; source-image IDs excluded. Not a semantic quantity inventory or numerical correction.
AB01-PDF0057-notes_left-L001	57	"[""1""]"	(1) Cuius usum Arabes ab Indis praesertim di-	AUTOMATIC_LITERAL_INDEX; source-image IDs excluded. Not a semantic quantity inventory or numerical correction.
AB01-PDF0057-notes_left-L002	57	"[""38"", ""42""]"	dicisse ostendit <n>von Braunmühl</n> I, 38-42.	AUTOMATIC_LITERAL_INDEX; source-image IDs excluded. Not a semantic quantity inventory or numerical correction.
AB01-PDF0057-notes_left-L003	57	"[""2"", ""33"", ""34"", ""96""]"	(2) Eadem in XXI cap., p. 33-34 (adn. p. 96,<gr>β</gr>).	AUTOMATIC_LITERAL_INDEX; source-image IDs excluded. Not a semantic quantity inventory or numerical correction.
AB01-PDF0057-notes_left-L005	57	"[""192"", ""196""]"	cap. et XXII (adnot. p. 192 et 196).	AUTOMATIC_LITERAL_INDEX; source-image IDs excluded. Not a semantic quantity inventory or numerical correction.
AB01-PDF0057-notes_left-L006	57	"[""3"", ""34"", ""36"", ""259""]"	(3) Similiter <i>Sūrya-Siddhānta</i> III, 34-36, p. 259-	AUTOMATIC_LITERAL_INDEX; source-image IDs excluded. Not a semantic quantity inventory or numerical correction.
AB01-PDF0057-notes_right-L001	57	"[""260""]"	-260: <m>\sin h=\bigl\{(R\mathbin{\pm}\operatorname{sin\,diff.\,asc.})-\operatorname{sin\,vers}t\bigr\}\times</m>	AUTOMATIC_LITERAL_INDEX; source-image IDs excluded. Not a semantic quantity inventory or numerical correction.
AB01-PDF0057-notes_right-L003	57	"[""4"", ""38"", ""40"", ""200"", ""04""]"	(4) Cap. XXVI, p. 38–40 (adn. p. 200-04); cap.	AUTOMATIC_LITERAL_INDEX; source-image IDs excluded. Not a semantic quantity inventory or numerical correction.
AB01-PDF0057-notes_right-L004	57	"[""87"", ""11"", ""13"", ""131"", ""20"", ""38""]"	XLI, p. 87, l. 11–13; et cap. LIV, p. 131, l. 20–38 (cum	AUTOMATIC_LITERAL_INDEX; source-image IDs excluded. Not a semantic quantity inventory or numerical correction.
AB01-PDF0057-notes_right-L005	57	"[""307"", ""09""]"	adn. p. 307-09, ubi vera lectio restituitur).	AUTOMATIC_LITERAL_INDEX; source-image IDs excluded. Not a semantic quantity inventory or numerical correction.
AB01-PDF0058-body-L003	58	"[""1""]"	pervenisse integrum nisi in versione Latina <n>Rudolphi Brugensis</n> (1), qui passim et sui	AUTOMATIC_LITERAL_INDEX; source-image IDs excluded. Not a semantic quantity inventory or numerical correction.
AB01-PDF0058-body-L014	58	"[""2""]"	« de circulis damus » (2).	AUTOMATIC_LITERAL_INDEX; source-image IDs excluded. Not a semantic quantity inventory or numerical correction.
AB01-PDF0058-body-L015	58	"[""1817"", ""434""]"	<n>Delambre</n>, <i>Histoire de l’astronomie ancienne</i>, Paris 1817, t. II, p. 434, Latinum in-	AUTOMATIC_LITERAL_INDEX; source-image IDs excluded. Not a semantic quantity inventory or numerical correction.
AB01-PDF0058-body-L020	58	"[""452"", ""27"", ""3""]"	etiam <n>Steinschneider</n> ad <n>Baldi</n> p. 452 (extr. p. 27) et <n>Wüstenfeld</n> (3) in dubium non	AUTOMATIC_LITERAL_INDEX; source-image IDs excluded. Not a semantic quantity inventory or numerical correction.
AB01-PDF0058-body-L025	58	"[""4""]"	transtulisse ignoramus (4); in opere astronomico (<i>zīǵ</i>) parum verisimile mihi videtur. At for-	AUTOMATIC_LITERAL_INDEX; source-image IDs excluded. Not a semantic quantity inventory or numerical correction.
AB01-PDF0058-body-L031	58	"[""232""]"	in praefatione Rudolphi Brugensis in Planisphaerium (p. 232) memoratus, cui propositum erat	AUTOMATIC_LITERAL_INDEX; source-image IDs excluded. Not a semantic quantity inventory or numerical correction.
AB01-PDF0058-notes_left-L001	58	"[""1"", ""1143""]"	(1) Tolosae kalend. Iuniis 1143 absoluta. <n>Jour-</n>	AUTOMATIC_LITERAL_INDEX; source-image IDs excluded. Not a semantic quantity inventory or numerical correction.
AB01-PDF0058-notes_left-L007	58	"[""1893"", ""534"", ""35"", ""330""]"	<i>Mittelalters</i>, Berlin 1893, p. 534-35, § 330.	AUTOMATIC_LITERAL_INDEX; source-image IDs excluded. Not a semantic quantity inventory or numerical correction.
AB01-PDF0058-notes_left-L008	58	"[""2"", ""234"", ""1536""]"	(2) P. 234 editionis anni 1536, antea p. xxv,	AUTOMATIC_LITERAL_INDEX; source-image IDs excluded. Not a semantic quantity inventory or numerical correction.
AB01-PDF0058-notes_left-L009	58	"[""2"", ""227"", ""274""]"	adn. 2 descriptae, qua Planisphaerium p. 227–274 con-	AUTOMATIC_LITERAL_INDEX; source-image IDs excluded. Not a semantic quantity inventory or numerical correction.
AB01-PDF0058-notes_left-L010	58	"[""235"", ""238"", ""39""]"	tinetur. Additamenta Maslem sunt p. 235, 238-39,	AUTOMATIC_LITERAL_INDEX; source-image IDs excluded. Not a semantic quantity inventory or numerical correction.
AB01-PDF0058-notes_left-L011	58	"[""243"", ""262"", ""269"", ""270"", ""271"", ""234""]"	243, 262, 269, 270, 271; interpretis Latini p. 234 et	AUTOMATIC_LITERAL_INDEX; source-image IDs excluded. Not a semantic quantity inventory or numerical correction.
AB01-PDF0058-notes_right-L001	58	"[""270""]"	270. Locus adductus omittitur in editione: <n>Ptole-</n>	AUTOMATIC_LITERAL_INDEX; source-image IDs excluded. Not a semantic quantity inventory or numerical correction.
AB01-PDF0058-notes_right-L004	58	"[""1558""]"	<i>rium Commentarius</i>, Venetiis 1558.	AUTOMATIC_LITERAL_INDEX; source-image IDs excluded. Not a semantic quantity inventory or numerical correction.
AB01-PDF0058-notes_right-L005	58	"[""3""]"	(3) <i>Die Uebersetzungen arabischer Werke in</i>	AUTOMATIC_LITERAL_INDEX; source-image IDs excluded. Not a semantic quantity inventory or numerical correction.
AB01-PDF0058-notes_right-L008	58	"[""1877"", ""52""]"	zu Gottingen, hist.-philol. Cl., t. XXII: 1877, p. 52.	AUTOMATIC_LITERAL_INDEX; source-image IDs excluded. Not a semantic quantity inventory or numerical correction.
AB01-PDF0058-notes_right-L009	58	"[""4""]"	(4) Eius Latine reddita sunt <i>Algebra, Liber de</i>	AUTOMATIC_LITERAL_INDEX; source-image IDs excluded. Not a semantic quantity inventory or numerical correction.
AB01-PDF0059-body-L001	59	"[""1"", ""1141"", ""1143""]"	<n>strensis, Castrensis</n> etc. nuncupatus; natione Anglus (1); annis 1141 et 1143 vivus; mor-	AUTOMATIC_LITERAL_INDEX; source-image IDs excluded. Not a semantic quantity inventory or numerical correction.
AB01-PDF0059-body-L002	59	"[""2""]"	tuus Pamplonae in Hispania (2). Hunc ipsum Robertum canones astronomicos pro urbe Lon-	AUTOMATIC_LITERAL_INDEX; source-image IDs excluded. Not a semantic quantity inventory or numerical correction.
AB01-PDF0059-body-L006	59	"[""3""]"	re nescimus utrum opus integrum an partem tantum ea esset complexa (3).	AUTOMATIC_LITERAL_INDEX; source-image IDs excluded. Not a semantic quantity inventory or numerical correction.
AB01-PDF0059-body-L010	59	"[""1537""]"	<i>bus geometricis et additionibus</i> <n>Ioannis de Regiomonte</n>, Norimbergae 1537. Alfra-	AUTOMATIC_LITERAL_INDEX; source-image IDs excluded. Not a semantic quantity inventory or numerical correction.
AB01-PDF0059-body-L011	59	"[""26"", ""90""]"	ganus 26 folia, Albatenius 90 seorsum numerata complectitur. Huic alteri parti praemittitur	AUTOMATIC_LITERAL_INDEX; source-image IDs excluded. Not a semantic quantity inventory or numerical correction.
AB01-PDF0059-body-L014	59	"[""1""]"	« rum scientiam profitetur disciplina, et est et habetur iure princeps ». Versio f. 1,v. his incipit	AUTOMATIC_LITERAL_INDEX; source-image IDs excluded. Not a semantic quantity inventory or numerical correction.
AB01-PDF0059-body-L018	59	"[""3""]"	luto, haec sunt (f. 3,v.): « Machometus Tinen filius Acharrani, qui et Albategni dictus, inquit:	AUTOMATIC_LITERAL_INDEX; source-image IDs excluded. Not a semantic quantity inventory or numerical correction.
AB01-PDF0059-body-L020	59	"[""90""]"	« nomine, cuius exaltetur ac ipsius gloriae deputetur..... ». Fol. 90,r. explicit: « Simili quoque	AUTOMATIC_LITERAL_INDEX; source-image IDs excluded. Not a semantic quantity inventory or numerical correction.
AB01-PDF0059-body-L022	59	"[""60""]"	« longitudinis arcum a zenith capitis de 60 minueris, reliquum erit altitudinis arcus ».	AUTOMATIC_LITERAL_INDEX; source-image IDs excluded. Not a semantic quantity inventory or numerical correction.
AB01-PDF0059-body-L025	59	"[""1645"", ""228"", ""8""]"	Bononiae 1645, 228 paginas complectens, praeter 8 folia in initio non numerata. Editor Ber-	AUTOMATIC_LITERAL_INDEX; source-image IDs excluded. Not a semantic quantity inventory or numerical correction.
AB01-PDF0059-notes_left-L001	59	"[""1""]"	(1) Sed cum <n>Roberto Anglico</n> (saec. XIII)	AUTOMATIC_LITERAL_INDEX; source-image IDs excluded. Not a semantic quantity inventory or numerical correction.
AB01-PDF0059-notes_left-L006	59	"[""1896""]"	mss. de la Bibliot. Nationale, t. XXXV, Paris 1896,	AUTOMATIC_LITERAL_INDEX; source-image IDs excluded. Not a semantic quantity inventory or numerical correction.
AB01-PDF0059-notes_left-L007	59	"[""561"", ""640""]"	p. 561-640.	AUTOMATIC_LITERAL_INDEX; source-image IDs excluded. Not a semantic quantity inventory or numerical correction.
AB01-PDF0059-notes_left-L008	59	"[""2"", ""44"", ""47""]"	(2) De eo <n>Wüstenfeld</n>, op. cit., p. 44-47.	AUTOMATIC_LITERAL_INDEX; source-image IDs excluded. Not a semantic quantity inventory or numerical correction.
AB01-PDF0059-notes_left-L010	59	"[""1143""]"	niacensis, anno 1143 facta, praebet <n>M. Devic</n>, <i>Une</i>	AUTOMATIC_LITERAL_INDEX; source-image IDs excluded. Not a semantic quantity inventory or numerical correction.
AB01-PDF0059-notes_left-L012	59	"[""1883""]"	Silesia], in Journal Asiatique, ser. VIII, t. I, 1883,	AUTOMATIC_LITERAL_INDEX; source-image IDs excluded. Not a semantic quantity inventory or numerical correction.
AB01-PDF0059-notes_left-L013	59	"[""368"", ""75""]"	p. 368–75.	AUTOMATIC_LITERAL_INDEX; source-image IDs excluded. Not a semantic quantity inventory or numerical correction.
AB01-PDF0059-notes_right-L001	59	"[""3""]"	(3) Nullo prorsus fundamento affirmat <n>Wü-</n>	AUTOMATIC_LITERAL_INDEX; source-image IDs excluded. Not a semantic quantity inventory or numerical correction.
AB01-PDF0059-notes_right-L002	59	"[""46""]"	<n>stenfeld</n> p. 46 (cui <n>Suter</n>, <i>Die Mathematiker</i>,	AUTOMATIC_LITERAL_INDEX; source-image IDs excluded. Not a semantic quantity inventory or numerical correction.
AB01-PDF0059-notes_right-L003	59	"[""46""]"	p. 46 subscribit) Robertum opus Albatenii transtu-	AUTOMATIC_LITERAL_INDEX; source-image IDs excluded. Not a semantic quantity inventory or numerical correction.
AB01-PDF0060-body-L002	60	"[""204""]"	phicis alia multa addit, et, in initio XXVII capitis, glossam marginis (a me p. 204 memora-	AUTOMATIC_LITERAL_INDEX; source-image IDs excluded. Not a semantic quantity inventory or numerical correction.
AB01-PDF0060-body-L006	60	"[""1887"", ""587""]"	<i>zeichniss der Amplonianischen Handschriften-Sammlung zu Erfurt</i>, Berlin 1887, p. 587,	AUTOMATIC_LITERAL_INDEX; source-image IDs excluded. Not a semantic quantity inventory or numerical correction.
AB01-PDF0060-body-L007	60	"[""350""]"	Quart nr. 350: <i>Geber seu Albategni seu primum Almagesti de numeris et motibus stel-</i>	AUTOMATIC_LITERAL_INDEX; source-image IDs excluded. Not a semantic quantity inventory or numerical correction.
AB01-PDF0060-body-L008	60	"[""1""]"	<i>larum</i> (1). Platonis praefatio antecedit; abrupte in LV capite desinit: « duos gradus per oc-	AUTOMATIC_LITERAL_INDEX; source-image IDs excluded. Not a semantic quantity inventory or numerical correction.
AB01-PDF0060-body-L009	60	"[""85"", ""24"", ""134""]"	« casum loci celi in quo », quae sunt in ed. Norimb. f. 85,r., l. 24 = versionis meae p. 134,	AUTOMATIC_LITERAL_INDEX; source-image IDs excluded. Not a semantic quantity inventory or numerical correction.
AB01-PDF0060-body-L010	60	"[""15"", ""609"", ""364"", ""1""]"	l. 15. — Alio codice eiusdem bibliothecae (<n>Schum</n> p. 609, Quart nr. 364, I, f. 1,r.–v.) sunt	AUTOMATIC_LITERAL_INDEX; source-image IDs excluded. Not a semantic quantity inventory or numerical correction.
AB01-PDF0060-body-L014	60	"[""4"", ""5"", ""7"", ""9"", ""2""]"	caelestis), i. e. f. 4,v.–5,v. ed. Norimb., p. 7–9 versionis meae (2).	AUTOMATIC_LITERAL_INDEX; source-image IDs excluded. Not a semantic quantity inventory or numerical correction.
AB01-PDF0060-body-L016	60	"[""2<sup>a</sup>"", ""1892"", ""70"", ""107"", ""13""]"	<i>Don B. Boncompagni</i>, 2<sup>a</sup> ed., Roma 1892, p. 70, nr. 107, 13º; ubi nunc, post Boncompagni	AUTOMATIC_LITERAL_INDEX; source-image IDs excluded. Not a semantic quantity inventory or numerical correction.
AB01-PDF0060-body-L019	60	"[""7266"", ""47"", ""112""]"	saeculi XIV, nr. 7266 insignitus, versionem Platonis f. 47,r.–112,v. complectitur, quam ab	AUTOMATIC_LITERAL_INDEX; source-image IDs excluded. Not a semantic quantity inventory or numerical correction.
AB01-PDF0060-body-L021	60	"[""1897""]"	textum <n>Oloug Beg</n> p. xxxii. Cuius sententia mihi recta visa est, cum, anno 1897, obiter	AUTOMATIC_LITERAL_INDEX; source-image IDs excluded. Not a semantic quantity inventory or numerical correction.
AB01-PDF0060-body-L022	60	"[""16657"", ""1"", ""82"", ""3""]"	codicem evolvissem. Alterum autem, nr. 16657, f. 1,r.–82,r., inspicere inutile existimavi (3).	AUTOMATIC_LITERAL_INDEX; source-image IDs excluded. Not a semantic quantity inventory or numerical correction.
AB01-PDF0060-body-L024	60	"[""109""]"	scripsit. Nota « <i>H. 109. piano superiore</i> » insignitum; complures tractatus astronomicos com-	AUTOMATIC_LITERAL_INDEX; source-image IDs excluded. Not a semantic quantity inventory or numerical correction.
AB01-PDF0060-notes_left-L001	60	"[""1""]"	(1) Tituli scriptor Muḥammad ibn Ǵābir al-	AUTOMATIC_LITERAL_INDEX; source-image IDs excluded. Not a semantic quantity inventory or numerical correction.
AB01-PDF0060-notes_left-L004	60	"[""873"", ""3""]"	p. 873. De alio Pseudo-Ǵābir vide § 3, nr. VI, p. xxvii.	AUTOMATIC_LITERAL_INDEX; source-image IDs excluded. Not a semantic quantity inventory or numerical correction.
AB01-PDF0060-notes_right-L001	60	"[""2""]"	(2) De codice eiusdem Bibliothecae false Alba-	AUTOMATIC_LITERAL_INDEX; source-image IDs excluded. Not a semantic quantity inventory or numerical correction.
AB01-PDF0060-notes_right-L002	60	"[""3""]"	tenio tributo vide § 3, nr. V, p. xxv.	AUTOMATIC_LITERAL_INDEX; source-image IDs excluded. Not a semantic quantity inventory or numerical correction.
AB01-PDF0060-notes_right-L003	60	"[""3"", ""16658""]"	(3) De nr. 16658, cui Albatenii nomen perpe-	AUTOMATIC_LITERAL_INDEX; source-image IDs excluded. Not a semantic quantity inventory or numerical correction.
AB01-PDF0060-notes_right-L004	60	"[""3""]"	ram appositum, vide § 3, p. xxiii.	AUTOMATIC_LITERAL_INDEX; source-image IDs excluded. Not a semantic quantity inventory or numerical correction.
AB01-PDF0061-body-L006	61	"[""1"", ""2"", ""57""]"	Marciano (1) et Vaticano (2). Nam ultimum caput ita in utroque inscribitur: <i>Capitulum 57.</i><sup><i>m</i></sup>	AUTOMATIC_LITERAL_INDEX; source-image IDs excluded. Not a semantic quantity inventory or numerical correction.
AB01-PDF0061-body-L012	61	"[""90""]"	« de 90. minueris reliquum erit altitudinis arcus », quae sunt ultima verba in editionibus typis	AUTOMATIC_LITERAL_INDEX; source-image IDs excluded. Not a semantic quantity inventory or numerical correction.
AB01-PDF0061-body-L013	61	"[""3""]"	expressis. At ambo codices postea ita pergunt (3): « Rerum quidem occasiones originesque	AUTOMATIC_LITERAL_INDEX; source-image IDs excluded. Not a semantic quantity inventory or numerical correction.
AB01-PDF0061-body-L024	61	"[""138"", ""39""]"	p. 138–39) iure ultimum caput orditur.	AUTOMATIC_LITERAL_INDEX; source-image IDs excluded. Not a semantic quantity inventory or numerical correction.
AB01-PDF0061-body-L025	61	"[""83"", ""142""]"	Iis absolutis, M f. 83,r,<i>b</i>, V f. 142,r., haec sequuntur: « Ac postquam ad istud in hoc no-	AUTOMATIC_LITERAL_INDEX; source-image IDs excluded. Not a semantic quantity inventory or numerical correction.
AB01-PDF0061-body-L029	61	"[""2""]"	« ovum [M: omni] nuncupatur [M: nuncupabitur], nec non 2. instrumentorum opera que in	AUTOMATIC_LITERAL_INDEX; source-image IDs excluded. Not a semantic quantity inventory or numerical correction.
AB01-PDF0061-body-L031	61	"[""4""]"	« mus; quibus plane monstratis tabulas Deo volente constituemus (4). — <i>De opere instrumenti</i>	AUTOMATIC_LITERAL_INDEX; source-image IDs excluded. Not a semantic quantity inventory or numerical correction.
AB01-PDF0061-notes_left-L001	61	"[""1""]"	(1) Nota « <i>Classe VIII, cod. XIV</i> » insignitum	AUTOMATIC_LITERAL_INDEX; source-image IDs excluded. Not a semantic quantity inventory or numerical correction.
AB01-PDF0061-notes_left-L004	61	"[""1863"", ""73"", ""245""]"	<i>codices mss. Latini</i>, Venetiis 1863–73, t. IV, p. 245–	AUTOMATIC_LITERAL_INDEX; source-image IDs excluded. Not a semantic quantity inventory or numerical correction.
AB01-PDF0061-notes_left-L005	61	"[""246""]"	–246. Membranaceum XIV saec., duabus columnis;	AUTOMATIC_LITERAL_INDEX; source-image IDs excluded. Not a semantic quantity inventory or numerical correction.
AB01-PDF0061-notes_left-L007	61	"[""47"", ""85""]"	est f. 47,r.–85,v.; figurae, in margine inferiore deli-	AUTOMATIC_LITERAL_INDEX; source-image IDs excluded. Not a semantic quantity inventory or numerical correction.
AB01-PDF0061-notes_right-L001	61	"[""2"", ""3098"", ""1""]"	(2) <i>Cod. Vatic. Lat. n. 3098</i>; chartaceus. F. 1,r.–	AUTOMATIC_LITERAL_INDEX; source-image IDs excluded. Not a semantic quantity inventory or numerical correction.
AB01-PDF0061-notes_right-L002	61	"[""108"", ""109""]"	–108,v. est astronomia Leonis de Balneolis; f. 109	AUTOMATIC_LITERAL_INDEX; source-image IDs excluded. Not a semantic quantity inventory or numerical correction.
AB01-PDF0061-notes_right-L004	61	"[""110"", ""144""]"	f. 110,r.–144,v. Albatenius, cum praefatione Platonis.	AUTOMATIC_LITERAL_INDEX; source-image IDs excluded. Not a semantic quantity inventory or numerical correction.
AB01-PDF0061-notes_right-L007	61	"[""3"", ""83"", ""142""]"	(3) M. fol. 83,r.,<i>a</i>; V. f. 142,r.,<i>a</i>. — Interpunctio-	AUTOMATIC_LITERAL_INDEX; source-image IDs excluded. Not a semantic quantity inventory or numerical correction.
AB01-PDF0061-notes_right-L009	61	"[""4""]"	(4) Brevius textus Arabicus; cfr. versionem	AUTOMATIC_LITERAL_INDEX; source-image IDs excluded. Not a semantic quantity inventory or numerical correction.
AB01-PDF0061-notes_right-L010	61	"[""139"", ""321""]"	meam p. 139 et correctiones p. 321.	AUTOMATIC_LITERAL_INDEX; source-image IDs excluded. Not a semantic quantity inventory or numerical correction.
AB01-PDF0062-body-L002	62	"[""2""]"	« in tornatoris instrumento ut ita dicam intornatam, cuiuslibet quantitatis accipe; in quam 2.	AUTOMATIC_LITERAL_INDEX; source-image IDs excluded. Not a semantic quantity inventory or numerical correction.
AB01-PDF0062-body-L003	62	"[""2""]"	« poli per oppositionem secundum dyametrum insignentur, spatiumque quod inter 2. polos ex-	AUTOMATIC_LITERAL_INDEX; source-image IDs excluded. Not a semantic quantity inventory or numerical correction.
AB01-PDF0062-body-L004	62	"[""2"", ""2""]"	« titit in 2. dividens equalia signabis, super quod punctum circulum qui speram per 2. equalia	AUTOMATIC_LITERAL_INDEX; source-image IDs excluded. Not a semantic quantity inventory or numerical correction.
AB01-PDF0062-body-L005	62	"[""4"", ""4""]"	« partiatur circinabis. Hunc autem in 4. equa diligenter dividens, quemlibet illorum 4. pun-	AUTOMATIC_LITERAL_INDEX; source-image IDs excluded. Not a semantic quantity inventory or numerical correction.
AB01-PDF0062-body-L007	62	"[""2"", ""2""]"	« per 2. spere polos transiens primum circulum secundum rectum angulum in 2. dividat equa.	AUTOMATIC_LITERAL_INDEX; source-image IDs excluded. Not a semantic quantity inventory or numerical correction.
AB01-PDF0062-body-L008	62	"[""90""]"	« Post hec quemlibet primi circuli quadrantem in 90. partes dividens, ex eis secundum quan-	AUTOMATIC_LITERAL_INDEX; source-image IDs excluded. Not a semantic quantity inventory or numerical correction.
AB01-PDF0062-body-L009	62	"[""23"", ""35"", ""360""]"	« titatem declinationis que est 23. g. et 35. sume; et si volueris totum circulum in 360.	AUTOMATIC_LITERAL_INDEX; source-image IDs excluded. Not a semantic quantity inventory or numerical correction.
AB01-PDF0062-body-L011	62	"[""2""]"	« secundum declinationis quantitatem accipiens, alterum circini pedem in altero 2. polorum	AUTOMATIC_LITERAL_INDEX; source-image IDs excluded. Not a semantic quantity inventory or numerical correction.
AB01-PDF0062-body-L014	62	"[""2"", ""2""]"	« et ita 2. circulos super 2. punctos se se in opposito secantes circumduces, quorum alter equi-	AUTOMATIC_LITERAL_INDEX; source-image IDs excluded. Not a semantic quantity inventory or numerical correction.
AB01-PDF0062-body-L016	62	"[""139"", ""37""]"	Hucusque omnia cum textu <i>Arabico</i> et versione mea (usque ad p. 139, l. 37) quadrant;	AUTOMATIC_LITERAL_INDEX; source-image IDs excluded. Not a semantic quantity inventory or numerical correction.
AB01-PDF0062-body-L017	62	"[""2""]"	sed codices Marcianus et Vaticanus <i>ita pergunt:</i> « Ac illa eius puncta 2. circuli signorum poli	AUTOMATIC_LITERAL_INDEX; source-image IDs excluded. Not a semantic quantity inventory or numerical correction.
AB01-PDF0062-body-L018	62	"[""2""]"	« dicuntur. Quapropter signorum circulus a circulo directo secundum quantitatem inter 2. po-	AUTOMATIC_LITERAL_INDEX; source-image IDs excluded. Not a semantic quantity inventory or numerical correction.
AB01-PDF0062-body-L019	62	"[""4""]"	« los positam declinabit, eruntque in spera 4. poli, quorum bini et bini super spere dyame-	AUTOMATIC_LITERAL_INDEX; source-image IDs excluded. Not a semantic quantity inventory or numerical correction.
AB01-PDF0062-body-L020	62	"[""2"", ""2""]"	« trum in opposito continentur. Erunt etiam in ea 2. circuli qui speram in 2. equalia et se se	AUTOMATIC_LITERAL_INDEX; source-image IDs excluded. Not a semantic quantity inventory or numerical correction.
AB01-PDF0062-body-L021	62	"[""2""]"	« super 2. punctos sibimet oppositos secabunt; qui circuli sunt primus et secundus circulo-	AUTOMATIC_LITERAL_INDEX; source-image IDs excluded. Not a semantic quantity inventory or numerical correction.
AB01-PDF0062-body-L023	62	"[""140"", ""7"", ""83""]"	longiores. <i>Globi</i> descriptione absoluta (cfr. p. 140, l. 7 versionis meae), codices illi (M f. 83,v.,<i>a</i>,	AUTOMATIC_LITERAL_INDEX; source-image IDs excluded. Not a semantic quantity inventory or numerical correction.
AB01-PDF0062-body-L024	62	"[""1""]"	sub finem) habent (1): « Hijs omnibus itaque peractis, eneum circulum plane superficiei, cuius	AUTOMATIC_LITERAL_INDEX; source-image IDs excluded. Not a semantic quantity inventory or numerical correction.
AB01-PDF0062-body-L029	62	"[""4"", ""90""]"	« cuius superficiem in 4. equales partes, et unamquamque quartarum in 90., partiaris, nume-	AUTOMATIC_LITERAL_INDEX; source-image IDs excluded. Not a semantic quantity inventory or numerical correction.
AB01-PDF0062-body-L031	62	"[""18"", ""4""]"	« riora protrahens, in unaquaque quarta 18. intervalla reperies. Postea ex 4. punctis quar-	AUTOMATIC_LITERAL_INDEX; source-image IDs excluded. Not a semantic quantity inventory or numerical correction.
AB01-PDF0062-body-L032	62	"[""2""]"	« tarum 2. sibimet opposita puncta polos constituas; a quibus numerare incipiens, numerorum	AUTOMATIC_LITERAL_INDEX; source-image IDs excluded. Not a semantic quantity inventory or numerical correction.
AB01-PDF0062-body-L033	62	"[""5"", ""10""]"	« litteras que sunt 5., 10., etc. in singulis intervallis inscribas... ». Haec prima armilla duo-	AUTOMATIC_LITERAL_INDEX; source-image IDs excluded. Not a semantic quantity inventory or numerical correction.
AB01-PDF0062-body-L036	62	"[""83"", ""143""]"	Docent postea ambo codices (M f. 83,v.,<i>b</i>; V f. 143,r.,<i>a</i>) quo modo in globo stellae fixae	AUTOMATIC_LITERAL_INDEX; source-image IDs excluded. Not a semantic quantity inventory or numerical correction.
AB01-PDF0062-notes_full-L001	62	"[""1""]"	(1) Sequentia nonnisi passim cum codice Vaticano contuli.	AUTOMATIC_LITERAL_INDEX; source-image IDs excluded. Not a semantic quantity inventory or numerical correction.
AB01-PDF0063-body-L004	63	"[""1""]"	« ipsum erit eius stellae centrum. Circa quod parvum circulum circinabis; quem (1) inter stel-	AUTOMATIC_LITERAL_INDEX; source-image IDs excluded. Not a semantic quantity inventory or numerical correction.
AB01-PDF0063-body-L005	63	"[""6""]"	« las 6. quantitatum, ut circuli stellarum qui sunt eiusdem quantitatis equales existant, con-	AUTOMATIC_LITERAL_INDEX; source-image IDs excluded. Not a semantic quantity inventory or numerical correction.
AB01-PDF0063-body-L007	63	"[""1022""]"	« in <i>hoc libro</i> scriptas ac in spera designare, sufficit; si autem omnes 1022. stellas, quibus	AUTOMATIC_LITERAL_INDEX; source-image IDs excluded. Not a semantic quantity inventory or numerical correction.
AB01-PDF0063-body-L008	63	"[""56""]"	« omnes [V: 56] figure circuli signorum et que extra erunt representantur, in ea locare	AUTOMATIC_LITERAL_INDEX; source-image IDs excluded. Not a semantic quantity inventory or numerical correction.
AB01-PDF0063-body-L011	63	"[""2""]"	« nomini contingat imprime. Cumque positionem omnium stellarum perfeceris, 2. predictos cla-	AUTOMATIC_LITERAL_INDEX; source-image IDs excluded. Not a semantic quantity inventory or numerical correction.
AB01-PDF0063-body-L012	63	"[""2""]"	« vos ad alios 2. polos transmutans super equinoctialis circuli polos, super quos spera volvitur,	AUTOMATIC_LITERAL_INDEX; source-image IDs excluded. Not a semantic quantity inventory or numerical correction.
AB01-PDF0063-body-L013	63	"[""2""]"	« circumrotatos constituas, ipsosque 2. clavos firmiter affigens eos usque ad enei circuli plani-	AUTOMATIC_LITERAL_INDEX; source-image IDs excluded. Not a semantic quantity inventory or numerical correction.
AB01-PDF0063-body-L015	63	"[""2""]"	« 2. polos existat ».	AUTOMATIC_LITERAL_INDEX; source-image IDs excluded. Not a semantic quantity inventory or numerical correction.
AB01-PDF0063-body-L021	63	"[""2""]"	« tabule 2. extremitates vel capita in unum tenaci soliditate coniungens, eam veraciter rotun-	AUTOMATIC_LITERAL_INDEX; source-image IDs excluded. Not a semantic quantity inventory or numerical correction.
AB01-PDF0063-body-L025	63	"[""142""]"	 australi ortus hiemales, in orientali boreali ortus aestivi etc. (cfr. p. 142). Est enim <i>armilla	AUTOMATIC_LITERAL_INDEX; source-image IDs excluded. Not a semantic quantity inventory or numerical correction.
AB01-PDF0063-body-L032	63	"[""320"", ""2"", ""84""]"	lemaei</n> (cfr. p. 320, adn. 2) esse liquidum est. Codices autem postea ita pergunt (M f. 84,v.,a):	AUTOMATIC_LITERAL_INDEX; source-image IDs excluded. Not a semantic quantity inventory or numerical correction.
AB01-PDF0063-body-L034	63	"[""2""]"	« que quam plurima cognoscere valeas, super dictum circulum eneum quem per 2. polos tran-	AUTOMATIC_LITERAL_INDEX; source-image IDs excluded. Not a semantic quantity inventory or numerical correction.
AB01-PDF0063-body-L035	63	"[""2"", ""2""]"	« sire diximus facies 2. foramina 2. polorum..... ». Permagno verborum circuitu quo modo	AUTOMATIC_LITERAL_INDEX; source-image IDs excluded. Not a semantic quantity inventory or numerical correction.
AB01-PDF0063-body-L037	63	"[""320"", ""1""]"	sphaerico</i> (<gr>ὄργανον ἀστρολάβον</gr>) <n>Ptolemaei</n>, de quo p. 320, adn. 1. Descriptio e <i>diversis fon-	AUTOMATIC_LITERAL_INDEX; source-image IDs excluded. Not a semantic quantity inventory or numerical correction.
AB01-PDF0063-body-L038	63	"[""85""]"	tibus</i> conflata videtur, nam, ubi de instrumento suspendendo agitur, haec sunt (M f. 85,r.,a;	AUTOMATIC_LITERAL_INDEX; source-image IDs excluded. Not a semantic quantity inventory or numerical correction.
AB01-PDF0063-body-L039	63	"[""144""]"	V f. 144,r.,a): « in huius autem una foraminis extremitate ex utraque parte quoddam signum	AUTOMATIC_LITERAL_INDEX; source-image IDs excluded. Not a semantic quantity inventory or numerical correction.
AB01-PDF0063-notes_full-L001	63	"[""1""]"	(1) Aliquid fortasse excidit; cfr. versionem Hispanicam.	AUTOMATIC_LITERAL_INDEX; source-image IDs excluded. Not a semantic quantity inventory or numerical correction.
AB01-PDF0064-body-L019	64	"[""1""]"	Plato Tiburtinus <i>capita omnia vertit</i> (1), <i>sed tabulas probabiliter et adpendices</i> quae fortasse	AUTOMATIC_LITERAL_INDEX; source-image IDs excluded. Not a semantic quantity inventory or numerical correction.
AB01-PDF0064-body-L020	64	"[""322""]"	tabulis commixtae erant (cfr. adnot. p. 322) <i>omisit</i>. Prima pars ultimi capitis, qua conside-	AUTOMATIC_LITERAL_INDEX; source-image IDs excluded. Not a semantic quantity inventory or numerical correction.
AB01-PDF0064-body-L024	64	"[""2""]"	et in exemplari Arabico Platonis iam multum fortasse corrupta, auxilio aliorum librorum (2)	AUTOMATIC_LITERAL_INDEX; source-image IDs excluded. Not a semantic quantity inventory or numerical correction.
AB01-PDF0064-body-L028	64	"[""114""]"	frequentes, amanuensium et typothetarum errores. Apogaea tamen planetarum, quae p. 114,	AUTOMATIC_LITERAL_INDEX; source-image IDs excluded. Not a semantic quantity inventory or numerical correction.
AB01-PDF0064-body-L029	64	"[""1""]"	adn. 1, dixi in editionibus paucum opportune in fine XLVII cap. exponi, recte in codd. Mar-	AUTOMATIC_LITERAL_INDEX; source-image IDs excluded. Not a semantic quantity inventory or numerical correction.
AB01-PDF0064-body-L032	64	"[""182""]"	<n>Savasordae</n> (ed. Curtze, p. 182) ita subscribens: « Finit..... in latinum sermonem transla-	AUTOMATIC_LITERAL_INDEX; source-image IDs excluded. Not a semantic quantity inventory or numerical correction.
AB01-PDF0064-body-L035	64	"[""27°""]"	« et LVII minuto Tauri, Iove in Arietis XXVI gradu [Curtze in versione Germanica 27°] et	AUTOMATIC_LITERAL_INDEX; source-image IDs excluded. Not a semantic quantity inventory or numerical correction.
AB01-PDF0064-body-L037	64	"[""0"", ""0""]"	« XIIII . XLV, Capite in Cancro 0 . I, Cauda in Capricorno 0 . I ».	AUTOMATIC_LITERAL_INDEX; source-image IDs excluded. Not a semantic quantity inventory or numerical correction.
AB01-PDF0064-notes_left-L001	64	"[""1""]"	(1) Consulto in primo capite professionem fidei	AUTOMATIC_LITERAL_INDEX; source-image IDs excluded. Not a semantic quantity inventory or numerical correction.
AB01-PDF0064-notes_left-L003	64	"[""4"", ""38"", ""5"", ""6"", ""5""]"	versione mea sunt pag. 4, l. 38–p. 5, l. 6, et p. 5,	AUTOMATIC_LITERAL_INDEX; source-image IDs excluded. Not a semantic quantity inventory or numerical correction.
AB01-PDF0064-notes_left-L004	64	"[""16"", ""22""]"	l. 16–22.	AUTOMATIC_LITERAL_INDEX; source-image IDs excluded. Not a semantic quantity inventory or numerical correction.
AB01-PDF0064-notes_right-L001	64	"[""2""]"	(2) De globis caelestibus et sphaeris armillari-	AUTOMATIC_LITERAL_INDEX; source-image IDs excluded. Not a semantic quantity inventory or numerical correction.
AB01-PDF0065-body-L002	65	"[""913""]"	l. c., p. 913, iudicavit neque linguarum satis scientem, neque astronomica disciplina instructum;	AUTOMATIC_LITERAL_INDEX; source-image IDs excluded. Not a semantic quantity inventory or numerical correction.
AB01-PDF0065-body-L004	65	"[""1""]"	bet (1). Quod sane etiam de omnibus fere aliis versionibus aevi medii dici potest. Exemplum	AUTOMATIC_LITERAL_INDEX; source-image IDs excluded. Not a semantic quantity inventory or numerical correction.
AB01-PDF0065-body-L007	65	"[""2""]"	dietate, qua Plato in urbe Barcinone (hodie Barcellona) floruit. <n>B. Boncompagni</n> (2) eum	AUTOMATIC_LITERAL_INDEX; source-image IDs excluded. Not a semantic quantity inventory or numerical correction.
AB01-PDF0065-body-L009	65	"[""1518""]"	<n>Theodosii</n> <i>sphaerica</i>, ex Arabico; bis anno 1518 Venetiis impressa.	AUTOMATIC_LITERAL_INDEX; source-image IDs excluded. Not a semantic quantity inventory or numerical correction.
AB01-PDF0065-body-L011	65	"[""1492"", ""1493"", ""1501"", ""1519""]"	ab</i> <n>Almansore</n> <i>astrologo</i>, ex Arabico. Venetiis impressae annis 1492, 1493, 1501, 1519 etc.	AUTOMATIC_LITERAL_INDEX; source-image IDs excluded. Not a semantic quantity inventory or numerical correction.
AB01-PDF0065-body-L012	65	"[""530""]"	Hanc versionem dicit se « in civitate Barchinona [edd.: Bardonia] anno Arabum 530 [edd.:	AUTOMATIC_LITERAL_INDEX; source-image IDs excluded. Not a semantic quantity inventory or numerical correction.
AB01-PDF0065-body-L013	65	"[""1530"", ""18"", ""18"", ""530"", ""15""]"	« 1530!], 18. die mensis dullugia », absolvisse, i. e. 18 dhū ’l-ḥiǵǵah 530 heg. seu 15 Sep-	AUTOMATIC_LITERAL_INDEX; source-image IDs excluded. Not a semantic quantity inventory or numerical correction.
AB01-PDF0065-body-L014	65	"[""1136"", ""16""]"	tembris 1136 iuxta usum astronomicum, 16 Sept. iuxta usum civilem Muslimorum.	AUTOMATIC_LITERAL_INDEX; source-image IDs excluded. Not a semantic quantity inventory or numerical correction.
AB01-PDF0065-body-L016	65	"[""426"", ""15"", ""1034""]"	’l-Qāsim Aḥmad Ibn aṣ-Ṣaffār, obiit 426 heg. (inc. 15 Nov. 1034); vide <n>Suter</n>, <i>Die Mathe-	AUTOMATIC_LITERAL_INDEX; source-image IDs excluded. Not a semantic quantity inventory or numerical correction.
AB01-PDF0065-body-L017	65	"[""86"", ""196"", ""225"", ""169""]"	matiker</i> p. 86 (nr. 196) et 225; <i>Nachträge</i> p. 169.	AUTOMATIC_LITERAL_INDEX; source-image IDs excluded. Not a semantic quantity inventory or numerical correction.
AB01-PDF0065-body-L020	65	"[""1902"", ""10"", ""183""]"	Leipzig 1902, p. 10–183 (= Abhandlungen zur Geschichte der mathematischen Wissenschaften,	AUTOMATIC_LITERAL_INDEX; source-image IDs excluded. Not a semantic quantity inventory or numerical correction.
AB01-PDF0065-body-L021	65	"[""14"", ""12"", ""1116""]"	t. XII). — Versio absoluta « anno Arabum DX mense saphar », i. e. 14 Iun.—12 Iul. 1116.	AUTOMATIC_LITERAL_INDEX; source-image IDs excluded. Not a semantic quantity inventory or numerical correction.
AB01-PDF0065-body-L023	65	"[""32"", ""62""]"	-Ḥasan ibn al-Khaṣīb, X saec. Chr. fuit; <n>Suter</n>, <i>Die Mathematiker</i>, p. 32, nr. 62; <i>Nach-	AUTOMATIC_LITERAL_INDEX; source-image IDs excluded. Not a semantic quantity inventory or numerical correction.
AB01-PDF0065-body-L024	65	"[""162""]"	träge</i>, p. 162.	AUTOMATIC_LITERAL_INDEX; source-image IDs excluded. Not a semantic quantity inventory or numerical correction.
AB01-PDF0065-body-L028	65	"[""1493"", ""1519""]"	‘Alī ibn Riḍwān (Haly Heben Rodan), Venetiis 1493 et 1519 impresso, praemittuntur. Mani-	AUTOMATIC_LITERAL_INDEX; source-image IDs excluded. Not a semantic quantity inventory or numerical correction.
AB01-PDF0065-body-L032	65	"[""10"", ""17""]"	de quo <n>Suter</n>, <i>Die Mathematiker</i>, p. 10, nr. 17.	AUTOMATIC_LITERAL_INDEX; source-image IDs excluded. Not a semantic quantity inventory or numerical correction.
AB01-PDF0065-body-L033	65	"[""285""]"	Fortasse etiam <n>Aeneas</n> <i>de pulsibus et urinis</i>, e Graeco; <n>Boncompagni</n> p. 285.	AUTOMATIC_LITERAL_INDEX; source-image IDs excluded. Not a semantic quantity inventory or numerical correction.
AB01-PDF0065-notes_left-L001	65	"[""1""]"	(1) Praefationem suam ita concludit: « In quo	AUTOMATIC_LITERAL_INDEX; source-image IDs excluded. Not a semantic quantity inventory or numerical correction.
AB01-PDF0065-notes_right-L001	65	"[""2""]"	(2) <i>Delle versioni fatte da Platone Tiburtino	AUTOMATIC_LITERAL_INDEX; source-image IDs excluded. Not a semantic quantity inventory or numerical correction.
AB01-PDF0065-notes_right-L003	65	"[""1851"", ""247""]"	demia Pontificia de’Nuovi Lincei, t. IV, 1851, p. 247–	AUTOMATIC_LITERAL_INDEX; source-image IDs excluded. Not a semantic quantity inventory or numerical correction.
AB01-PDF0065-notes_right-L004	65	"[""286""]"	-286. Cuius plagium impudens est <n>L. Béziat</n>, <i>No-	AUTOMATIC_LITERAL_INDEX; source-image IDs excluded. Not a semantic quantity inventory or numerical correction.
AB01-PDF0065-notes_right-L007	65	"[""1870"", ""145""]"	Gerono et Bourget, II série, t. IX, Paris 1870, p. 145–	AUTOMATIC_LITERAL_INDEX; source-image IDs excluded. Not a semantic quantity inventory or numerical correction.
AB01-PDF0065-notes_right-L008	65	"[""162""]"	-162 (cfr. <n>Boncompagni</n> iisdem Nouvelles An-	AUTOMATIC_LITERAL_INDEX; source-image IDs excluded. Not a semantic quantity inventory or numerical correction.
AB01-PDF0065-notes_right-L009	65	"[""286"", ""287""]"	nales p. 286-287).	AUTOMATIC_LITERAL_INDEX; source-image IDs excluded. Not a semantic quantity inventory or numerical correction.
AB01-PDF0066-body-L001	66	"[""1"", ""2""]"	Idcirco <n>M. Steinschneider</n> (1), cui <n>Suter</n> (2) subscribit, putat Platoni Tiburtino esse	AUTOMATIC_LITERAL_INDEX; source-image IDs excluded. Not a semantic quantity inventory or numerical correction.
AB01-PDF0066-body-L003	66	"[""3""]"	<i>Pseudo-Ptolemaei</i> (3) tribuendam, quod in eius fine haec sunt: « Perfecta est huius libri	AUTOMATIC_LITERAL_INDEX; source-image IDs excluded. Not a semantic quantity inventory or numerical correction.
AB01-PDF0066-body-L004	66	"[""17"", ""12"", ""530""]"	« translatio 17. die mensis martij. 12. die mensis gumedi secundi: anno arabum 530 », i. e.	AUTOMATIC_LITERAL_INDEX; source-image IDs excluded. Not a semantic quantity inventory or numerical correction.
AB01-PDF0066-body-L005	66	"[""12"", ""530"", ""17"", ""1136""]"	12 ǵumādà II 530 seu 17 Martii 1136 iuxta astronomicum usum. Affirmat enim Steinschneider	AUTOMATIC_LITERAL_INDEX; source-image IDs excluded. Not a semantic quantity inventory or numerical correction.
AB01-PDF0066-body-L008	66	"[""4""]"	scimus a <n>Iohanne</n> esse factam, in aliquot codicibus (4) absoluta fertur « XXIV die quinti	AUTOMATIC_LITERAL_INDEX; source-image IDs excluded. Not a semantic quantity inventory or numerical correction.
AB01-PDF0066-body-L010	66	"[""24"", ""529"", ""11"", ""1173""]"	re vera, iuxta astronomicum Muslimorum usum, 24 ǵumādà I 529 heg. est 11 Martii 1173	AUTOMATIC_LITERAL_INDEX; source-image IDs excluded. Not a semantic quantity inventory or numerical correction.
AB01-PDF0066-body-L011	66	"[""11"", ""1135""]"	aerae Hispanicae seu 11 Martii 1135 Chr. Restituatur itaque <n>Iohanni Hispalensi</n>, Pla-	AUTOMATIC_LITERAL_INDEX; source-image IDs excluded. Not a semantic quantity inventory or numerical correction.
AB01-PDF0066-body-L014	66	"[""5""]"	saeculo XVII pertinebat ad bibliothecam D. Juan Cortés; descriptus a <n>Nicolao Antonio</n> (5),	AUTOMATIC_LITERAL_INDEX; source-image IDs excluded. Not a semantic quantity inventory or numerical correction.
AB01-PDF0066-body-L015	66	"[""6""]"	cuius verba refert <n>Rico y Sinobas</n> (6). Alter in Bibliotheca Arsenalis Parisiensi asserva-	AUTOMATIC_LITERAL_INDEX; source-image IDs excluded. Not a semantic quantity inventory or numerical correction.
AB01-PDF0066-body-L016	66	"[""7""]"	tur (7). Incipit: « <i>Aquì se comienza el libro de los canones de Albateni que mandò escrevir	AUTOMATIC_LITERAL_INDEX; source-image IDs excluded. Not a semantic quantity inventory or numerical correction.
AB01-PDF0066-body-L018	66	"[""1"", ""3""]"	In codice Parisiensi (f. 1–3) sequitur index capitum, cuius nulla mentio Nicolaus Antonius facit.	AUTOMATIC_LITERAL_INDEX; source-image IDs excluded. Not a semantic quantity inventory or numerical correction.
AB01-PDF0066-body-L028	66	"[""8""]"	« zonte de la cabeza de XC. e lo que fincare serà ell arco de la altura » (8).	AUTOMATIC_LITERAL_INDEX; source-image IDs excluded. Not a semantic quantity inventory or numerical correction.
AB01-PDF0066-body-L031	66	"[""9""]"	exhibeantur (9). Lubricissimo postea fundamento asserit opus non posse nisi ad XV saeculum	AUTOMATIC_LITERAL_INDEX; source-image IDs excluded. Not a semantic quantity inventory or numerical correction.
AB01-PDF0066-notes_left-L001	66	"[""1""]"	(1) <i>Jusuf ben Ibrahim und Ahmed ben Jusuf</i>,	AUTOMATIC_LITERAL_INDEX; source-image IDs excluded. Not a semantic quantity inventory or numerical correction.
AB01-PDF0066-notes_left-L003	66	"[""1888"", ""113""]"	1888, p. 113.	AUTOMATIC_LITERAL_INDEX; source-image IDs excluded. Not a semantic quantity inventory or numerical correction.
AB01-PDF0066-notes_left-L004	66	"[""2"", ""43"", ""78""]"	(2) <i>Die Mathematiker</i>, p. 43, nr. 78; <i>Nachträge</i>,	AUTOMATIC_LITERAL_INDEX; source-image IDs excluded. Not a semantic quantity inventory or numerical correction.
AB01-PDF0066-notes_left-L005	66	"[""163"", ""64""]"	p. 163–64.	AUTOMATIC_LITERAL_INDEX; source-image IDs excluded. Not a semantic quantity inventory or numerical correction.
AB01-PDF0066-notes_left-L006	66	"[""3""]"	(3) Impressa post Commentarium ‘Alī ibn Riḍ-	AUTOMATIC_LITERAL_INDEX; source-image IDs excluded. Not a semantic quantity inventory or numerical correction.
AB01-PDF0066-notes_left-L007	66	"[""1493"", ""1519""]"	wān in Quadripartitum, Venetiis 1493 et 1519.	AUTOMATIC_LITERAL_INDEX; source-image IDs excluded. Not a semantic quantity inventory or numerical correction.
AB01-PDF0066-notes_left-L008	66	"[""4""]"	(4) Duo apud <n>W. Schum</n>, <i>Beschreibendes	AUTOMATIC_LITERAL_INDEX; source-image IDs excluded. Not a semantic quantity inventory or numerical correction.
AB01-PDF0066-notes_left-L010	66	"[""378"", ""351,28°""]"	nr. 378, et Quart nr. 351,28°.	AUTOMATIC_LITERAL_INDEX; source-image IDs excluded. Not a semantic quantity inventory or numerical correction.
AB01-PDF0066-notes_left-L011	66	"[""5""]"	(5) <i>Bibliotheca Hispana vetus autore</i> D. <n>Ni-	AUTOMATIC_LITERAL_INDEX; source-image IDs excluded. Not a semantic quantity inventory or numerical correction.
AB01-PDF0066-notes_left-L013	66	"[""1788"", ""82"", ""2""]"	cisco Perezio Bayero</i>, t. II, Matriti 1788, p. 82, c. 2	AUTOMATIC_LITERAL_INDEX; source-image IDs excluded. Not a semantic quantity inventory or numerical correction.
AB01-PDF0066-notes_right-L001	66	"[""6""]"	(6) <i>Libros del saber de astronomia del Rey</i>	AUTOMATIC_LITERAL_INDEX; source-image IDs excluded. Not a semantic quantity inventory or numerical correction.
AB01-PDF0066-notes_right-L002	66	"[""1<sup>a</sup>"", ""19"", ""20""]"	D. <n>Alfonso X</n> <i>de Castilla</i>, t. V, pars 1<sup>a</sup>, p. 19–20.	AUTOMATIC_LITERAL_INDEX; source-image IDs excluded. Not a semantic quantity inventory or numerical correction.
AB01-PDF0066-notes_right-L003	66	"[""7""]"	(7) <n>Eug. de Ochoa</n>, <i>Catálogo razonado de	AUTOMATIC_LITERAL_INDEX; source-image IDs excluded. Not a semantic quantity inventory or numerical correction.
AB01-PDF0066-notes_right-L008	66	"[""1844"", ""663"", ""64"", ""11""]"	Paris 1844, p. 663–64, nr. 11 Bibliothecae Arsenalis.	AUTOMATIC_LITERAL_INDEX; source-image IDs excluded. Not a semantic quantity inventory or numerical correction.
AB01-PDF0066-notes_right-L010	66	"[""8322""]"	nr. 8322 gerit.	AUTOMATIC_LITERAL_INDEX; source-image IDs excluded. Not a semantic quantity inventory or numerical correction.
AB01-PDF0066-notes_right-L011	66	"[""8""]"	(8) Iuxta P; alterius codicis finem Nicolaus An-	AUTOMATIC_LITERAL_INDEX; source-image IDs excluded. Not a semantic quantity inventory or numerical correction.
AB01-PDF0066-notes_right-L013	66	"[""9"", ""2"", ""3""]"	(9) Sed cfr. adn. 2 et 3 paginae sequentis.	AUTOMATIC_LITERAL_INDEX; source-image IDs excluded. Not a semantic quantity inventory or numerical correction.
AB01-PDF0067-body-L001	67	"[""1""]"	pertinere (1), obliviscens codicem Parisiensem, ex Ochoa testimonio, XIV saeculi esse. Ambo	AUTOMATIC_LITERAL_INDEX; source-image IDs excluded. Not a semantic quantity inventory or numerical correction.
AB01-PDF0067-body-L007	67	"[""1252"", ""82""]"	optime cum <i>Alphonsi X aetate</i> (1252–82) quadrare; nullam igitur causam esse cur iudicio	AUTOMATIC_LITERAL_INDEX; source-image IDs excluded. Not a semantic quantity inventory or numerical correction.
AB01-PDF0067-body-L008	67	"[""142"", ""1"", ""27""]"	<n>Rico y Sinobas</n> subscribamus. Codex membranaceus in–folio, 142 foliorum, f. 1–27 <i>Canones	AUTOMATIC_LITERAL_INDEX; source-image IDs excluded. Not a semantic quantity inventory or numerical correction.
AB01-PDF0067-body-L009	67	"[""28"", ""93"", ""94"", ""135""]"	de Albateni</i> (mutilos ut dixi) complectitur, f. 28–93 <i>Tablas de Albatheni</i>, f. 94,r.–135,r. <i>De	AUTOMATIC_LITERAL_INDEX; source-image IDs excluded. Not a semantic quantity inventory or numerical correction.
AB01-PDF0067-body-L010	67	"[""2"", ""136"", ""42"", ""3""]"	las Tablas de Zarquiel</i> (2), f. 136–42 <i>Libro del quadrante sennero</i> (3). Tabulae Albatenii	AUTOMATIC_LITERAL_INDEX; source-image IDs excluded. Not a semantic quantity inventory or numerical correction.
AB01-PDF0067-body-L022	67	"[""23""]"	lutis, ita codex pergit (f. 23,r.): « De como deuen fazer la spera. Toma spera de arambre	AUTOMATIC_LITERAL_INDEX; source-image IDs excluded. Not a semantic quantity inventory or numerical correction.
AB01-PDF0067-notes_left-L001	67	"[""1"", ""20""]"	(1) <i>Libros del saber</i>, l. c., p. 20: « Pero sobre	AUTOMATIC_LITERAL_INDEX; source-image IDs excluded. Not a semantic quantity inventory or numerical correction.
AB01-PDF0067-notes_left-L010	67	"[""2""]"	(2) I. e. <n>Arzachel, az-Zarqālī</n>. Prima	AUTOMATIC_LITERAL_INDEX; source-image IDs excluded. Not a semantic quantity inventory or numerical correction.
AB01-PDF0067-notes_left-L013	67	"[""20""]"	nobas</n>, l. c., p. 20, de codice a Nicolao Antonio	AUTOMATIC_LITERAL_INDEX; source-image IDs excluded. Not a semantic quantity inventory or numerical correction.
AB01-PDF0067-notes_right-L011	67	"[""3""]"	(3) Haud pauca falsa de hoc libello scripsit	AUTOMATIC_LITERAL_INDEX; source-image IDs excluded. Not a semantic quantity inventory or numerical correction.
AB01-PDF0067-notes_right-L012	67	"[""20"", ""22"", ""36"", ""38""]"	<n>Rico y Sinobas</n>, l. c., p. 20–22 et 36–38; cfr. de-	AUTOMATIC_LITERAL_INDEX; source-image IDs excluded. Not a semantic quantity inventory or numerical correction.
AB01-PDF0067-notes_right-L013	67	"[""663""]"	scriptionem in Catalogo <n>Ochoa</n>, p. 663.	AUTOMATIC_LITERAL_INDEX; source-image IDs excluded. Not a semantic quantity inventory or numerical correction.
AB01-PDF0068-body-L010	68	"[""1""]"	« dos polos de los signos (1) del cerco del cielo derecho tanto como a entre los dos polos y	AUTOMATIC_LITERAL_INDEX; source-image IDs excluded. Not a semantic quantity inventory or numerical correction.
AB01-PDF0068-body-L014	68	"[""23""]"	« primero y el segundo ». Globi descriptione absoluta, ita f. 23,v. pergit, semper cum Platonis	AUTOMATIC_LITERAL_INDEX; source-image IDs excluded. Not a semantic quantity inventory or numerical correction.
AB01-PDF0068-body-L027	68	"[""23""]"	Stellarum collocationem in globo ita f. 23,v. docet: « Et quando quisieres poner en la	AUTOMATIC_LITERAL_INDEX; source-image IDs excluded. Not a semantic quantity inventory or numerical correction.
AB01-PDF0068-notes_full-L001	68	"[""1""]"	(1) Nonnulla exciderunt; cfr. versionem Platonis antea relatam.	AUTOMATIC_LITERAL_INDEX; source-image IDs excluded. Not a semantic quantity inventory or numerical correction.
AB01-PDF0069-body-L007	69	"[""24""]"	Aliam armillam postea describit (f. 24,r.): « Et desi faz una lamina de arambre que aya	AUTOMATIC_LITERAL_INDEX; source-image IDs excluded. Not a semantic quantity inventory or numerical correction.
AB01-PDF0069-body-L013	69	"[""24""]"	Platone congruit; explicit f. 24,v.: « y ell arco que finca a cumplimiento de CCC et LX grados	AUTOMATIC_LITERAL_INDEX; source-image IDs excluded. Not a semantic quantity inventory or numerical correction.
AB01-PDF0069-body-L015	69	"[""25""]"	« por ti muchas maestrias enesta spera de que nos non auemos dicho ». Sequitur, f. 25,r., de-	AUTOMATIC_LITERAL_INDEX; source-image IDs excluded. Not a semantic quantity inventory or numerical correction.
AB01-PDF0069-body-L023	69	"[""1""]"	editionem meam paravi (1). Exemplar Bibliothecae Ambrosianae Mediolanensis, cuius incerta	AUTOMATIC_LITERAL_INDEX; source-image IDs excluded. Not a semantic quantity inventory or numerical correction.
AB01-PDF0069-body-L024	69	"[""2""]"	mentio apud <n>Delambre</n> (2), non textum Arabicum sed versionem Platonis, ut vidimus, exhi-	AUTOMATIC_LITERAL_INDEX; source-image IDs excluded. Not a semantic quantity inventory or numerical correction.
AB01-PDF0069-body-L030	69	"[""1882"", ""87"", ""467""]"	1882–87, t. I, col. 467, distinguens textum operis astronomici (<i>zīǵ</i>) in Bibliotheca Vaticana as-	AUTOMATIC_LITERAL_INDEX; source-image IDs excluded. Not a semantic quantity inventory or numerical correction.
AB01-PDF0069-body-L031	69	"[""3""]"	servatum a « tabulis » codicis Escurialensis (3).	AUTOMATIC_LITERAL_INDEX; source-image IDs excluded. Not a semantic quantity inventory or numerical correction.
AB01-PDF0069-body-L032	69	"[""454"", ""28""]"	Partes tabularum Albatenii recte <n>Steinschneider</n> ad <n>Baldi</n> p. 454 (extr. p. 28) fuisse	AUTOMATIC_LITERAL_INDEX; source-image IDs excluded. Not a semantic quantity inventory or numerical correction.
AB01-PDF0069-body-L033	69	"[""4""]"	coniicit duos codices, quos G. B. <n>Donado</n> (4) memorat inter libros Arabicos, Persicos,	AUTOMATIC_LITERAL_INDEX; source-image IDs excluded. Not a semantic quantity inventory or numerical correction.
AB01-PDF0069-notes_left-L001	69	"[""1""]"	(1) Frustra non solum catalogos omnes codi-	AUTOMATIC_LITERAL_INDEX; source-image IDs excluded. Not a semantic quantity inventory or numerical correction.
AB01-PDF0069-notes_left-L007	69	"[""2"", ""10""]"	(2) <i>Astronomie du moyen âge</i>, p. 10: « l’ori-	AUTOMATIC_LITERAL_INDEX; source-image IDs excluded. Not a semantic quantity inventory or numerical correction.
AB01-PDF0069-notes_right-L003	69	"[""3""]"	(3) <n>Ed. Corn. Vandyck</n>, <i>Iktifā’ al-qunū‘</i>,	AUTOMATIC_LITERAL_INDEX; source-image IDs excluded. Not a semantic quantity inventory or numerical correction.
AB01-PDF0069-notes_right-L004	69	"[""244""]"	p. 244: « nec cessat hic liber asservari in palatio	AUTOMATIC_LITERAL_INDEX; source-image IDs excluded. Not a semantic quantity inventory or numerical correction.
AB01-PDF0069-notes_right-L007	69	"[""3""]"	erroribus Vandyck vide p. XVIII, adn. 3.	AUTOMATIC_LITERAL_INDEX; source-image IDs excluded. Not a semantic quantity inventory or numerical correction.
AB01-PDF0069-notes_right-L008	69	"[""4""]"	(4) <i>Della letteratura de’ Turchi. Osservationi</i>	AUTOMATIC_LITERAL_INDEX; source-image IDs excluded. Not a semantic quantity inventory or numerical correction.
AB01-PDF0070-body-L002	70	"[""1""]"	« Mahardì (1), che ne tiene al presente gran parte ». Alter enim erat: <i>Effemeridi del movi-	AUTOMATIC_LITERAL_INDEX; source-image IDs excluded. Not a semantic quantity inventory or numerical correction.
AB01-PDF0070-body-L008	70	"[""9"", ""18""]"	Mehemet Ibin</i> [sic] <i>Iabir Ibin Sinan Algiorgiani</i> [sic]; i. e. tabulae t. II, p. 9–18. — Ubi	AUTOMATIC_LITERAL_INDEX; source-image IDs excluded. Not a semantic quantity inventory or numerical correction.
AB01-PDF0070-body-L010	70	"[""903"", ""342"", ""43"", ""908""]"	Exemplar Bibliothecae Escurialensis, olim nr. 903 (<n>Casiri</n>, t. I, p. 342–43), hodie nr. 908	AUTOMATIC_LITERAL_INDEX; source-image IDs excluded. Not a semantic quantity inventory or numerical correction.
AB01-PDF0070-body-L011	70	"[""26"", ""1"", ""3"", ""19"", ""245"", ""2""]"	insignitum, est <m>26\frac{1}{3}</m> cm altum, 19 cm latum; 245 folia (2) complectitur, singulisque paginis	AUTOMATIC_LITERAL_INDEX; source-image IDs excluded. Not a semantic quantity inventory or numerical correction.
AB01-PDF0070-body-L012	70	"[""19""]"	(praeter tabulas) 19 lineas; crassa charta bombycina; scriptura maghrebina seu Arabo–occi-	AUTOMATIC_LITERAL_INDEX; source-image IDs excluded. Not a semantic quantity inventory or numerical correction.
AB01-PDF0070-body-L015	70	"[""244"", ""245""]"	scriptae sunt. Nec titulus nec subscriptio; f. 244,v. et 245, alia manu exarata, sacras tradi-	AUTOMATIC_LITERAL_INDEX; source-image IDs excluded. Not a semantic quantity inventory or numerical correction.
AB01-PDF0070-notes_left-L001	70	"[""1688""]"	<i>fatte da</i> <n>Gio. Battista Donado</n>, Venetia 1688,	AUTOMATIC_LITERAL_INDEX; source-image IDs excluded. Not a semantic quantity inventory or numerical correction.
AB01-PDF0070-notes_left-L002	70	"[""58"", ""59""]"	p. 58 et 59.	AUTOMATIC_LITERAL_INDEX; source-image IDs excluded. Not a semantic quantity inventory or numerical correction.
AB01-PDF0070-notes_left-L003	70	"[""1""]"	(1) I. e. Mārdīn in Mesopotamia. <n>Agnellini</n>,	AUTOMATIC_LITERAL_INDEX; source-image IDs excluded. Not a semantic quantity inventory or numerical correction.
AB01-PDF0070-notes_left-L008	70	"[""1807"", ""191""]"	opere</i>, Parma 1807, p. 191 (s. v. « Zafi »). Nomen Ara-	AUTOMATIC_LITERAL_INDEX; source-image IDs excluded. Not a semantic quantity inventory or numerical correction.
AB01-PDF0070-notes_right-L005	70	"[""2""]"	(2) A me in codice haematite numerata; inter	AUTOMATIC_LITERAL_INDEX; source-image IDs excluded. Not a semantic quantity inventory or numerical correction.
AB01-PDF0070-notes_right-L006	70	"[""235"", ""236"", ""225""]"	235 et 236 folium excidit. <n>Casiri</n> 225 folia tan-	AUTOMATIC_LITERAL_INDEX; source-image IDs excluded. Not a semantic quantity inventory or numerical correction.
AB01-PDF0070-notes_right-L009	70	"[""152"", ""133""]"	post 152 rursus 133 perperam ponit.	AUTOMATIC_LITERAL_INDEX; source-image IDs excluded. Not a semantic quantity inventory or numerical correction.
AB01-PDF0071-body-L002	71	"[""26"", ""186"", ""31"", ""192"", ""32""]"	sed e temerariis quoque emendationibus ortae, sunt p. 26 (adnot. p. 186), 31 (adn. 192), 32	AUTOMATIC_LITERAL_INDEX; source-image IDs excluded. Not a semantic quantity inventory or numerical correction.
AB01-PDF0071-body-L003	71	"[""194"", ""197"", ""99"", ""77"", ""251"", ""52"", ""82"", ""259"", ""98"", ""99""]"	(adn. 194), totum fere XXV caput (adn. 197–99), 77 (adn. 251–52), 82 (adn. 259), 98–99	AUTOMATIC_LITERAL_INDEX; source-image IDs excluded. Not a semantic quantity inventory or numerical correction.
AB01-PDF0071-body-L004	71	"[""275"", ""131"", ""307"", ""08"", ""53"", ""224""]"	(adn. 275), 131 (adn. 307–08); interpolamenta aut falsae lacunarum restitutiones p. 53 (adn. 224–	AUTOMATIC_LITERAL_INDEX; source-image IDs excluded. Not a semantic quantity inventory or numerical correction.
AB01-PDF0071-body-L005	71	"[""225"", ""65"", ""238"", ""80"", ""81"", ""257"", ""106"", ""281"", ""82"", ""122"", ""23"", ""290"", ""92""]"	–225), 65 (adn. 238), 80 et 81 (adn. 257), 106 (adn. 281–82), 122–23 (adn. 290–92), adpendi-	AUTOMATIC_LITERAL_INDEX; source-image IDs excluded. Not a semantic quantity inventory or numerical correction.
AB01-PDF0071-body-L006	71	"[""324"", ""26""]"	cesque D et F (adn. 324–26). Alibi scriptor archetypi ad figuram male exaratam voluit textum	AUTOMATIC_LITERAL_INDEX; source-image IDs excluded. Not a semantic quantity inventory or numerical correction.
AB01-PDF0071-body-L007	71	"[""50"", ""51"", ""223"", ""24"", ""64"", ""237"", ""38"", ""91""]"	demonstrationis geometricae accommodare, ut p. 50–51 (adn. 223–24), 64 (adn. 237–38), 91	AUTOMATIC_LITERAL_INDEX; source-image IDs excluded. Not a semantic quantity inventory or numerical correction.
AB01-PDF0071-body-L008	71	"[""271"", ""72"", ""78"", ""254"", ""55"", ""85"", ""265""]"	(adn. 271–72). Lacunae fortasse non parvae p. 78 (adn. 254–55) et 85 (adn. 265). Haec omnia	AUTOMATIC_LITERAL_INDEX; source-image IDs excluded. Not a semantic quantity inventory or numerical correction.
AB01-PDF0071-body-L015	71	"[""1""]"	sunt (1), in qua multa etiam passim exciderunt non semper fortasse interpretis vitio. Interpo-	AUTOMATIC_LITERAL_INDEX; source-image IDs excluded. Not a semantic quantity inventory or numerical correction.
AB01-PDF0071-body-L017	71	"[""4""]"	minimi ponderis; videas supra p. XLIII et eiusdem adn. 4.	AUTOMATIC_LITERAL_INDEX; source-image IDs excluded. Not a semantic quantity inventory or numerical correction.
AB01-PDF0071-body-L021	71	"[""1790"", ""164"", ""66""]"	lygrafía Aràbigo Española</i>, Madrid 1790 sqq., t. IV, p. 164–66, sicut apparet e catalogo co-	AUTOMATIC_LITERAL_INDEX; source-image IDs excluded. Not a semantic quantity inventory or numerical correction.
AB01-PDF0071-body-L022	71	"[""2""]"	dicum Arabicorum Bibliothecae Regiae Berolinensis (2). Dimidiam partem, vel paulo amplius,	AUTOMATIC_LITERAL_INDEX; source-image IDs excluded. Not a semantic quantity inventory or numerical correction.
AB01-PDF0071-body-L033	71	"[""3""]"	in quibus ab auctoritate codicis recedendum putavi semper in notis indicavi (3). Notum est	AUTOMATIC_LITERAL_INDEX; source-image IDs excluded. Not a semantic quantity inventory or numerical correction.
AB01-PDF0071-body-L037	71	"[""228"", ""79""]"	ita vero in iis tabulis quas Arabice quoque typis exprimere volui (t. III, p. 228–79), nam, cum	AUTOMATIC_LITERAL_INDEX; source-image IDs excluded. Not a semantic quantity inventory or numerical correction.
AB01-PDF0071-notes_left-L001	71	"[""1""]"	(1) Typothetae, non Platoni, tribuenda est cre-	AUTOMATIC_LITERAL_INDEX; source-image IDs excluded. Not a semantic quantity inventory or numerical correction.
AB01-PDF0071-notes_left-L002	71	"[""2"", ""5""]"	berrima in editionibus confusio numeri 2 cum 5.	AUTOMATIC_LITERAL_INDEX; source-image IDs excluded. Not a semantic quantity inventory or numerical correction.
AB01-PDF0071-notes_left-L003	71	"[""2"", ""247""]"	(2) <n>Ahlwardt</n>, <i>Verzeichniss</i>, t. IX, p. 247,	AUTOMATIC_LITERAL_INDEX; source-image IDs excluded. Not a semantic quantity inventory or numerical correction.
AB01-PDF0071-notes_left-L004	71	"[""9734""]"	nr. 9734.	AUTOMATIC_LITERAL_INDEX; source-image IDs excluded. Not a semantic quantity inventory or numerical correction.
AB01-PDF0071-notes_right-L001	71	"[""3""]"	(3) Post verbum <ar>بعد</ar> vel adiectiva ab eo deri-	AUTOMATIC_LITERAL_INDEX; source-image IDs excluded. Not a semantic quantity inventory or numerical correction.
AB01-PDF0072-body-L009	72	"[""13"", ""14""]"	pag. 13 et priores pag. 14 ita fuissent: « Si ascensiones cuiuslibet gradus signorum in sphaera	AUTOMATIC_LITERAL_INDEX; source-image IDs excluded. Not a semantic quantity inventory or numerical correction.
AB01-PDF0072-body-L010	72	"[""23°"", ""35′""]"	« recta scire vis, declinationem totam, scilicet 23°35′, sume, et eius sinum, nempe declina-	AUTOMATIC_LITERAL_INDEX; source-image IDs excluded. Not a semantic quantity inventory or numerical correction.
AB01-PDF0072-body-L011	72	"[""90°""]"	« tionis totius, cognosce; postea declinationem totam de 90° deme, et sinum eius quod relin-	AUTOMATIC_LITERAL_INDEX; source-image IDs excluded. Not a semantic quantity inventory or numerical correction.
AB01-PDF0072-body-L015	72	"[""90""]"	« de 90 deme, eiusque quod relinquitur sinum cognosce, qui erit sinus complementi declina-	AUTOMATIC_LITERAL_INDEX; source-image IDs excluded. Not a semantic quantity inventory or numerical correction.
AB01-PDF0072-body-L018	72	"[""60""]"	« in dimidium diametri, scilicet in 60; quod provenerit divide per sinum complementi decli-	AUTOMATIC_LITERAL_INDEX; source-image IDs excluded. Not a semantic quantity inventory or numerical correction.
AB01-PDF0072-body-L031	72	"[""219""]"	litteris distinxi, excepta p. 219 qua spatium deficiebat.	AUTOMATIC_LITERAL_INDEX; source-image IDs excluded. Not a semantic quantity inventory or numerical correction.
AB01-PDF0072-body-L035	72	"[""1""]"	<i>dh</i> (<ar>ذ</ar>) Anglica <i>th</i> in <i>the</i>, vel <gr>δ</gr> Graecorum aetatis nostrae (1).	AUTOMATIC_LITERAL_INDEX; source-image IDs excluded. Not a semantic quantity inventory or numerical correction.
AB01-PDF0072-notes_left-L001	72	"[""1""]"	(1) Haec et quinque sequentes a <n>Suter</n>, <i>Die	AUTOMATIC_LITERAL_INDEX; source-image IDs excluded. Not a semantic quantity inventory or numerical correction.
AB01-PDF0073-body-L008	73	"[""1894""]"	Patribus <n>Augustinianis</n>, Bibliothecae Escurialensi praepositis, qui autumno anni 1894 ma-	AUTOMATIC_LITERAL_INDEX; source-image IDs excluded. Not a semantic quantity inventory or numerical correction.
AB01-PDF0073-body-L010	73	"[""17"", ""1899""]"	lius reddiderunt; item Patri <n>Iohanni Lazcano</n>, die 17 Decembris 1899 immatura morte	AUTOMATIC_LITERAL_INDEX; source-image IDs excluded. Not a semantic quantity inventory or numerical correction.
AB01-PDF0073-body-L029	73	"[""1903""]"	Dabam Panormi mense Ianuario 1903.	AUTOMATIC_LITERAL_INDEX; source-image IDs excluded. Not a semantic quantity inventory or numerical correction.
AB01-PDF0074-body-L005	74	"[""1840""]"	ckin de Slane</i>, Paris 1840. — <i>La géographie, traduite par Reinaud [et Guyard]</i>,	AUTOMATIC_LITERAL_INDEX; source-image IDs excluded. Not a semantic quantity inventory or numerical correction.
AB01-PDF0074-body-L006	74	"[""1848"", ""83"", ""3"", ""23"", ""732"", ""26"", ""1331""]"	Paris 1848–83, 3 tomi. — Auctor mortuus 23 muḥarram 732 (26 Oct. 1331).	AUTOMATIC_LITERAL_INDEX; source-image IDs excluded. Not a semantic quantity inventory or numerical correction.
AB01-PDF0074-body-L008	74	"[""1834"", ""35""]"	roc, traduit par J. J. Sédillot</i>, Paris 1834–35. — Auctor, cuius verum nomen Abū ‘Alī	AUTOMATIC_LITERAL_INDEX; source-image IDs excluded. Not a semantic quantity inventory or numerical correction.
AB01-PDF0074-body-L011	74	"[""1279""]"	et de la terre, cours d’astronomie rédigé en 1279 par</i> <n>Grégoire Aboulfarag</n>, <i>dit</i>	AUTOMATIC_LITERAL_INDEX; source-image IDs excluded. Not a semantic quantity inventory or numerical correction.
AB01-PDF0074-body-L012	74	"[""1899""]"	<n>Bar-Hebraeus</n>, <i>publié par F. Nau</i>. Première partie: texte syriaque, Paris 1899; Se-	AUTOMATIC_LITERAL_INDEX; source-image IDs excluded. Not a semantic quantity inventory or numerical correction.
AB01-PDF0074-body-L013	74	"[""1900"", ""121<sup>um</sup>""]"	conde partie: Traduction française, Paris 1900. — Efficiunt fasciculum 121<sup>um</sup> operis Bi-	AUTOMATIC_LITERAL_INDEX; source-image IDs excluded. Not a semantic quantity inventory or numerical correction.
AB01-PDF0074-body-L015	74	"[""2497""]"	<n>Al-Bīrūnī</n>, <i>Elementa astronomiae</i>. Libellus, sine titulo, nr. 2497 codicum Arabicorum Bi-	AUTOMATIC_LITERAL_INDEX; source-image IDs excluded. Not a semantic quantity inventory or numerical correction.
AB01-PDF0074-body-L016	74	"[""28"", ""420""]"	bliothecae Nationalis Parisiensis, iuxta Catalogum impressum. Ex f. 28,v. patet anno 420	AUTOMATIC_LITERAL_INDEX; source-image IDs excluded. Not a semantic quantity inventory or numerical correction.
AB01-PDF0074-body-L017	74	"[""19"", ""1029""]"	heg. (inc. 19 Ian. 1029) ab auctore ipso e Persico esse translatum. Breviter, per interro-	AUTOMATIC_LITERAL_INDEX; source-image IDs excluded. Not a semantic quantity inventory or numerical correction.
AB01-PDF0074-body-L020	74	"[""440"", ""1048""]"	larum spatia sunt vacua. — Auctor mortuus videtur mense raǵab 440 (Decembri 1048).	AUTOMATIC_LITERAL_INDEX; source-image IDs excluded. Not a semantic quantity inventory or numerical correction.
AB01-PDF0074-body-L022	74	"[""1876"", ""78""]"	von Ed. Sachau</i>, Leipzig 1876–78. — <i>The Chronology of the oriental nations, an en-	AUTOMATIC_LITERAL_INDEX; source-image IDs excluded. Not a semantic quantity inventory or numerical correction.
AB01-PDF0074-body-L024	74	"[""1879""]"	with notes by C. Edw. Sachau</i>, London 1879.	AUTOMATIC_LITERAL_INDEX; source-image IDs excluded. Not a semantic quantity inventory or numerical correction.
AB01-PDF0074-body-L026	74	"[""1030""]"	ture, chronology, astronomy, customs, laws and astrology of India about A. D. 1030;	AUTOMATIC_LITERAL_INDEX; source-image IDs excluded. Not a semantic quantity inventory or numerical correction.
AB01-PDF0074-body-L027	74	"[""1887""]"	arabic text edited by Ed. Sachau</i>, London 1887. — <i>An english edition with notes	AUTOMATIC_LITERAL_INDEX; source-image IDs excluded. Not a semantic quantity inventory or numerical correction.
AB01-PDF0074-body-L028	74	"[""1888"", ""2""]"	and indices by Ed. C. Sachau</i>, London 1888, 2 tomi.	AUTOMATIC_LITERAL_INDEX; source-image IDs excluded. Not a semantic quantity inventory or numerical correction.
AB01-PDF0074-body-L029	74	"[""1669""]"	<n>Al-Farghānī.</n> — Praeter editionem cum versione Golii (Amstelodami 1669), et versionem	AUTOMATIC_LITERAL_INDEX; source-image IDs excluded. Not a semantic quantity inventory or numerical correction.
AB01-PDF0074-body-L030	74	"[""1537"", ""2504""]"	Iohannis Hispalensis (Norimbergae 1537), adhibui codicem Arabicum nr. 2504, III, Biblio-	AUTOMATIC_LITERAL_INDEX; source-image IDs excluded. Not a semantic quantity inventory or numerical correction.
AB01-PDF0074-body-L035	74	"[""1893"", ""213"", ""275""]"	genländischen Gesellschaft, t. XLVII, 1893, p. 213–275. — Omnia cum textu Arabico	AUTOMATIC_LITERAL_INDEX; source-image IDs excluded. Not a semantic quantity inventory or numerical correction.
AB01-PDF0074-body-L036	74	"[""100""]"	contuli, qui in Bibliotheca Nationali Neapoli asservatur, nr. 100, II in catalogo a L. Buo-	AUTOMATIC_LITERAL_INDEX; source-image IDs excluded. Not a semantic quantity inventory or numerical correction.
AB01-PDF0074-body-L038	74	"[""240""]"	p. 240); commentario ignoti auctoris instructus, qui dicatur sulṭāno Mubārak–shāh filio	AUTOMATIC_LITERAL_INDEX; source-image IDs excluded. Not a semantic quantity inventory or numerical correction.
AB01-PDF0075-body-L002	75	"[""745"", ""14"", ""1314""]"	dit, anno 745 heg. (inc. 14 Maii 1314) obiit.	AUTOMATIC_LITERAL_INDEX; source-image IDs excluded. Not a semantic quantity inventory or numerical correction.
AB01-PDF0075-body-L004	75	"[""200"", ""03"", ""5750""]"	qui describitur ab <n>Ahlwardt</n>, <i>Verzeichniss</i>, t. V, p. 200–03, nr. 5750. Annis statim	AUTOMATIC_LITERAL_INDEX; source-image IDs excluded. Not a semantic quantity inventory or numerical correction.
AB01-PDF0075-body-L005	75	"[""300"", ""17"", ""912""]"	anno 300 heg. (inc. 17 Aug. 912) subsequentibus in urbe Baghdād ab auctore confectum;	AUTOMATIC_LITERAL_INDEX; source-image IDs excluded. Not a semantic quantity inventory or numerical correction.
AB01-PDF0075-body-L006	75	"[""12"", ""13""]"	itaque perpaulo opere Albatenii serius. Ita emendandae notitiae apud <n>Suter</n>, p. 12–13,	AUTOMATIC_LITERAL_INDEX; source-image IDs excluded. Not a semantic quantity inventory or numerical correction.
AB01-PDF0075-body-L007	75	"[""22"", ""221""]"	nr. 22, et <n>Brockelmann</n>, <i>Gesch. der arab. Litteratur</i>, t. I, p. 221.	AUTOMATIC_LITERAL_INDEX; source-image IDs excluded. Not a semantic quantity inventory or numerical correction.
AB01-PDF0075-body-L009	75	"[""852""]"	bicus Regiae Bibliothecae Monacensis (apud <n>Aumer</n>, n. 852). Ex ipso opere elucet librum	AUTOMATIC_LITERAL_INDEX; source-image IDs excluded. Not a semantic quantity inventory or numerical correction.
AB01-PDF0075-body-L010	75	"[""329"", ""5"", ""940"", ""214""]"	post annum 329 heg. (inc. 5 Oct. 940) esse conscriptum; annus 214 heg. qui vulgo fertur	AUTOMATIC_LITERAL_INDEX; source-image IDs excluded. Not a semantic quantity inventory or numerical correction.
AB01-PDF0075-body-L014	75	"[""1889""]"	versione Gallica ed. a M. J. de Goeje</i>, Lugduni Batavorum 1889 (Bibliotheca Geogra-	AUTOMATIC_LITERAL_INDEX; source-image IDs excluded. Not a semantic quantity inventory or numerical correction.
AB01-PDF0075-body-L015	75	"[""272"", ""17"", ""885""]"	phorum Arabicorum, t. VI). — Conscriptus perpaulo ante 272 heg. (inc. 17 Iunii 885).	AUTOMATIC_LITERAL_INDEX; source-image IDs excluded. Not a semantic quantity inventory or numerical correction.
AB01-PDF0075-body-L020	75	"[""1892""]"	dân auctore</i> <n>al-Ja‘kûbî</n>, <i>ed. M. J. de Goeje</i>, Lugduni Batavorum 1892 (Bibl. Geogr.	AUTOMATIC_LITERAL_INDEX; source-image IDs excluded. Not a semantic quantity inventory or numerical correction.
AB01-PDF0075-body-L021	75	"[""301"", ""6"", ""913""]"	Arab. t. VII). — Perpaulo ante 301 heg. (inc. 6 Aug. 913) scribens.	AUTOMATIC_LITERAL_INDEX; source-image IDs excluded. Not a semantic quantity inventory or numerical correction.
AB01-PDF0075-body-L025	75	"[""1804"", ""16"", ""240""]"	scrits de la Bibliothèque Nationale, t. VII, 1804, p. 16–240. Liber Caussinii etiam seor-	AUTOMATIC_LITERAL_INDEX; source-image IDs excluded. Not a semantic quantity inventory or numerical correction.
AB01-PDF0075-body-L026	75	"[""15""]"	sum editus; tunc paginarum singularum numeri semper 15 minores sunt meis; praeterea	AUTOMATIC_LITERAL_INDEX; source-image IDs excluded. Not a semantic quantity inventory or numerical correction.
AB01-PDF0075-body-L028	75	"[""1057"", ""88"", ""22""]"	sin non sunt, ego e codice Leidensi nr. 1057 (Catal., t. III, p. 88), priora 22 capita com-	AUTOMATIC_LITERAL_INDEX; source-image IDs excluded. Not a semantic quantity inventory or numerical correction.
AB01-PDF0075-body-L030	75	"[""2495"", ""2496""]"	est Parisiensis nr. 2495), et ex codice Parisiensi nr. 2496, quo alia capita continentur. —	AUTOMATIC_LITERAL_INDEX; source-image IDs excluded. Not a semantic quantity inventory or numerical correction.
AB01-PDF0075-body-L031	75	"[""399"", ""1009""]"	Ibn Yūnus mortuus est mense shawwāl 399 (Iunio 1009).	AUTOMATIC_LITERAL_INDEX; source-image IDs excluded. Not a semantic quantity inventory or numerical correction.
AB01-PDF0075-body-L033	75	"[""2499""]"	« visionibus sphaerarum caelestium ». Duobus utor codicibus: Parisiensi nr. 2499, et Bi-	AUTOMATIC_LITERAL_INDEX; source-image IDs excluded. Not a semantic quantity inventory or numerical correction.
AB01-PDF0075-body-L034	75	"[""110""]"	bliothecae Laurentianae (Florentiae), cod. orient.–palat. nr. 110 (in <i>Catalogo</i> <n>Assemani</n>	AUTOMATIC_LITERAL_INDEX; source-image IDs excluded. Not a semantic quantity inventory or numerical correction.
AB01-PDF0075-body-L035	75	"[""290""]"	nr. 290 fert, ac falso dicitur esse <i>Nihāyat al-idrāk</i> a Quṭb ad-dīn ash-Shīrāzī conscripta).	AUTOMATIC_LITERAL_INDEX; source-image IDs excluded. Not a semantic quantity inventory or numerical correction.
AB01-PDF0075-body-L039	75	"[""622""]"	raqī; confirmantur vetere auctoritate <n>al-Būnī</n> (m. 622 heg.), <i>Shams al-ma‘ārif al-kubrà</i>,	AUTOMATIC_LITERAL_INDEX; source-image IDs excluded. Not a semantic quantity inventory or numerical correction.
AB01-PDF0075-body-L040	75	"[""1291"", ""27""]"	[Kahirae] 1291 heg., t. I, p. 27, dicentis stellas Ursae Minoris « memorari, inter fixas, ab	AUTOMATIC_LITERAL_INDEX; source-image IDs excluded. Not a semantic quantity inventory or numerical correction.
AB01-PDF0075-body-L041	75	"[""1""]"	« Abū Muḥammad ‘Abd al-Ǵabbār notus [nomine al-Kharaqī] in libro inscripto <i>al-tabṣirah</i> » (1)	AUTOMATIC_LITERAL_INDEX; source-image IDs excluded. Not a semantic quantity inventory or numerical correction.
AB01-PDF0075-body-L044	75	"[""180"", ""2379"", ""170"", ""13124""]"	consentit tardus <n>Ḥāǵǵī Khalīfah</n> (t. II, p. 180, nr. 2379, ac t. VI, p. 170, nr. 13124),	AUTOMATIC_LITERAL_INDEX; source-image IDs excluded. Not a semantic quantity inventory or numerical correction.
AB01-PDF0075-notes_full-L001	75	"[""1""]"	(1) Eiusdem auctoris liber, compendium fere operis <i>al-muntahà</i>.	AUTOMATIC_LITERAL_INDEX; source-image IDs excluded. Not a semantic quantity inventory or numerical correction.
AB01-PDF0076-body-L003	76	"[""533""]"	Abī Bishr al-Kharaqī, iuris ac theologiae dogmaticae peritissimo, anno 533 heg. (inc.	AUTOMATIC_LITERAL_INDEX; source-image IDs excluded. Not a semantic quantity inventory or numerical correction.
AB01-PDF0076-body-L004	76	"[""7"", ""1138"", ""1132""]"	7 Septembris 1138) mortuo. — Liber circa 1132 Chr. confectus, nam in I tractatu lon-	AUTOMATIC_LITERAL_INDEX; source-image IDs excluded. Not a semantic quantity inventory or numerical correction.
AB01-PDF0076-body-L005	76	"[""83"", ""36"", ""37""]"	gitudines et latitudines 83 stellarum fixarum (cod. Laurent. f. 36,r.–37,v.), atque loca	AUTOMATIC_LITERAL_INDEX; source-image IDs excluded. Not a semantic quantity inventory or numerical correction.
AB01-PDF0076-body-L006	76	"[""45"", ""1444"", ""1"", ""1132""]"	apogaeorum planetarum (f. 45,v.) pro anno 1444 Dhū ’l-qarnayn (inc. 1 Octobris 1132)	AUTOMATIC_LITERAL_INDEX; source-image IDs excluded. Not a semantic quantity inventory or numerical correction.
AB01-PDF0076-body-L009	76	"[""761""]"	Vaticanae, cod. Vat. Arab. 761 signato. — Librum regnante khalifa al-Mustarshid bi ’llāh	AUTOMATIC_LITERAL_INDEX; source-image IDs excluded. Not a semantic quantity inventory or numerical correction.
AB01-PDF0076-body-L010	76	"[""16"", ""512"", ""529"", ""6"", ""1118"", ""1135""]"	(16 rabī‘ II 512—mense dhū ’l-qa‘dah 529, seu 6 Aug. 1118—Aug. 1135) confectum	AUTOMATIC_LITERAL_INDEX; source-image IDs excluded. Not a semantic quantity inventory or numerical correction.
AB01-PDF0076-body-L011	76	"[""121"", ""43"", ""509""]"	esse colligitur e fol. 121,v.; longitudines et latitudines 43 fixarum pro anno 509 heg.	AUTOMATIC_LITERAL_INDEX; source-image IDs excluded. Not a semantic quantity inventory or numerical correction.
AB01-PDF0076-body-L012	76	"[""26"", ""1115"", ""191"", ""192"", ""160""]"	(inc. 26 Maii 1115) exhibentur f. 191,v.–192,r. Tabulae ascensionum obliquarum (f. 160,v.–	AUTOMATIC_LITERAL_INDEX; source-image IDs excluded. Not a semantic quantity inventory or numerical correction.
AB01-PDF0076-body-L013	76	"[""161"", ""161"", ""37°"", ""40′""]"	161,r.), et aequationis temporis (f. 161,v.), ad latitudinem urbis Merw, 37°40′, suppu-	AUTOMATIC_LITERAL_INDEX; source-image IDs excluded. Not a semantic quantity inventory or numerical correction.
AB01-PDF0076-body-L015	76	"[""1"", ""108"", ""3098""]"	<n>Leo de Balneolis</n>, <i>Astronomia</i>, contenta f. 1,r.–108,v. codicis Vatic. Lat. 3098, qui ver-	AUTOMATIC_LITERAL_INDEX; source-image IDs excluded. Not a semantic quantity inventory or numerical correction.
AB01-PDF0076-body-L019	76	"[""136"", ""9"", ""14""]"	–theologici praetermittitur. Tractatus in tres partes distinguitur, 136, 9 et 14 capita com-	AUTOMATIC_LITERAL_INDEX; source-image IDs excluded. Not a semantic quantity inventory or numerical correction.
AB01-PDF0076-body-L021	76	"[""1893"", ""624""]"	stoire littéraire de la France</i>, t. XXXI, 1893, p. 624 sqq. Auctor complures suas obser-	AUTOMATIC_LITERAL_INDEX; source-image IDs excluded. Not a semantic quantity inventory or numerical correction.
AB01-PDF0076-body-L023	76	"[""1344""]"	mortuus anno 1344.	AUTOMATIC_LITERAL_INDEX; source-image IDs excluded. Not a semantic quantity inventory or numerical correction.
AB01-PDF0076-body-L025	76	"[""1861"", ""77"", ""9"", ""346"", ""3"", ""957""]"	bier de Meynard</i>, Paris 1861–77, 9 tomi. — Mortuus 346 heg. (inc. 3 Apr. 957).	AUTOMATIC_LITERAL_INDEX; source-image IDs excluded. Not a semantic quantity inventory or numerical correction.
AB01-PDF0076-body-L027	76	"[""1894""]"	de Goeje</i>, Lugduni Batavorum 1894 (Bibl. Geogr. Arab., t. VIII).	AUTOMATIC_LITERAL_INDEX; source-image IDs excluded. Not a semantic quantity inventory or numerical correction.
AB01-PDF0076-body-L029	76	"[""1876"", ""77"", ""375"", ""378""]"	de Goeje</i>, Lugd. Batav. 1876–77 (Bibl. Geogr. Arab., t. III). — Intra annos 375–378 heg.	AUTOMATIC_LITERAL_INDEX; source-image IDs excluded. Not a semantic quantity inventory or numerical correction.
AB01-PDF0076-body-L030	76	"[""985"", ""989""]"	seu 985–989 scribens.	AUTOMATIC_LITERAL_INDEX; source-image IDs excluded. Not a semantic quantity inventory or numerical correction.
AB01-PDF0076-body-L032	76	"[""319"", ""1"", ""64""]"	Utor codice Vaticano Arab. nr. 319, cuius complectitur f. 1,v.–64,r. (in <i>Catalogo</i> <n>Asse-	AUTOMATIC_LITERAL_INDEX; source-image IDs excluded. Not a semantic quantity inventory or numerical correction.
AB01-PDF0076-body-L033	76	"[""465""]"	manī</n> p. 465: « Anonymi epitome scientiae de forma et figura caeli et terrae »); item com-	AUTOMATIC_LITERAL_INDEX; source-image IDs excluded. Not a semantic quantity inventory or numerical correction.
AB01-PDF0076-body-L035	76	"[""672"", ""1274"", ""1""]"	tuus est mense dhū ’l-ḥiǵǵah 672 (Iunio 1274). Libri duae editiones prodierunt (1); ambae	AUTOMATIC_LITERAL_INDEX; source-image IDs excluded. Not a semantic quantity inventory or numerical correction.
AB01-PDF0076-body-L038	76	"[""24"", ""269""]"	palat. nr. 24 (in <i>Catalogo</i> <n>Assemani</n> nr. 269). — Pro rege Ābāqā khān confectum, qui	AUTOMATIC_LITERAL_INDEX; source-image IDs excluded. Not a semantic quantity inventory or numerical correction.
AB01-PDF0076-body-L039	76	"[""664"", ""12"", ""1265""]"	summum imperium anno 664 heg. (inc. 12 Oct. 1265) obtinuit.	AUTOMATIC_LITERAL_INDEX; source-image IDs excluded. Not a semantic quantity inventory or numerical correction.
AB01-PDF0076-body-L041	76	"[""1847""]"	Beg publiés [en persan] avec notes par L. P. E. A. Sédillot</i>, Paris 1847. — <i>Prolé-</i>	AUTOMATIC_LITERAL_INDEX; source-image IDs excluded. Not a semantic quantity inventory or numerical correction.
AB01-PDF0076-notes_left-L001	76	"[""1""]"	(1) Eas memorat <i>commentarius</i> <n>Qāḍī–zādeh</n>	AUTOMATIC_LITERAL_INDEX; source-image IDs excluded. Not a semantic quantity inventory or numerical correction.
AB01-PDF0076-notes_left-L002	76	"[""39"", ""161"", ""62""]"	(f. 39,v.) in locum p. 161-62 a me adductum, ubi	AUTOMATIC_LITERAL_INDEX; source-image IDs excluded. Not a semantic quantity inventory or numerical correction.
AB01-PDF0077-body-L001	77	"[""1853"", ""1""]"	<i>gomènes etc., traduction et commentaire par L. P. E. A. Sédillot</i>, Paris 1853 (1). —	AUTOMATIC_LITERAL_INDEX; source-image IDs excluded. Not a semantic quantity inventory or numerical correction.
AB01-PDF0077-body-L002	77	"[""853"", ""23"", ""1449""]"	Mortuus anno 853 heg. (inc. 23 Febr. 1449).	AUTOMATIC_LITERAL_INDEX; source-image IDs excluded. Not a semantic quantity inventory or numerical correction.
AB01-PDF0077-body-L004	77	"[""271"", ""311""]"	rentianae, orient.–palat. nr. 271 (in Catalogo Assemani nr. 311). — Absolutus est liber in	AUTOMATIC_LITERAL_INDEX; source-image IDs excluded. Not a semantic quantity inventory or numerical correction.
AB01-PDF0077-body-L005	77	"[""14"", ""811"", ""30"", ""1409""]"	urbe Shīrāz die Martis 14 dhū ’l-ḥiǵǵah 811, seu 30 Aprilis 1409.	AUTOMATIC_LITERAL_INDEX; source-image IDs excluded. Not a semantic quantity inventory or numerical correction.
AB01-PDF0077-body-L006	77	"[""337"", ""10"", ""948""]"	<n>Qodāmah</n>, vide <n>Ibn Khordādhbeh</n>; mortuus anno 337 heg. (inc. 10 Iulii 948).	AUTOMATIC_LITERAL_INDEX; source-image IDs excluded. Not a semantic quantity inventory or numerical correction.
AB01-PDF0077-body-L008	77	"[""215"", ""306""]"	Laurentianae, orient.–palat. 215 (in Catalogo Assemani nr. 306); exemplar acephalum, cui	AUTOMATIC_LITERAL_INDEX; source-image IDs excluded. Not a semantic quantity inventory or numerical correction.
AB01-PDF0077-body-L009	77	"[""22""]"	desunt priora 22 folia veteris numerationis Arabicae. Indico folia iuxta numerationem re-	AUTOMATIC_LITERAL_INDEX; source-image IDs excluded. Not a semantic quantity inventory or numerical correction.
AB01-PDF0077-body-L010	77	"[""710"", ""1311""]"	centiorem Europaeam. — Mortuus mense ramaḍān 710 (Ian.–Febr. 1311).	AUTOMATIC_LITERAL_INDEX; source-image IDs excluded. Not a semantic quantity inventory or numerical correction.
AB01-PDF0077-body-L013	77	"[""1874"", ""376"", ""12"", ""986""]"	C. Schjellerup</i>, St. Pétersbourg 1874. — Mense muḥarram 376 (inc. 12 Maii 986)	AUTOMATIC_LITERAL_INDEX; source-image IDs excluded. Not a semantic quantity inventory or numerical correction.
AB01-PDF0077-body-L017	77	"[""1860"", ""142"", ""498""]"	the American Oriental Society, t. VI, New Haven 1860, p. 142–498. Opus etiam seorsum	AUTOMATIC_LITERAL_INDEX; source-image IDs excluded. Not a semantic quantity inventory or numerical correction.
AB01-PDF0077-body-L018	77	"[""144""]"	prodiit, cuius paginae reperiuntur demendo 144 a numeris quos ego refero.	AUTOMATIC_LITERAL_INDEX; source-image IDs excluded. Not a semantic quantity inventory or numerical correction.
AB01-PDF0077-body-L020	77	"[""4275"", ""83"", ""85""]"	sionibus exstat. Altera in Bibliotheca Vaticana (cod. Vatic. Lat. 4275, f. 83,v.,b–85,r.,a)	AUTOMATIC_LITERAL_INDEX; source-image IDs excluded. Not a semantic quantity inventory or numerical correction.
AB01-PDF0077-body-L023	77	"[""4083"", ""56"", ""57""]"	« linee medii celi..... ». Altera (cod. Vatic. Lat. 4083, f. 56,v.–57,r.) ita exorditur: « Incipit	AUTOMATIC_LITERAL_INDEX; source-image IDs excluded. Not a semantic quantity inventory or numerical correction.
AB01-PDF0077-body-L024	77	"[""8""]"	« <i>liber tebit de motu 8. spere seu accessionis et recessionis</i>. Tractatus in quo conti-	AUTOMATIC_LITERAL_INDEX; source-image IDs excluded. Not a semantic quantity inventory or numerical correction.
AB01-PDF0077-body-L028	77	"[""2""]"	impressae erant, tres alios codices prioris versionis (2), quibus utor in « <i>Addendis</i> », in-	AUTOMATIC_LITERAL_INDEX; source-image IDs excluded. Not a semantic quantity inventory or numerical correction.
AB01-PDF0077-body-L030	77	"[""22"", ""26""]"	f. 22,r.–26,r., cui titulus <i>Thebit de motu octavae sphaerae</i>; eiusdem Bibliothecae cod.	AUTOMATIC_LITERAL_INDEX; source-image IDs excluded. Not a semantic quantity inventory or numerical correction.
AB01-PDF0077-body-L031	77	"[""46"", ""49""]"	Lat. class. XIV, cod. CLXV, f. 46,r.,b–49,v.,a (« <i>Incipit liber tebith ben chorath de motu	AUTOMATIC_LITERAL_INDEX; source-image IDs excluded. Not a semantic quantity inventory or numerical correction.
AB01-PDF0077-body-L032	77	"[""8<sup>e</sup>"", ""194""]"	8<sup>e</sup> spere</i> »); demum Bibliothecae Laurentianae (Florentiae), S. Marco 194. Eos litteris <i>A,	AUTOMATIC_LITERAL_INDEX; source-image IDs excluded. Not a semantic quantity inventory or numerical correction.
AB01-PDF0077-body-L034	77	"[""1"", ""288"", ""901""]"	adn. 1. — Auctor obiit mense ṣafar 288 heg. (Febr. 901).	AUTOMATIC_LITERAL_INDEX; source-image IDs excluded. Not a semantic quantity inventory or numerical correction.
AB01-PDF0077-body-L036	77	"[""1866"", ""73"", ""6"", ""11"", ""20"", ""626"", ""12"", ""1229""]"	zig 1866–73, 6 tomi in 11 partibus. — Mortuus 20 ramaḍān 626 (12 Aug. 1229).	AUTOMATIC_LITERAL_INDEX; source-image IDs excluded. Not a semantic quantity inventory or numerical correction.
AB01-PDF0077-body-L040	77	"[""1822""]"	les commentaires [sic!] de Théon et les tables préliminaires, Paris 1822; t. II et III: Tables	AUTOMATIC_LITERAL_INDEX; source-image IDs excluded. Not a semantic quantity inventory or numerical correction.
AB01-PDF0077-notes_left-L001	77	"[""1"", ""285""]"	(1) Textus efficit etiam introductionem et p. 285-	AUTOMATIC_LITERAL_INDEX; source-image IDs excluded. Not a semantic quantity inventory or numerical correction.
AB01-PDF0077-notes_left-L002	77	"[""450""]"	–450 tomi I operis <i>Chrestomathie persane publiée	AUTOMATIC_LITERAL_INDEX; source-image IDs excluded. Not a semantic quantity inventory or numerical correction.
AB01-PDF0077-notes_left-L004	77	"[""284""]"	publique</i>; paginis a me indicatis oportet 284 adiicere	AUTOMATIC_LITERAL_INDEX; source-image IDs excluded. Not a semantic quantity inventory or numerical correction.
AB01-PDF0077-notes_right-L003	77	"[""2""]"	(2) Quam memorat <n>Albertus Magnus</n> in	AUTOMATIC_LITERAL_INDEX; source-image IDs excluded. Not a semantic quantity inventory or numerical correction.
AB01-PDF0077-notes_right-L004	77	"[""2""]"	<i>Speculo astron</i>, loco a me p. XXIV, adn. 2, indicato.	AUTOMATIC_LITERAL_INDEX; source-image IDs excluded. Not a semantic quantity inventory or numerical correction.
AB01-PDF0078-body-L001	78	"[""1823""]"	manuelles de Ptolémée [sic!] et de Théon, Paris 1823. Utinam alia editio exstaret minus	AUTOMATIC_LITERAL_INDEX; source-image IDs excluded. Not a semantic quantity inventory or numerical correction.
AB01-PDF0078-body-L004	78	"[""1819""]"	âge</i>, Paris 1819.	AUTOMATIC_LITERAL_INDEX; source-image IDs excluded. Not a semantic quantity inventory or numerical correction.
AB01-PDF0078-body-L006	78	"[""1900""]"	Astronomen der Araber und ihre Werke</i>, Leipzig 1900 (Abhandlungen zur Geschichte der	AUTOMATIC_LITERAL_INDEX; source-image IDs excluded. Not a semantic quantity inventory or numerical correction.
AB01-PDF0078-body-L009	78	"[""1902"", ""157"", ""85""]"	Abhandl. zur Gesch. der mathem. Wiss., fasc. XIV, 1902, p. 157–85.	AUTOMATIC_LITERAL_INDEX; source-image IDs excluded. Not a semantic quantity inventory or numerical correction.
AB01-PDF0079-body-L003	79	"[""1903""]"	rīḫ al-ḥukamā’ herausgegeben von J. Lippert</i>, Leipzig 1903; dolendum est quod saepe	AUTOMATIC_LITERAL_INDEX; source-image IDs excluded. Not a semantic quantity inventory or numerical correction.
AB01-PDF0079-body-L004	79	"[""280""]"	editor varias lectiones et additamenta codicum indicare negligat. In Albatenii vita, p. 280–	AUTOMATIC_LITERAL_INDEX; source-image IDs excluded. Not a semantic quantity inventory or numerical correction.
AB01-PDF0079-body-L005	79	"[""281""]"	–281, post verba « [cognomine] al-Battānī notus » haec adduntur, procul dubio in per-	AUTOMATIC_LITERAL_INDEX; source-image IDs excluded. Not a semantic quantity inventory or numerical correction.
AB01-PDF0079-body-L006	79	"[""611"", ""1""]"	paucis codicibus exstantia (cfr. <n>Chwolsohn</n>, I, 611, adn. 1): « et in libro iudicis Ṣā‘id	AUTOMATIC_LITERAL_INDEX; source-image IDs excluded. Not a semantic quantity inventory or numerical correction.
AB01-PDF0079-body-L012	79	"[""8""]"	sequitur quam p. VIII, adn. 8 memoravi.	AUTOMATIC_LITERAL_INDEX; source-image IDs excluded. Not a semantic quantity inventory or numerical correction.
AB01-PDF0079-body-L014	79	"[""153"", ""4""]"	ed. Lippert p. 153) occurrit, probabiliter ex eiusdem Ṣā‘id al-Andalusī (de quo p. IX, adn. 4,	AUTOMATIC_LITERAL_INDEX; source-image IDs excluded. Not a semantic quantity inventory or numerical correction.
AB01-PDF0079-body-L016	79	"[""49"", ""72""]"	etiam <n>al-Mas‘ūdī</n>, <i>Prairies</i>, IX, 49, et <n>Ibn Yūnus</n>, introd. (apud <n>Caussin</n>, p. 72),	AUTOMATIC_LITERAL_INDEX; source-image IDs excluded. Not a semantic quantity inventory or numerical correction.
AB01-PDF0079-body-L019	79	"[""7"", ""155"", ""56"", ""4""]"	VIII, adn. 7: In edit. Lippert p. 155–56. Dicitur Ibn al-Muktafī mortuus esse die Martis 4 ṣa-	AUTOMATIC_LITERAL_INDEX; source-image IDs excluded. Not a semantic quantity inventory or numerical correction.
AB01-PDF0079-body-L020	79	"[""377"", ""4"", ""5"", ""987""]"	far 377; sed 4 ṣafar illius anni fuit die Dominica 5 Iunii 987 Chr., iuxta civilem usum.	AUTOMATIC_LITERAL_INDEX; source-image IDs excluded. Not a semantic quantity inventory or numerical correction.
AB01-PDF0079-body-L021	79	"[""3""]"	XV, adn. 3: in nonnullis exemplaribus <i>Subbī</i> et <glyph>AB01-PDF0079-G01</glyph> pro <i>Ṣubbī</i> et <glyph>AB01-PDF0079-G02</glyph> impressum est.	AUTOMATIC_LITERAL_INDEX; source-image IDs excluded. Not a semantic quantity inventory or numerical correction.
AB01-PDF0079-body-L023	79	"[""97""]"	compendium redegisse affirmat <n>Ibn al-Qifṭī</n> l. c. (ed. Lippert, p. 97).	AUTOMATIC_LITERAL_INDEX; source-image IDs excluded. Not a semantic quantity inventory or numerical correction.
AB01-PDF0079-body-L024	79	"[""5"", ""242""]"	XXVI, l. 5: edit. Lippert, p. 242.	AUTOMATIC_LITERAL_INDEX; source-image IDs excluded. Not a semantic quantity inventory or numerical correction.
AB01-PDF0079-body-L025	79	"[""1"", ""326""]"	XXXIII, adn. 1: edit. Lippert, p. 326.	AUTOMATIC_LITERAL_INDEX; source-image IDs excluded. Not a semantic quantity inventory or numerical correction.
AB01-PDF0079-body-L026	79	"[""3"", ""14""]"	Pag. 3, lin. 14, pro <i>longiquitate</i> l. <i>longinquitate</i>.	AUTOMATIC_LITERAL_INDEX; source-image IDs excluded. Not a semantic quantity inventory or numerical correction.
AB01-PDF0079-body-L027	79	"[""6,11""]"	6,11, pro <i>his causis antiqui diviserunt: quia.....</i> l. <i>antiqui diviserunt, pluribus innitentes	AUTOMATIC_LITERAL_INDEX; source-image IDs excluded. Not a semantic quantity inventory or numerical correction.
AB01-PDF0079-body-L029	79	"[""6,32"", ""36""]"	6,32–36, ita ad verbum reddendum: <i>Significatio multiplicationis est quod sibi ipsi adiicias	AUTOMATIC_LITERAL_INDEX; source-image IDs excluded. Not a semantic quantity inventory or numerical correction.
AB01-PDF0080-body-L003	80	"[""1857""]"	« tates alterius » (<i>Trattati d’aritmetica pubblicati da B. Boncompagni</i>, Roma 1857,	AUTOMATIC_LITERAL_INDEX; source-image IDs excluded. Not a semantic quantity inventory or numerical correction.
AB01-PDF0080-body-L004	80	"[""10""]"	p. 10). Similiter ex voce Arabica male versa factum est ut mathematici <n>Iudaei</n> XII sae-	AUTOMATIC_LITERAL_INDEX; source-image IDs excluded. Not a semantic quantity inventory or numerical correction.
AB01-PDF0080-body-L008	80	"[""1880"", ""106"", ""179"", ""113""]"	Mathematik, t. III, 1880, p. 106 (adn. 179) et 113. Item usus vocis <i>kephel</i> ad adverbia mul-	AUTOMATIC_LITERAL_INDEX; source-image IDs excluded. Not a semantic quantity inventory or numerical correction.
AB01-PDF0080-body-L010	80	"[""1""]"	ducendus, ut Steinschneider (1) putat, sed ab Arabico <i>ḍi‘f</i> « duplum rei, aut quantitas alteri	AUTOMATIC_LITERAL_INDEX; source-image IDs excluded. Not a semantic quantity inventory or numerical correction.
AB01-PDF0080-body-L011	80	"[""88""]"	datae aequalis », quod eodem sensu usurpatur; cfr. apud <n>al-Battānī</n> ipsum t. III, p. 88:	AUTOMATIC_LITERAL_INDEX; source-image IDs excluded. Not a semantic quantity inventory or numerical correction.
AB01-PDF0080-body-L012	80	"[""2""]"	<ar>وتَضَاعَفَ البُعْدُ اضْعَافًا كثيرة</ar> et <ar>اعظم منه بأضعاف مُضْعَفَة</ar> (2).	AUTOMATIC_LITERAL_INDEX; source-image IDs excluded. Not a semantic quantity inventory or numerical correction.
AB01-PDF0080-body-L013	80	"[""6"", ""1165"", ""1135""]"	6,ult., pro <i>1165</i> l. <i>1135</i>.	AUTOMATIC_LITERAL_INDEX; source-image IDs excluded. Not a semantic quantity inventory or numerical correction.
AB01-PDF0080-body-L014	80	"[""9,39""]"	9,39, pro <i>supplementaris</i> l. <i>supplementaris alterius</i>.	AUTOMATIC_LITERAL_INDEX; source-image IDs excluded. Not a semantic quantity inventory or numerical correction.
AB01-PDF0080-body-L015	80	"[""11,3""]"	11,3 a f., pro <i>complementi</i> l. <i>dupli complementi</i>.	AUTOMATIC_LITERAL_INDEX; source-image IDs excluded. Not a semantic quantity inventory or numerical correction.
AB01-PDF0080-body-L016	80	"[""13"", ""2"", ""309"", ""5""]"	13, adn. 2: « Ordines » Lunae a <n>Vettio Valente</n> (de quo p. 309, adn. 5) in primo <i>Astro-	AUTOMATIC_LITERAL_INDEX; source-image IDs excluded. Not a semantic quantity inventory or numerical correction.
AB01-PDF0080-body-L019	80	"[""1648"", ""61""]"	1648, p. 61, qui non satis perspicue dicit: « <gr>Βαθμοὶ</gr> Lunae sunt qui per latitudinem Zo-	AUTOMATIC_LITERAL_INDEX; source-image IDs excluded. Not a semantic quantity inventory or numerical correction.
AB01-PDF0080-body-L024	80	"[""1903""]"	computati bene non liquet. Vide excerpta in <i>Catal. codd. astrolog. Graecorum</i>, IV (1903),	AUTOMATIC_LITERAL_INDEX; source-image IDs excluded. Not a semantic quantity inventory or numerical correction.
AB01-PDF0080-body-L025	80	"[""106"", ""108""]"	p. 106–108.	AUTOMATIC_LITERAL_INDEX; source-image IDs excluded. Not a semantic quantity inventory or numerical correction.
AB01-PDF0080-body-L026	80	"[""29,36""]"	29,36, pro <glyph>AB01-PDF0080-G01</glyph> l. <i>terrestrium</i>.	AUTOMATIC_LITERAL_INDEX; source-image IDs excluded. Not a semantic quantity inventory or numerical correction.
AB01-PDF0080-body-L027	80	"[""41"", ""2""]"	41, adn. 2: Idem Albatenii error apud nonnullos etiam aetatis nostrae scriptores, e quibus	AUTOMATIC_LITERAL_INDEX; source-image IDs excluded. Not a semantic quantity inventory or numerical correction.
AB01-PDF0080-body-L028	80	"[""443"", ""202""]"	R. <n>Wolf</n>. <i>Handbuch der Astronomie</i>, t. I, p. 443, § 202,e.	AUTOMATIC_LITERAL_INDEX; source-image IDs excluded. Not a semantic quantity inventory or numerical correction.
AB01-PDF0080-body-L029	80	"[""54,26""]"	54,26, pro <i>utemus</i> l. <i>utemur</i>.	AUTOMATIC_LITERAL_INDEX; source-image IDs excluded. Not a semantic quantity inventory or numerical correction.
AB01-PDF0080-body-L030	80	"[""54,28""]"	54,28, pro <i>quantitas</i> l. <i>argumentum</i>.	AUTOMATIC_LITERAL_INDEX; source-image IDs excluded. Not a semantic quantity inventory or numerical correction.
AB01-PDF0080-body-L031	80	"[""54"", ""10""]"	54, adn. 10, pro <i>quantitate</i> l. <i>argumento</i>.	AUTOMATIC_LITERAL_INDEX; source-image IDs excluded. Not a semantic quantity inventory or numerical correction.
AB01-PDF0080-body-L032	80	"[""68,23""]"	68,23, pro <i>qu</i> l. <i>qui</i>.	AUTOMATIC_LITERAL_INDEX; source-image IDs excluded. Not a semantic quantity inventory or numerical correction.
AB01-PDF0080-body-L033	80	"[""71,4"", ""5"", ""322"", ""2""]"	71,4–5, emendetur iuxta quae dixi p. 322, adn. 2.	AUTOMATIC_LITERAL_INDEX; source-image IDs excluded. Not a semantic quantity inventory or numerical correction.
AB01-PDF0080-body-L034	80	"[""75""]"	75, de voce <i>ǵawzahar</i> in titulo cap. XXXVII, fortasse interpolata, vide p. XLIII praefationis.	AUTOMATIC_LITERAL_INDEX; source-image IDs excluded. Not a semantic quantity inventory or numerical correction.
AB01-PDF0080-body-L035	80	"[""80,38"", ""257"", ""58"", ""3""]"	80,38, pro <i>octavam</i> l. <i>decimam octavam</i>, ut Plato habet; cfr. p. 257–58, et XXXVIII, adn. 3.	AUTOMATIC_LITERAL_INDEX; source-image IDs excluded. Not a semantic quantity inventory or numerical correction.
AB01-PDF0080-body-L036	80	"[""80"", ""4""]"	80, adn. 4, pro <i>sequenttnus</i> l. <i>sequentibus</i>.	AUTOMATIC_LITERAL_INDEX; source-image IDs excluded. Not a semantic quantity inventory or numerical correction.
AB01-PDF0080-body-L037	80	"[""85,23"", ""24"", ""265""]"	85,23–24, verba <i>in semidiametrum multiplica, et productum</i> delenda sunt; cfr. p. 265.	AUTOMATIC_LITERAL_INDEX; source-image IDs excluded. Not a semantic quantity inventory or numerical correction.
AB01-PDF0080-body-L038	80	"[""96,6"", ""275"", ""1""]"	96,6, pro <i>horae</i>, quod cod. et Pl. habent, videtur <i>gradus</i> legendum; cfr. p. 275, adn. 1.	AUTOMATIC_LITERAL_INDEX; source-image IDs excluded. Not a semantic quantity inventory or numerical correction.
AB01-PDF0080-body-L039	80	"[""107,10""]"	107,10, pro <i>consuemus</i> l. <i>consuescimus</i>.	AUTOMATIC_LITERAL_INDEX; source-image IDs excluded. Not a semantic quantity inventory or numerical correction.
AB01-PDF0080-body-L040	80	"[""114,11"", ""18′"", ""58′""]"	114,11, in minutis apogei Martis pro <i>18′</i> l. <i>58′</i>.	AUTOMATIC_LITERAL_INDEX; source-image IDs excluded. Not a semantic quantity inventory or numerical correction.
AB01-PDF0080-body-L041	80	"[""114"", ""1""]"	114, adn. 1: Transpositio nonnisi in editionibus Platonis; cfr. praefationem p. LV.	AUTOMATIC_LITERAL_INDEX; source-image IDs excluded. Not a semantic quantity inventory or numerical correction.
AB01-PDF0080-notes_left-L001	80	"[""1"", ""106""]"	(1) L. c., p. 106, et <i>Intorno ad alcuni mate-	AUTOMATIC_LITERAL_INDEX; source-image IDs excluded. Not a semantic quantity inventory or numerical correction.
AB01-PDF0080-notes_left-L003	80	"[""1863"", ""67""]"	Roma 1863–67, Lettera IV (Brani dell’aritmetica di	AUTOMATIC_LITERAL_INDEX; source-image IDs excluded. Not a semantic quantity inventory or numerical correction.
AB01-PDF0080-notes_left-L004	80	"[""54"", ""1"", ""65"", ""1""]"	Elia Misrachi) p. 54, adn. 1, et p 65, adn. 1.	AUTOMATIC_LITERAL_INDEX; source-image IDs excluded. Not a semantic quantity inventory or numerical correction.
AB01-PDF0080-notes_right-L001	80	"[""2"", ""88"", ""92"", ""182""]"	(2) Plerumque <ar>مرة</ar> usurpat (t. III, p. 88-92, 182-	AUTOMATIC_LITERAL_INDEX; source-image IDs excluded. Not a semantic quantity inventory or numerical correction.
AB01-PDF0080-notes_right-L002	80	"[""185"", ""183""]"	–185); t. III, p. 183 etiam <ar>مِثْل</ar>. pl. <ar>امثال</ar>. Locis pa-	AUTOMATIC_LITERAL_INDEX; source-image IDs excluded. Not a semantic quantity inventory or numerical correction.
AB01-PDF0080-notes_right-L003	80	"[""18"", ""21""]"	rallelis, <n>Ibn Rosteh</n> p. 18–21, et <n>al-Farghānī</n>	AUTOMATIC_LITERAL_INDEX; source-image IDs excluded. Not a semantic quantity inventory or numerical correction.
AB01-PDF0080-notes_right-L004	80	"[""81"", ""82""]"	ed. Golii p. 81–82, promiscue <ar>مثل</ar> et <ar>مرة</ar> habent.	AUTOMATIC_LITERAL_INDEX; source-image IDs excluded. Not a semantic quantity inventory or numerical correction.
AB01-PDF0081-body-L001	81	"[""124,2""]"	124,2, pro <i>referta</i> l. <i>relata</i>.	AUTOMATIC_LITERAL_INDEX; source-image IDs excluded. Not a semantic quantity inventory or numerical correction.
AB01-PDF0081-body-L002	81	"[""129"", ""194""]"	129, marg., numerus paginae textus, male impressus, est <i>194</i>.	AUTOMATIC_LITERAL_INDEX; source-image IDs excluded. Not a semantic quantity inventory or numerical correction.
AB01-PDF0081-body-L003	81	"[""132,6""]"	132,6, pro <i>interiectos</i> l. <i>interiectis</i>.	AUTOMATIC_LITERAL_INDEX; source-image IDs excluded. Not a semantic quantity inventory or numerical correction.
AB01-PDF0081-body-L004	81	"[""133,29""]"	133,29, pro <i>cognoscuntur. Idest</i> l. <i>cognoscuntur; idest.</i>	AUTOMATIC_LITERAL_INDEX; source-image IDs excluded. Not a semantic quantity inventory or numerical correction.
AB01-PDF0081-body-L005	81	"[""133,31""]"	133,31, pro <i>deprehende; si</i> l. <i>deprehendes. — Si.</i>	AUTOMATIC_LITERAL_INDEX; source-image IDs excluded. Not a semantic quantity inventory or numerical correction.
AB01-PDF0081-body-L006	81	"[""134,18""]"	134,18, post <i>consistit</i> haec inserantur: [<i>distantiam multiplica in tempora horaria gradus	AUTOMATIC_LITERAL_INDEX; source-image IDs excluded. Not a semantic quantity inventory or numerical correction.
AB01-PDF0081-body-L007	81	"[""316"", ""3""]"	sequentis</i>]. Cfr. p. 316, adn. 3.	AUTOMATIC_LITERAL_INDEX; source-image IDs excluded. Not a semantic quantity inventory or numerical correction.
AB01-PDF0081-body-L008	81	"[""134""]"	134,ult.: Verba <i>hoc modo hilegia</i> etc., fortasse spuria; cfr. praefationem p. XLIII.	AUTOMATIC_LITERAL_INDEX; source-image IDs excluded. Not a semantic quantity inventory or numerical correction.
AB01-PDF0081-body-L009	81	"[""138"", ""139"", ""5""]"	138–139, adn. 5: Additamenta quorumdam codicum Platonis legantur in praefatione p. LII–LV.	AUTOMATIC_LITERAL_INDEX; source-image IDs excluded. Not a semantic quantity inventory or numerical correction.
AB01-PDF0081-body-L010	81	"[""139,10"", ""321""]"	139,10, emendandum sicut p. 321 docui.	AUTOMATIC_LITERAL_INDEX; source-image IDs excluded. Not a semantic quantity inventory or numerical correction.
AB01-PDF0081-body-L011	81	"[""148,1"", ""223""]"	148,1, addatur in margine <i>p. 223</i> textus Arabici.	AUTOMATIC_LITERAL_INDEX; source-image IDs excluded. Not a semantic quantity inventory or numerical correction.
AB01-PDF0081-body-L012	81	"[""149,21"", ""26"", ""27"", ""326""]"	149,21 et 26–27, emendandae sicut p. 326 exposui.	AUTOMATIC_LITERAL_INDEX; source-image IDs excluded. Not a semantic quantity inventory or numerical correction.
AB01-PDF0081-body-L013	81	"[""158,6""]"	158,6 a f. (notis non supputatis) pro <i>quos</i> l. <i>quoque</i>.	AUTOMATIC_LITERAL_INDEX; source-image IDs excluded. Not a semantic quantity inventory or numerical correction.
AB01-PDF0081-body-L014	81	"[""158,5""]"	158,5 a f. (notis non supputatis) pro <i>tempore</i> l. <i>partem</i>.	AUTOMATIC_LITERAL_INDEX; source-image IDs excluded. Not a semantic quantity inventory or numerical correction.
AB01-PDF0081-body-L015	81	"[""162"", ""163""]"	162–163: Mirae Theonis definitiones sunt etiam in inedita <n>Vettii Valentis</n> <i>Astrologia</i>,	AUTOMATIC_LITERAL_INDEX; source-image IDs excluded. Not a semantic quantity inventory or numerical correction.
AB01-PDF0081-body-L017	81	"[""421"", ""22"", ""19°""]"	climactericis</i> p. 421–22) teste, Valens, cum ceteris astrologis ponens Solem in 19° Arietis	AUTOMATIC_LITERAL_INDEX; source-image IDs excluded. Not a semantic quantity inventory or numerical correction.
AB01-PDF0081-body-L018	81	"[""19°"", ""19°""]"	exaltari (<gr>ὑψοῦσθαι</gr>), indeque tetragonum considerans cuius vertices 19° Arietis, 19° Cancri,	AUTOMATIC_LITERAL_INDEX; source-image IDs excluded. Not a semantic quantity inventory or numerical correction.
AB01-PDF0081-body-L019	81	"[""19°"", ""19°"", ""19°""]"	19° Librae, 19° Capricorni, dicit a 19° Arietis ad totidem Cancri Solem <gr>καταβαίνειν τὸν	AUTOMATIC_LITERAL_INDEX; source-image IDs excluded. Not a semantic quantity inventory or numerical correction.
AB01-PDF0081-body-L020	81	"[""19°"", ""19°"", ""19°""]"	βοῤῥᾶν</gr>, a 19° Cancri ad similem gradum Librae <gr>καταβαίνειν τὸν νότον</gr>, a 19° Librae ad 19°	AUTOMATIC_LITERAL_INDEX; source-image IDs excluded. Not a semantic quantity inventory or numerical correction.
AB01-PDF0081-body-L021	81	"[""19°""]"	Capricorni <gr>ἀναβαίνειν τὸν νότον</gr>, a 19° Capricorni ad totidem Arietis <gr>βοῤῥᾶν ἀναβαίνειν</gr>. Et	AUTOMATIC_LITERAL_INDEX; source-image IDs excluded. Not a semantic quantity inventory or numerical correction.
AB01-PDF0081-body-L023	81	"[""422""]"	μων τῆς σελήνης</gr> (teste <n>Salmasio</n> p. 422) a Leone ad Libram <gr>καταβαίνειν τὰ βόρεια</gr>, a	AUTOMATIC_LITERAL_INDEX; source-image IDs excluded. Not a semantic quantity inventory or numerical correction.
AB01-PDF0081-body-L026	81	"[""3°""]"	Luna, iuxta astrologos, in 3° Tauri exaltatur; tetragoni vertices sunt igitur Taurus, Leo,	AUTOMATIC_LITERAL_INDEX; source-image IDs excluded. Not a semantic quantity inventory or numerical correction.
AB01-PDF0081-body-L028	81	"[""214°"", ""8′"", ""50″"", ""231°"", ""28′""]"	antea (p. LXXI) memorato affirmans Solem, Venerem, Mercurium in 214°8′50″, 231°28′,	AUTOMATIC_LITERAL_INDEX; source-image IDs excluded. Not a semantic quantity inventory or numerical correction.
AB01-PDF0081-body-L029	81	"[""224°"", ""32′""]"	224°32′ longitudinis exstantes « in austrum descendere » (<gr>κατέρχεται νότον</gr>), Lunam et Sa-	AUTOMATIC_LITERAL_INDEX; source-image IDs excluded. Not a semantic quantity inventory or numerical correction.
AB01-PDF0081-body-L030	81	"[""48°"", ""10′"", ""24°"", ""28′""]"	turnum, in 48°10′ et 24°28′, « in boream ascendere » (<gr>ἀνέρχεται βοῤῥᾶν</gr>). Librarii corrupte-	AUTOMATIC_LITERAL_INDEX; source-image IDs excluded. Not a semantic quantity inventory or numerical correction.
AB01-PDF0081-body-L031	81	"[""154°"", ""12′"", ""137°"", ""35′""]"	lam inesse puto in Iove (154°12′) et Marte (137°35′), qui quoque dicuntur <gr>ἀνέρχεται βοῤῥᾶν</gr>.	AUTOMATIC_LITERAL_INDEX; source-image IDs excluded. Not a semantic quantity inventory or numerical correction.
AB01-PDF0081-body-L032	81	"[""163"", ""164"", ""151""]"	163–164, adn. <i>b</i>: Item <n>al-Khāzinī</n> f. 151,r.–v., et <n>Kūshiyār ibn Labbān</n> (loco quem	AUTOMATIC_LITERAL_INDEX; source-image IDs excluded. Not a semantic quantity inventory or numerical correction.
AB01-PDF0081-body-L033	81	"[""325""]"	p. 325 memoravi) tabulam ascensionum rectarum ab initio Capricorni supputatarum prae-	AUTOMATIC_LITERAL_INDEX; source-image IDs excluded. Not a semantic quantity inventory or numerical correction.
AB01-PDF0081-body-L037	81	"[""1885"", ""86"", ""345"", ""57""]"	Zarkali</i>, Bullett. di bibliografia, t. XVIII, 1885–86, p. 345 (= p. 57 libri seorsum editi).	AUTOMATIC_LITERAL_INDEX; source-image IDs excluded. Not a semantic quantity inventory or numerical correction.
AB01-PDF0081-body-L040	81	"[""238"", ""209""]"	tal. Bibliothecae Kahirensis</i>, t. V, p. 238, mīqāt nr. 209). Et ab eodem Capricorni puncto	AUTOMATIC_LITERAL_INDEX; source-image IDs excluded. Not a semantic quantity inventory or numerical correction.
AB01-PDF0081-body-L041	81	"[""112"", ""1650""]"	ascensiones 112 stellarum fixarum, pro anno 1650 Chr. circiter, numeravit <n>Muḥammad	AUTOMATIC_LITERAL_INDEX; source-image IDs excluded. Not a semantic quantity inventory or numerical correction.
AB01-PDF0081-body-L043	81	"[""245"", ""60"", ""81""]"	cuius duo exemplaria etiam in <i>Catal. Kahirensi</i> V, 245, mīqāt nr. 60 et 81; vide tabulas	AUTOMATIC_LITERAL_INDEX; source-image IDs excluded. Not a semantic quantity inventory or numerical correction.
AB01-PDF0081-body-L046	81	"[""8"", ""1895"", ""429""]"	Nr. 8, 1895, p. 429.	AUTOMATIC_LITERAL_INDEX; source-image IDs excluded. Not a semantic quantity inventory or numerical correction.
AB01-PDF0082-body-L001	82	"[""169,3""]"	169,3 a f. (adnotationibus non supputatis), pro <i>extensione</i> l. <i>extensionis</i>.	AUTOMATIC_LITERAL_INDEX; source-image IDs excluded. Not a semantic quantity inventory or numerical correction.
AB01-PDF0082-body-L002	82	"[""171"", ""3""]"	171, adn. 3: Vide praeterea J. <n>Canal</n>, <i>Tiaret, monographie ancienne et moderne</i> (Bulletin	AUTOMATIC_LITERAL_INDEX; source-image IDs excluded. Not a semantic quantity inventory or numerical correction.
AB01-PDF0082-body-L003	82	"[""1900"", ""1"", ""44""]"	trimestral de géographie et d’archéologie d’Oran, t. XX, 1900, p. 1–44).	AUTOMATIC_LITERAL_INDEX; source-image IDs excluded. Not a semantic quantity inventory or numerical correction.
AB01-PDF0082-body-L004	82	"[""175,13"", ""10"", ""9""]"	175,13, numeri <i>10</i> et <i>9</i> inter se permutentur.	AUTOMATIC_LITERAL_INDEX; source-image IDs excluded. Not a semantic quantity inventory or numerical correction.
AB01-PDF0082-body-L005	82	"[""175"", ""9""]"	175, adn. 9, pro <glyph>AB01-PDF0082-G01</glyph> l. <glyph>AB01-PDF0082-G02</glyph>.	AUTOMATIC_LITERAL_INDEX; source-image IDs excluded. Not a semantic quantity inventory or numerical correction.
AB01-PDF0082-body-L006	82	"[""181,1"", ""4""]"	181,1–4: Theorema proportionalitatis sinuum angulorum ad latera opposita in triangulo recti-	AUTOMATIC_LITERAL_INDEX; source-image IDs excluded. Not a semantic quantity inventory or numerical correction.
AB01-PDF0082-body-L007	82	"[""184"", ""166""]"	lineo, tanquam res omnibus nota iam ab <n>al-Bīrūnī</n>, <i>Chron.</i> p. 184 text., 166 vers.,	AUTOMATIC_LITERAL_INDEX; source-image IDs excluded. Not a semantic quantity inventory or numerical correction.
AB01-PDF0082-body-L009	82	"[""191,16""]"	191,16, pro <i>ortographicam</i> l. <i>orthographicam</i>.	AUTOMATIC_LITERAL_INDEX; source-image IDs excluded. Not a semantic quantity inventory or numerical correction.
AB01-PDF0082-body-L010	82	"[""194,26""]"	194,26, lineola excidit in fractione <m>\frac{\cos L}{\cos\delta}</m>.	AUTOMATIC_LITERAL_INDEX; source-image IDs excluded. Not a semantic quantity inventory or numerical correction.
AB01-PDF0082-body-L011	82	"[""194""]"	194, in paenultima formula pro « <m>\sin\omega</m> » l. « <m>\sin\varepsilon</m> ».	AUTOMATIC_LITERAL_INDEX; source-image IDs excluded. Not a semantic quantity inventory or numerical correction.
AB01-PDF0082-body-L012	82	"[""198,16"", ""22"", ""1""]"	198,16–22 et adn. 1: Epistula illa non est Regiomontani ad Blanchinum, ut Delambre affirmat,	AUTOMATIC_LITERAL_INDEX; source-image IDs excluded. Not a semantic quantity inventory or numerical correction.
AB01-PDF0082-body-L014	82	"[""1902""]"	Geschichte der Mathematik im Mittelalter und der Renaissance</i>, Leipzig 1902, t. I,	AUTOMATIC_LITERAL_INDEX; source-image IDs excluded. Not a semantic quantity inventory or numerical correction.
AB01-PDF0082-body-L015	82	"[""240"", ""41""]"	p. 240–41: « Vidi, per aliquos auctores doctrinam dari ad inveniendum declinationem	AUTOMATIC_LITERAL_INDEX; source-image IDs excluded. Not a semantic quantity inventory or numerical correction.
AB01-PDF0082-body-L028	82	"[""1""]"	« sed narrando regulam ipsam ultro concludit. Miror etiam de <n>Ioanne Anglicano</n> (1)	AUTOMATIC_LITERAL_INDEX; source-image IDs excluded. Not a semantic quantity inventory or numerical correction.
AB01-PDF0082-body-L031	82	"[""199,12"", ""78"", ""79""]"	199,12, adde: <i>ut cap. XXXIX, p. 78–79.</i>	AUTOMATIC_LITERAL_INDEX; source-image IDs excluded. Not a semantic quantity inventory or numerical correction.
AB01-PDF0082-body-L032	82	"[""202"", ""2""]"	202, ter in formulis <m>\frac{\cos\beta}{2R}</m> occurrit, quod emendandum <m>\frac{\cos\beta}{R}</m>.	AUTOMATIC_LITERAL_INDEX; source-image IDs excluded. Not a semantic quantity inventory or numerical correction.
AB01-PDF0082-body-L033	82	"[""204"", ""1"", ""130"", ""1"", ""131""]"	204, adn. <i>a</i>: Fractionem diei <m>\frac{1}{130}</m> Platonem scripsisse, non <m>\frac{1}{131}</m> ut editiones habent, elucet e	AUTOMATIC_LITERAL_INDEX; source-image IDs excluded. Not a semantic quantity inventory or numerical correction.
AB01-PDF0082-body-L035	82	"[""10""]"	<i>Almagesti parvum</i> inscribitur (de quo praefat. p. XXVI–XXVII). Hic, f. 10,r., affirmat: « Egi-	AUTOMATIC_LITERAL_INDEX; source-image IDs excluded. Not a semantic quantity inventory or numerical correction.
AB01-PDF0082-body-L038	82	"[""130"", ""120""]"	« tibus constare dixerunt ». In exemplari suo Arabico Plato <ar>قل</ar> 130 loco <ar>قك</ar> 120 inve-	AUTOMATIC_LITERAL_INDEX; source-image IDs excluded. Not a semantic quantity inventory or numerical correction.
AB01-PDF0082-body-L040	82	"[""205"", ""1""]"	205, adn. 1, pro <i>al-Mumti‘</i> et <i>al-muqni‘</i> l. <i>al-Mumta‘</i> et <i>al-maqna‘</i>.	AUTOMATIC_LITERAL_INDEX; source-image IDs excluded. Not a semantic quantity inventory or numerical correction.
AB01-PDF0082-notes_full-L001	82	"[""1"", ""1348""]"	(1) Eum <n>Curtze</n> monet esse <n>Iohannem Ashenton</n>, anno 1348 vivum. Nomen desideratur	AUTOMATIC_LITERAL_INDEX; source-image IDs excluded. Not a semantic quantity inventory or numerical correction.
AB01-PDF0083-body-L001	83	"[""215""]"	215: E <n>Snellii</n> auctoritate, narrat <n>Montucla</n> (<i>Hist. des mathématiques</i>, nouvelle édition,	AUTOMATIC_LITERAL_INDEX; source-image IDs excluded. Not a semantic quantity inventory or numerical correction.
AB01-PDF0083-body-L002	83	"[""366"", ""1070"", ""80""]"	Paris, an VII–X, t. I, p. 366) az-Zarqālī, circa annos 1070–80 florentem, ad vitandam	AUTOMATIC_LITERAL_INDEX; source-image IDs excluded. Not a semantic quantity inventory or numerical correction.
AB01-PDF0083-body-L008	83	"[""216""]"	216: Priore II saec. Chr. medietate, <n>Theon Smyrnaeus</n> (minime cum Alexandrino confun-	AUTOMATIC_LITERAL_INDEX; source-image IDs excluded. Not a semantic quantity inventory or numerical correction.
AB01-PDF0083-body-L009	83	"[""365"", ""1"", ""4""]"	dendus) annum sideralem, quem a tropico non distinguit, ponit <m>365\frac{1}{4}</m> esse dierum; an-	AUTOMATIC_LITERAL_INDEX; source-image IDs excluded. Not a semantic quantity inventory or numerical correction.
AB01-PDF0083-body-L010	83	"[""365"", ""1"", ""2""]"	num anomalisticum, quo Sol ad apogeum redit, <m>365\frac{1}{2}</m>. Motum igitur praecessionis ne-	AUTOMATIC_LITERAL_INDEX; source-image IDs excluded. Not a semantic quantity inventory or numerical correction.
AB01-PDF0083-body-L011	83	"[""1461"", ""27′"", ""6″"", ""1"", ""2""]"	gans, manifeste putat apogeum solare totum zodiacum percurrere 1461 annis, i. e. <m>27′\,6″\,\frac{1}{2}</m>	AUTOMATIC_LITERAL_INDEX; source-image IDs excluded. Not a semantic quantity inventory or numerical correction.
AB01-PDF0083-body-L013	83	"[""110""]"	coniici, nam, ut <n>Martin</n> p. 110 animadvertit, auctor ipse addit Solem ad idem altitudinis	AUTOMATIC_LITERAL_INDEX; source-image IDs excluded. Not a semantic quantity inventory or numerical correction.
AB01-PDF0083-body-L014	83	"[""1""]"	punctum, id est ad eandem a Terra distantiam, eadem diei hora singulis <i>bienniis</i> redire (1).	AUTOMATIC_LITERAL_INDEX; source-image IDs excluded. Not a semantic quantity inventory or numerical correction.
AB01-PDF0083-body-L018	83	"[""218"", ""1""]"	218, adn. 1, pro <i>Riccii</i> l. <i>Ricii</i>.	AUTOMATIC_LITERAL_INDEX; source-image IDs excluded. Not a semantic quantity inventory or numerical correction.
AB01-PDF0083-body-L019	83	"[""226"", ""2"", ""1835"", ""1836""]"	226, adn. 2, pro <i>1835</i> l. <i>1836</i>.	AUTOMATIC_LITERAL_INDEX; source-image IDs excluded. Not a semantic quantity inventory or numerical correction.
AB01-PDF0083-body-L020	83	"[""237"", ""1""]"	237, adn. 1, pro <i>al-mumaththil</i> l. <i>al-mu‘addil</i>.	AUTOMATIC_LITERAL_INDEX; source-image IDs excluded. Not a semantic quantity inventory or numerical correction.
AB01-PDF0083-body-L021	83	"[""242"", ""2""]"	242, adn. 2: Nominis <i>Dhū ’l-qarnayn</i> originem explicaveram ad fidem complurium peritis-	AUTOMATIC_LITERAL_INDEX; source-image IDs excluded. Not a semantic quantity inventory or numerical correction.
AB01-PDF0083-body-L025	83	"[""1901"", ""71"", ""85""]"	periums in Prophetie und Sage</i>, Freiburg i. Br. 1901, p. 71–85 (= Studien und Dar-	AUTOMATIC_LITERAL_INDEX; source-image IDs excluded. Not a semantic quantity inventory or numerical correction.
AB01-PDF0083-body-L032	83	"[""3""]"	und das Alte Testament, 3. Auflage neu bearbeitet von</i> <n>H. Zimmern</n> <i>und</i> <n>H. Winck-	AUTOMATIC_LITERAL_INDEX; source-image IDs excluded. Not a semantic quantity inventory or numerical correction.
AB01-PDF0083-body-L033	83	"[""1902"", ""380"", ""82"", ""25""]"	ler</n>, Berlin 1902, p. 380–82; eadem causa, 25 saecula ante Alexandrum, Naram-Sin,	AUTOMATIC_LITERAL_INDEX; source-image IDs excluded. Not a semantic quantity inventory or numerical correction.
AB01-PDF0083-body-L035	83	"[""243""]"	243: De origine nominum complurium mensium Copticorum optime disseruit <n>A. Wiede-	AUTOMATIC_LITERAL_INDEX; source-image IDs excluded. Not a semantic quantity inventory or numerical correction.
AB01-PDF0083-body-L037	83	"[""1903"", ""5"", ""7""]"	1903, col. 5–7.	AUTOMATIC_LITERAL_INDEX; source-image IDs excluded. Not a semantic quantity inventory or numerical correction.
AB01-PDF0083-body-L038	83	"[""246"", ""72"", ""77""]"	246, adn. <i>a</i>: Cfr. etiam Samps Pucharem, in animadvers. ad tabulas t. II, p. 72–77 adductum.	AUTOMATIC_LITERAL_INDEX; source-image IDs excluded. Not a semantic quantity inventory or numerical correction.
AB01-PDF0083-body-L039	83	"[""250""]"	250, ad cap. XXXVII: Cfr. praefationem p. XLIII.	AUTOMATIC_LITERAL_INDEX; source-image IDs excluded. Not a semantic quantity inventory or numerical correction.
AB01-PDF0083-body-L040	83	"[""251,9"", ""7"", ""315""]"	251,9: Falsum regulam non reperiri apud <n>Ptolemaeum</n>; hic enim V, 7 (ed. Halma I, 315)	AUTOMATIC_LITERAL_INDEX; source-image IDs excluded. Not a semantic quantity inventory or numerical correction.
AB01-PDF0083-notes_left-L001	83	"[""1""]"	(1) <n>Theonis Smyrnaei</n> <i>Liber de astro-	AUTOMATIC_LITERAL_INDEX; source-image IDs excluded. Not a semantic quantity inventory or numerical correction.
AB01-PDF0083-notes_left-L003	83	"[""1849"", ""261""]"	stravit Th. H. Martin</i>, Parisiis 1849, p. 261; <n>Theo-</n>	AUTOMATIC_LITERAL_INDEX; source-image IDs excluded. Not a semantic quantity inventory or numerical correction.
AB01-PDF0083-notes_right-L003	83	"[""1878"", ""172"", ""73""]"	Ed. Hiller</i>, Lipsiae 1878, p. 172–73.	AUTOMATIC_LITERAL_INDEX; source-image IDs excluded. Not a semantic quantity inventory or numerical correction.
AB01-PDF0084-body-L001	84	"[""262""]"	262, adn. <i>s</i>: Discrepantias e diversa eclipticae obliquitate exorientes <n>al-Battānī</n> abstulit, in	AUTOMATIC_LITERAL_INDEX; source-image IDs excluded. Not a semantic quantity inventory or numerical correction.
AB01-PDF0084-body-L002	84	"[""95"", ""101""]"	tabulis (t. II, p. 95–101) singulis <n>Theonis</n> climatibus aliam latitudinem, novae obliqui-	AUTOMATIC_LITERAL_INDEX; source-image IDs excluded. Not a semantic quantity inventory or numerical correction.
AB01-PDF0084-body-L004	84	"[""265"", ""2""]"	265, adn. 2: De nunciis Lunae Novae apud Hebraeos, qui testimonium mulierum, servorum	AUTOMATIC_LITERAL_INDEX; source-image IDs excluded. Not a semantic quantity inventory or numerical correction.
AB01-PDF0084-body-L005	84	"[""240""]"	et improborum non recipiebant, cfr. <n>Maimonidis</n> librum <i>de novilunio</i>, cap. II, col. 240–	AUTOMATIC_LITERAL_INDEX; source-image IDs excluded. Not a semantic quantity inventory or numerical correction.
AB01-PDF0084-body-L006	84	"[""244"", ""3""]"	–244 editionis laudatae in praefatione p. XXXIV, adn. 3.	AUTOMATIC_LITERAL_INDEX; source-image IDs excluded. Not a semantic quantity inventory or numerical correction.
AB01-PDF0084-body-L007	84	"[""266"", ""1""]"	266, adn. 1: Pulcherrimum incertae rei exemplum apud <n>Aḥmad</n> ibn Khālid <n>an-Nāṣirī as-	AUTOMATIC_LITERAL_INDEX; source-image IDs excluded. Not a semantic quantity inventory or numerical correction.
AB01-PDF0084-body-L008	84	"[""1312""]"	-Salāwī</n>, <i>Al-istiqṣā’ li akhbār duwal al-Maghrib al-aqṣà</i>, Kahirae 1312 heg., t. IV,	AUTOMATIC_LITERAL_INDEX; source-image IDs excluded. Not a semantic quantity inventory or numerical correction.
AB01-PDF0084-body-L009	84	"[""245"", ""28"", ""29"", ""1292"", ""28"", ""29"", ""1875""]"	p. 245. Nocte inter 28 et 29 diem mensis ramaḍān 1292 (28–29 Oct. 1875), duodecim	AUTOMATIC_LITERAL_INDEX; source-image IDs excluded. Not a semantic quantity inventory or numerical correction.
AB01-PDF0084-body-L012	84	"[""29""]"	Maroccanum prope urbem tunc commorantem. Ineunte 29 die omnes ieiunium desinunt.	AUTOMATIC_LITERAL_INDEX; source-image IDs excluded. Not a semantic quantity inventory or numerical correction.
AB01-PDF0084-body-L014	84	"[""29""]"	dubitatio igitur inter homines exoritur. Re vera, post occasum 29 diei, frustra omnes	AUTOMATIC_LITERAL_INDEX; source-image IDs excluded. Not a semantic quantity inventory or numerical correction.
AB01-PDF0084-body-L016	84	"[""30""]"	usque ad noctem 30 diei (iuxta nostrum supputandi usum), qua Luna nova tandem cer-	AUTOMATIC_LITERAL_INDEX; source-image IDs excluded. Not a semantic quantity inventory or numerical correction.
AB01-PDF0084-body-L018	84	"[""272"", ""1""]"	272: Eodem libro V, 1, paulo ante locum adductum, <n>Aristoteles</n> haec narrat: « Qui manu	AUTOMATIC_LITERAL_INDEX; source-image IDs excluded. Not a semantic quantity inventory or numerical correction.
AB01-PDF0084-body-L023	84	"[""16"", ""17""]"	directa; eam describit <n>Günther</n>, l. c., p. 16–17.	AUTOMATIC_LITERAL_INDEX; source-image IDs excluded. Not a semantic quantity inventory or numerical correction.
AB01-PDF0084-body-L025	84	"[""449"", ""9"", ""1057""]"	celeberrimus anno 449 (inc. 9 Mart. 1057) mortuus, duobus locis quos <n>von Kremer</n>,	AUTOMATIC_LITERAL_INDEX; source-image IDs excluded. Not a semantic quantity inventory or numerical correction.
AB01-PDF0084-body-L026	84	"[""1875"", ""77"", ""448""]"	<i>Culturgeschichte des Orients unter den Chalifen</i>, Wien 1875–77, t. II, p. 448 adducit.	AUTOMATIC_LITERAL_INDEX; source-image IDs excluded. Not a semantic quantity inventory or numerical correction.
AB01-PDF0084-body-L027	84	"[""1303"", ""155""]"	Alter est (= <i>Luzūm mā lā yalzam</i>, Bombay 1303 heg., p. 155):	AUTOMATIC_LITERAL_INDEX; source-image IDs excluded. Not a semantic quantity inventory or numerical correction.
AB01-PDF0084-body-L036	84	"[""281""]"	281, adn. <i>b</i>: Locus non ad <i>Tabulas Alphonsinas</i> pertinet, sed ad canones in easdem a <n>San-	AUTOMATIC_LITERAL_INDEX; source-image IDs excluded. Not a semantic quantity inventory or numerical correction.
AB01-PDF0084-body-L037	84	"[""7""]"	tritter</n> conscriptos; cfr. meam praefationem p. XXXVI, adn. 7.	AUTOMATIC_LITERAL_INDEX; source-image IDs excluded. Not a semantic quantity inventory or numerical correction.
AB01-PDF0084-body-L038	84	"[""286"", ""287""]"	286–287: Eosdem Ibn Rosteh numeros invenio apud <n>Thābit ibn Qorrah</n>, eius coaevum,	AUTOMATIC_LITERAL_INDEX; source-image IDs excluded. Not a semantic quantity inventory or numerical correction.
AB01-PDF0084-body-L039	84	"[""1""]"	in libello <i>in expositione Almagesti</i>, qui Latine tantum ac ineditus exstat (1). Nam mi-	AUTOMATIC_LITERAL_INDEX; source-image IDs excluded. Not a semantic quantity inventory or numerical correction.
AB01-PDF0084-body-L040	84	"[""33"", ""64"", ""167""]"	nimae distantiae sunt: Lunae 33 radiorum terrestrium, Mercurii 64, Veneris 167, Solis	AUTOMATIC_LITERAL_INDEX; source-image IDs excluded. Not a semantic quantity inventory or numerical correction.
AB01-PDF0084-body-L041	84	"[""1079"", ""1260"", ""8820"", ""14187""]"	1079, Martis 1260, Iovis 8820, Saturni 14187; sed maxima Saturni minimaque fixarum	AUTOMATIC_LITERAL_INDEX; source-image IDs excluded. Not a semantic quantity inventory or numerical correction.
AB01-PDF0084-notes_left-L001	84	"[""1""]"	(1) Duobus codicibus Venetis utor, quos in prae-	AUTOMATIC_LITERAL_INDEX; source-image IDs excluded. Not a semantic quantity inventory or numerical correction.
AB01-PDF0084-notes_left-L003	84	"[""14"", ""21""]"	lus f. 14,v.–21,v. codicis complectitur, distantiae et	AUTOMATIC_LITERAL_INDEX; source-image IDs excluded. Not a semantic quantity inventory or numerical correction.
AB01-PDF0084-notes_left-L004	84	"[""20""]"	moles f. 20,r.–v.; in B libellus, cui titulus <i>Thebith</i>	AUTOMATIC_LITERAL_INDEX; source-image IDs excluded. Not a semantic quantity inventory or numerical correction.
AB01-PDF0084-notes_right-L002	84	"[""49"", ""53""]"	quam legatur Almagester</i>, f. 49,v.,b–53,r.,b contine-	AUTOMATIC_LITERAL_INDEX; source-image IDs excluded. Not a semantic quantity inventory or numerical correction.
AB01-PDF0084-notes_right-L003	84	"[""52""]"	tur, distantiae et moles f. 52,r.–v.	AUTOMATIC_LITERAL_INDEX; source-image IDs excluded. Not a semantic quantity inventory or numerical correction.
AB01-PDF0085-body-L001	85	"[""17865"", ""19880"", ""20000"", ""166""]"	17865 (pro 19880 et 20000 Ibn Rosteh). Moles autem: Solis 166, fixarum primae ma-	AUTOMATIC_LITERAL_INDEX; source-image IDs excluded. Not a semantic quantity inventory or numerical correction.
AB01-PDF0085-body-L002	85	"[""94"", ""79"", ""1"", ""1"", ""2"", ""1"", ""87""]"	gnitudinis 94, Saturni et Iovis « quasi » 79, Martis « quasi » <m>1\,{}^1\!/_2</m>, Veneris « quasi » <m>{}^1\!/_{87}</m>,	AUTOMATIC_LITERAL_INDEX; source-image IDs excluded. Not a semantic quantity inventory or numerical correction.
AB01-PDF0085-body-L003	85	"[""1"", ""40"", ""1"", ""10"", ""1"", ""29680"", ""1"", ""29683""]"	Lunae <m>{}^1\!/_{40}</m> (A <m>{}^1\!/_{10}</m>), Mercurii <m>{}^1\!/_{29680}</m> (A <m>{}^1\!/_{29683}</m>). Unde haec omnia sumpserit non dicit.	AUTOMATIC_LITERAL_INDEX; source-image IDs excluded. Not a semantic quantity inventory or numerical correction.
AB01-PDF0085-body-L004	85	"[""54"", ""56""]"	Eodem codice B, f. 54,v.,b–56,v.,a, alius etiam libellus inest: « <i>Incipit liber Thebith	AUTOMATIC_LITERAL_INDEX; source-image IDs excluded. Not a semantic quantity inventory or numerical correction.
AB01-PDF0085-body-L009	85	"[""55""]"	lemaeo in eclipsibus repertas exponit; quo facto addit (f. 55,r.,a et b): « Dicit ergo <n>Ge-	AUTOMATIC_LITERAL_INDEX; source-image IDs excluded. Not a semantic quantity inventory or numerical correction.
AB01-PDF0085-body-L010	85	"[""2""]"	« ber</n> ostensum est per hoc proportio [sic] cuiuscumque 2. diametrorum luminarium ad	AUTOMATIC_LITERAL_INDEX; source-image IDs excluded. Not a semantic quantity inventory or numerical correction.
AB01-PDF0085-body-L013	85	"[""56"", ""3"", ""8""]"	aequatoris <m>56\,{}^3\!/_8</m> milliariorum sumpto). Calculi ratio a ratione quam Albatenius refert	AUTOMATIC_LITERAL_INDEX; source-image IDs excluded. Not a semantic quantity inventory or numerical correction.
AB01-PDF0085-body-L015	85	"[""56""]"	climatum Terrae exponit ad al-Farghānī fidem (« Alfragano » f. 56,r.,a); ultima verba	AUTOMATIC_LITERAL_INDEX; source-image IDs excluded. Not a semantic quantity inventory or numerical correction.
AB01-PDF0085-body-L016	85	"[""7"", ""4""]"	sunt: « Latitudo 7.<sup>i</sup> climatis est trium graduum et 4.<sup>e</sup> unius in celo, qui valent in terra	AUTOMATIC_LITERAL_INDEX; source-image IDs excluded. Not a semantic quantity inventory or numerical correction.
AB01-PDF0085-body-L017	85	"[""184"", ""185""]"	« 184. sed iste non est in terra, sed proximus ei maior scilicet ille 185. quia quoddam	AUTOMATIC_LITERAL_INDEX; source-image IDs excluded. Not a semantic quantity inventory or numerical correction.
AB01-PDF0085-body-L021	85	"[""1873"", ""337""]"	der</n>, <i>Thabit ben Korra</i>, in Zeitschrift für Mathematik und Physik, XVIII, 1873, p. 337.	AUTOMATIC_LITERAL_INDEX; source-image IDs excluded. Not a semantic quantity inventory or numerical correction.
AB01-PDF0085-body-L022	85	"[""291,7""]"	291,7 a f. (notis non supputatis): Alia exempla vocum <i>al-kātib</i> et <i>al-mukātib</i> pro Mercurio,	AUTOMATIC_LITERAL_INDEX; source-image IDs excluded. Not a semantic quantity inventory or numerical correction.
AB01-PDF0085-body-L025	85	"[""1313"", ""205"", ""1""]"	(ambo eodem tomo impressi Fez 1313 heg.; cfr. p. 205, adn. 1).	AUTOMATIC_LITERAL_INDEX; source-image IDs excluded. Not a semantic quantity inventory or numerical correction.
AB01-PDF0085-body-L026	85	"[""291"", ""3""]"	291, adn. 3: Codice Parisiensi fretus, libellum tribueram <n>az-Zarqālī</n>. At postea nonnulla ex	AUTOMATIC_LITERAL_INDEX; source-image IDs excluded. Not a semantic quantity inventory or numerical correction.
AB01-PDF0085-body-L027	85	"[""980""]"	eodem (olim cod. Sorb. 980) excerpta inveni apud <n>Steinschneider</n>, <i>Zum Speculum	AUTOMATIC_LITERAL_INDEX; source-image IDs excluded. Not a semantic quantity inventory or numerical correction.
AB01-PDF0085-body-L028	85	"[""1871"", ""390""]"	astronomicum</i>, in Zeitschr. f. Mathem. XVI, 1871, p. 390, qui ostendit Arçachel esse cor-	AUTOMATIC_LITERAL_INDEX; source-image IDs excluded. Not a semantic quantity inventory or numerical correction.
AB01-PDF0085-body-L029	85	"[""1""]"	ruptum ex <n>Zahel</n>, i. e. <n>Sahl ibn Bishr</n> (1). In exemplar Parisiense nonnulla irrepserunt	AUTOMATIC_LITERAL_INDEX; source-image IDs excluded. Not a semantic quantity inventory or numerical correction.
AB01-PDF0085-body-L031	85	"[""194"", ""69""]"	codice Bibliothecae Laurentianae (Florentiae), nota « S. Marco 194 » insignito (f. 69,r.–	AUTOMATIC_LITERAL_INDEX; source-image IDs excluded. Not a semantic quantity inventory or numerical correction.
AB01-PDF0085-body-L032	85	"[""87"", ""2""]"	–87,v.), Steinschneiderianis (2) addere. Initium est: « Incipit <i>liber arçachelis introducto-	AUTOMATIC_LITERAL_INDEX; source-image IDs excluded. Not a semantic quantity inventory or numerical correction.
AB01-PDF0085-notes_left-L001	85	"[""1"", ""15""]"	(1) De quo <n>Suter</n>, <i>Die Mathematiker</i>, p. 15,	AUTOMATIC_LITERAL_INDEX; source-image IDs excluded. Not a semantic quantity inventory or numerical correction.
AB01-PDF0085-notes_left-L002	85	"[""26""]"	nr. 26; <n>Steinschneider</n>, <i>Die arabische Litte-	AUTOMATIC_LITERAL_INDEX; source-image IDs excluded. Not a semantic quantity inventory or numerical correction.
AB01-PDF0085-notes_left-L003	85	"[""1902"", ""23"", ""32""]"	ratur der Juden</i>, Frankfurt a. M. 1902, p. 23-32.	AUTOMATIC_LITERAL_INDEX; source-image IDs excluded. Not a semantic quantity inventory or numerical correction.
AB01-PDF0085-notes_left-L004	85	"[""2"", ""16208""]"	(2) Numerum codicis Parisiensis 16208 recte	AUTOMATIC_LITERAL_INDEX; source-image IDs excluded. Not a semantic quantity inventory or numerical correction.
AB01-PDF0085-notes_right-L001	85	"[""510""]"	praebet <n>Steinschneider</n> ad <n>Baldi</n> p. 510,	AUTOMATIC_LITERAL_INDEX; source-image IDs excluded. Not a semantic quantity inventory or numerical correction.
AB01-PDF0085-notes_right-L002	85	"[""70"", ""16008""]"	at extr. p. 70 perperam 16008; unde error etiam in	AUTOMATIC_LITERAL_INDEX; source-image IDs excluded. Not a semantic quantity inventory or numerical correction.
AB01-PDF0085-notes_right-L003	85	"[""36"", ""108""]"	<i>Études sur Zarkali</i>, Bullett. XX, 36 (= 108 libri	AUTOMATIC_LITERAL_INDEX; source-image IDs excluded. Not a semantic quantity inventory or numerical correction.
AB01-PDF0086-body-L001	86	"[""1""]"	<i>signorum fixorum, mobilium et communium</i> (1); <i>De faciebus signorum</i> (subiecta	AUTOMATIC_LITERAL_INDEX; source-image IDs excluded. Not a semantic quantity inventory or numerical correction.
AB01-PDF0086-body-L004	86	"[""2""]"	litate</i> (2).	AUTOMATIC_LITERAL_INDEX; source-image IDs excluded. Not a semantic quantity inventory or numerical correction.
AB01-PDF0086-body-L007	86	"[""114""]"	Congruunt haec et sequentia cum editione impressa, f. 114,r.,b, usque ad finem capitis	AUTOMATIC_LITERAL_INDEX; source-image IDs excluded. Not a semantic quantity inventory or numerical correction.
AB01-PDF0086-body-L009	86	"[""50""]"	« cipit <i>secundus</i> in quo distinguuntur 50 capitula. et de principalitate significationis lune	AUTOMATIC_LITERAL_INDEX; source-image IDs excluded. Not a semantic quantity inventory or numerical correction.
AB01-PDF0086-body-L012	86	"[""114"", ""115""]"	« hoc totum »; omnino congruit cum editione f. 114,r.,b–115,v.,a, in qua haec pars inscri-	AUTOMATIC_LITERAL_INDEX; source-image IDs excluded. Not a semantic quantity inventory or numerical correction.
AB01-PDF0086-body-L013	86	"[""50""]"	bitur: <i>Incipiunt <glyph>AB01-PDF0086-G01</glyph> iudicia et sunt 50.</i>	AUTOMATIC_LITERAL_INDEX; source-image IDs excluded. Not a semantic quantity inventory or numerical correction.
AB01-PDF0086-body-L014	86	"[""72""]"	Codex (f. 72,r.) ita pergit: « Explicit <i>secundus.</i> Sequitur <i>de planetarum obsidio-	AUTOMATIC_LITERAL_INDEX; source-image IDs excluded. Not a semantic quantity inventory or numerical correction.
AB01-PDF0086-body-L017	86	"[""114""]"	edit. f. 114,r.,a. Postea <i>De planetarum significationibus; De expositionibus modorum;	AUTOMATIC_LITERAL_INDEX; source-image IDs excluded. Not a semantic quantity inventory or numerical correction.
AB01-PDF0086-body-L018	86	"[""72""]"	De planetarum orbibus</i>, etc. usque ad finem f. 72,v.; quae capita omnia sunt in edit.	AUTOMATIC_LITERAL_INDEX; source-image IDs excluded. Not a semantic quantity inventory or numerical correction.
AB01-PDF0086-body-L019	86	"[""112"", ""113""]"	f. 112,r.,b–113,v.,b, licet priorum inscriptiones interdum differant (edit.: <i>de effectu et de-	AUTOMATIC_LITERAL_INDEX; source-image IDs excluded. Not a semantic quantity inventory or numerical correction.
AB01-PDF0086-body-L021	86	"[""73""]"	His absolutis codex f. 73,r.–v. praebet <i>significationes</i> cuiusque domus, et <i>loca di-	AUTOMATIC_LITERAL_INDEX; source-image IDs excluded. Not a semantic quantity inventory or numerical correction.
AB01-PDF0086-body-L022	86	"[""111"", ""112""]"	gniora circuli et laudabiliora</i>, quae in edit. f. 111,v.,b–112,r.,b exponuntur. Deinde duo	AUTOMATIC_LITERAL_INDEX; source-image IDs excluded. Not a semantic quantity inventory or numerical correction.
AB01-PDF0086-body-L023	86	"[""10""]"	capita: <i>De 10 modis quibus luna impeditur</i>, et <i>De lune alteratione ex aliorum pla-	AUTOMATIC_LITERAL_INDEX; source-image IDs excluded. Not a semantic quantity inventory or numerical correction.
AB01-PDF0086-body-L024	86	"[""114""]"	netarum coniunctione et separatione</i>, quae in edit. f. 114,r.,a, in unum conflata sunt,	AUTOMATIC_LITERAL_INDEX; source-image IDs excluded. Not a semantic quantity inventory or numerical correction.
AB01-PDF0086-body-L025	86	"[""74""]"	cui titulus: <i>De vitijs lune et eius malo esse.</i> At desunt in edit. quae postea, f. 74,r.–v.,	AUTOMATIC_LITERAL_INDEX; source-image IDs excluded. Not a semantic quantity inventory or numerical correction.
AB01-PDF0086-body-L031	86	"[""75""]"	F. 75,r. codicis haec sunt: « <i>Iudiciorum arabum liber</i> incipit et primum de modo	AUTOMATIC_LITERAL_INDEX; source-image IDs excluded. Not a semantic quantity inventory or numerical correction.
AB01-PDF0086-body-L033	86	"[""87""]"	« predixi tibi ». Explicit f. 87,v.: « quod pertinet ad eamdem domum et omnes res illius ».	AUTOMATIC_LITERAL_INDEX; source-image IDs excluded. Not a semantic quantity inventory or numerical correction.
AB01-PDF0086-body-L034	86	"[""115"", ""125""]"	Est igitur libri pars quae in edit. f. 115,v.,a–125,v.,a complectitur, ac titulum: « Sequitur	AUTOMATIC_LITERAL_INDEX; source-image IDs excluded. Not a semantic quantity inventory or numerical correction.
AB01-PDF0086-notes_left-L001	86	"[""1""]"	(1) Fortasse hoc caput est prima pars <i>Intro-	AUTOMATIC_LITERAL_INDEX; source-image IDs excluded. Not a semantic quantity inventory or numerical correction.
AB01-PDF0086-notes_left-L004	86	"[""1519"", ""111""]"	Quadripartito Ptolemaei, Venetiis 1519, f. 111,v.,a.	AUTOMATIC_LITERAL_INDEX; source-image IDs excluded. Not a semantic quantity inventory or numerical correction.
AB01-PDF0086-notes_left-L005	86	"[""12""]"	Haec editio enim incipit: « Scito quod signa sunt 12,	AUTOMATIC_LITERAL_INDEX; source-image IDs excluded. Not a semantic quantity inventory or numerical correction.
AB01-PDF0086-notes_left-L006	86	"[""6""]"	« ex eis 6 sunt masculina »; quibus verbis quoque	AUTOMATIC_LITERAL_INDEX; source-image IDs excluded. Not a semantic quantity inventory or numerical correction.
AB01-PDF0086-notes_right-L001	86	"[""238"", ""185""]"	<i>ǵīm</i> (Catal. Kahirensis, t. VII, p. 238, miscellan. 185, I),	AUTOMATIC_LITERAL_INDEX; source-image IDs excluded. Not a semantic quantity inventory or numerical correction.
AB01-PDF0086-notes_right-L002	86	"[""268""]"	<i>kitāb fī ’l-aḥkām fī ‘ilm al-mīqāt</i> (ibid. t. V, p. 268,	AUTOMATIC_LITERAL_INDEX; source-image IDs excluded. Not a semantic quantity inventory or numerical correction.
AB01-PDF0086-notes_right-L003	86	"[""9""]"	mīqāt nr. 9), <i>kitāb al-aḥkām ‘alà ’n-naṣabah</i> (?)	AUTOMATIC_LITERAL_INDEX; source-image IDs excluded. Not a semantic quantity inventory or numerical correction.
AB01-PDF0086-notes_right-L004	86	"[""116""]"	<i>al-falakiyyah</i> (Lipsiae, Rifā‘iyyah nr. 116).	AUTOMATIC_LITERAL_INDEX; source-image IDs excluded. Not a semantic quantity inventory or numerical correction.
AB01-PDF0086-notes_right-L005	86	"[""2""]"	(2) Haec duo ultima capita fortasse sunt quae	AUTOMATIC_LITERAL_INDEX; source-image IDs excluded. Not a semantic quantity inventory or numerical correction.
AB01-PDF0086-notes_right-L006	86	"[""113""]"	in edit. f. 113,v.,b exstant, iisdem inscriptionibus in-	AUTOMATIC_LITERAL_INDEX; source-image IDs excluded. Not a semantic quantity inventory or numerical correction.
AB01-PDF0087-body-L001	87	"[""1875"", ""263"", ""309""]"	Leipzig 1875, p. 263–309), iuxta codicem Lipsiensem inscriptum « Librum iudiciorum »	AUTOMATIC_LITERAL_INDEX; source-image IDs excluded. Not a semantic quantity inventory or numerical correction.
AB01-PDF0087-body-L006	87	"[""775"", ""18""]"	lung zu Erfurt</i>, p. 775, Duodez nr. 18, III) falso quoque « <n>Azarchelis</n> <i>lib. introdu-	AUTOMATIC_LITERAL_INDEX; source-image IDs excluded. Not a semantic quantity inventory or numerical correction.
AB01-PDF0087-body-L007	87	"[""12""]"	« ctorius</i> » inscripto, cuius prima verba: « Scito quod signa sunt 12 », sicut in editione	AUTOMATIC_LITERAL_INDEX; source-image IDs excluded. Not a semantic quantity inventory or numerical correction.
AB01-PDF0087-body-L009	87	"[""292"", ""293""]"	292–293: Nescio unde notitiam sumpserit <n>Gherardus a Sabloneta</n> (vide locum in mea	AUTOMATIC_LITERAL_INDEX; source-image IDs excluded. Not a semantic quantity inventory or numerical correction.
AB01-PDF0087-body-L010	87	"[""60"", ""4""]"	praefat. p. XXXV–VI), Albatenium dixisse stellas fixas uno gradu in 60 annis et 4 mensi-	AUTOMATIC_LITERAL_INDEX; source-image IDs excluded. Not a semantic quantity inventory or numerical correction.
AB01-PDF0087-body-L011	87	"[""440"", ""20""]"	bus moveri. Error etiam apud <n>Baldi</n> p. 440 (extr. p. 20).	AUTOMATIC_LITERAL_INDEX; source-image IDs excluded. Not a semantic quantity inventory or numerical correction.
AB01-PDF0087-body-L012	87	"[""293"", ""5"", ""97"", ""25"", ""97""]"	293, adn. 5, pro <i>p. 97</i>, l. <i>p. 25 (seu 97 libri seorsum editi)</i>.	AUTOMATIC_LITERAL_INDEX; source-image IDs excluded. Not a semantic quantity inventory or numerical correction.
AB01-PDF0087-body-L013	87	"[""297,18""]"	297,18: Stationum lunarium in prognosticis astrologicis usum exponunt <n>Albohazen Haly</n>,	AUTOMATIC_LITERAL_INDEX; source-image IDs excluded. Not a semantic quantity inventory or numerical correction.
AB01-PDF0087-body-L014	87	"[""1571"", ""101"", ""342"", ""46""]"	<i>De iudiciis astrorum</i>, Basileae 1571, pars VII, cap. 101, p. 342–46 (« de electionibus	AUTOMATIC_LITERAL_INDEX; source-image IDs excluded. Not a semantic quantity inventory or numerical correction.
AB01-PDF0087-body-L016	87	"[""1291"", ""16"", ""24"", ""23"", ""24""]"	tiis magicis), [Kahirae] 1291 heg., t. I, p. 16–24, qui etiam (p. 23–24) excerpta praebet	AUTOMATIC_LITERAL_INDEX; source-image IDs excluded. Not a semantic quantity inventory or numerical correction.
AB01-PDF0087-body-L021	87	"[""297""]"	297,<i>e</i>: Duo exempla vocis <i>mizāǵ</i> hoc sensu usurpatae, apud <n>Steinschneider</n>, <i>Zur Gesch.	AUTOMATIC_LITERAL_INDEX; source-image IDs excluded. Not a semantic quantity inventory or numerical correction.
AB01-PDF0087-body-L023	87	"[""1871"", ""400""]"	schaft, t. XXV, 1871, p. 400; qui praeterea <i>mimsāk kōl kōkāb</i> « mixtionem cuiusque	AUTOMATIC_LITERAL_INDEX; source-image IDs excluded. Not a semantic quantity inventory or numerical correction.
AB01-PDF0087-body-L025	87	"[""1167""]"	bruario 1167) occurrere. Sed falso <i>al-mumāzaǵāt</i> (titulum cuiusdam libri Abū Ma‘shar	AUTOMATIC_LITERAL_INDEX; source-image IDs excluded. Not a semantic quantity inventory or numerical correction.
AB01-PDF0087-body-L028	87	"[""129""]"	vicem (oppositio, quadratura, trinus, sextilis), de quibus <n>al-Battānī</n> cap. LIV, p. 129 sqq.	AUTOMATIC_LITERAL_INDEX; source-image IDs excluded. Not a semantic quantity inventory or numerical correction.
AB01-PDF0087-body-L029	87	"[""154""]"	— In edit. Lippert p. 154, ex aliorum fortasse codicum auctoritate, titulus illius libri	AUTOMATIC_LITERAL_INDEX; source-image IDs excluded. Not a semantic quantity inventory or numerical correction.
AB01-PDF0087-body-L030	87	"[""277"", ""17"", ""32""]"	Abū Ma‘shar est <i>al-mizāǵāt</i>, sicut apud <n>an-Nadīm</n> p. 277, l. 17 (in vers. Suter p. 32:	AUTOMATIC_LITERAL_INDEX; source-image IDs excluded. Not a semantic quantity inventory or numerical correction.
AB01-PDF0087-body-L036	87	"[""301,16"", ""24""]"	301,16: Titulus libri Ptolemaei ab al-Bīrūnī memorati, congruit cum nr. 24 operum a <n>Ghe-	AUTOMATIC_LITERAL_INDEX; source-image IDs excluded. Not a semantic quantity inventory or numerical correction.
AB01-PDF0087-body-L037	87	"[""1""]"	rardo Cremonensi</n> ex Arabico translatorum, iuxta catalogum a Boncompagni (1) edi-	AUTOMATIC_LITERAL_INDEX; source-image IDs excluded. Not a semantic quantity inventory or numerical correction.
AB01-PDF0087-body-L039	87	"[""69"", ""70""]"	(<i>al-madkhal ilà ’ṣ-ṣinā‘ah al-kurriyyah</i>) locum affert <n>al-Mas‘ūdī</n>, <i>Tanbīh</i>, p. 69–70.	AUTOMATIC_LITERAL_INDEX; source-image IDs excluded. Not a semantic quantity inventory or numerical correction.
AB01-PDF0087-body-L040	87	"[""301"", ""302""]"	301–302: Tribus aliis codicibus collatis, quos p. LXVIII recensui, meliores illius loci <n>Thābit	AUTOMATIC_LITERAL_INDEX; source-image IDs excluded. Not a semantic quantity inventory or numerical correction.
AB01-PDF0087-notes_full-L001	87	"[""1"", ""1851"", ""5""]"	(1) <i>Della vita e delle opere di Gherardo Cremonese</i>, Roma 1851, p. 5 (ex t. IV Atti dell’Accademia	AUTOMATIC_LITERAL_INDEX; source-image IDs excluded. Not a semantic quantity inventory or numerical correction.
AB01-PDF0088-body-L002	88	"[""90""]"	« 90 gradus sui circuli parvi ab aequatore diei in duabus partibus septentrionis et me-	AUTOMATIC_LITERAL_INDEX; source-image IDs excluded. Not a semantic quantity inventory or numerical correction.
AB01-PDF0088-body-L004	88	"[""301"", ""302"", ""301""]"	« est quod..... ». Sequuntur quae impressa sunt p. 301–302. In iis p. 301, ult. l., pro « <i>re-	AUTOMATIC_LITERAL_INDEX; source-image IDs excluded. Not a semantic quantity inventory or numerical correction.
AB01-PDF0088-body-L005	88	"[""302"", ""1"", ""2"", ""3""]"	« cepit</i> », A, B, F « <i>reperit</i> »; p. 302, l. 1, pro « <i>quatenus</i> » « <i>quoniam</i> »; l. 2–3 pro	AUTOMATIC_LITERAL_INDEX; source-image IDs excluded. Not a semantic quantity inventory or numerical correction.
AB01-PDF0088-body-L007	88	"[""300""]"	« cundum [om. A, V] Abrachis in 300 fere annis fere diem unum in tempore anni ».	AUTOMATIC_LITERAL_INDEX; source-image IDs excluded. Not a semantic quantity inventory or numerical correction.
AB01-PDF0088-body-L008	88	"[""6"", ""7"", ""8"", ""9""]"	L. 6 recte A, B « <i>aequatori</i> »; l. 7-8, vera lectio « <i>necessario igitur facta est</i> »; l. 9	AUTOMATIC_LITERAL_INDEX; source-image IDs excluded. Not a semantic quantity inventory or numerical correction.
AB01-PDF0088-body-L009	88	"[""10""]"	melius A, B, F « <i>non procedere secundum</i> », postea vera lectio « <i>proportionem</i> »; l. 10	AUTOMATIC_LITERAL_INDEX; source-image IDs excluded. Not a semantic quantity inventory or numerical correction.
AB01-PDF0088-body-L010	88	"[""13""]"	« <i>si ergo fuerit</i> », et in fine lineae A, B, F recte « <i>tunc</i> » pro « <i>et</i> »; l. 13, A, B, F	AUTOMATIC_LITERAL_INDEX; source-image IDs excluded. Not a semantic quantity inventory or numerical correction.
AB01-PDF0088-body-L012	88	"[""305"", ""306"", ""28""]"	305–306: <n>Al-Būnī</n> I, 28, post moles septem planetarum indicatas, narrat: « Nostrorum sa-	AUTOMATIC_LITERAL_INDEX; source-image IDs excluded. Not a semantic quantity inventory or numerical correction.
AB01-PDF0088-body-L013	88	"[""15""]"	« pientum quidam dixit corpus (<i>ǵirm</i>) Solis 15 esse graduum ante totidemque retro, cor-	AUTOMATIC_LITERAL_INDEX; source-image IDs excluded. Not a semantic quantity inventory or numerical correction.
AB01-PDF0088-body-L014	88	"[""12"", ""8"", ""7""]"	« pus Lunae 12 ante totidemque retro, Martis 8 ante totidemque retro, Veneris 7 ante	AUTOMATIC_LITERAL_INDEX; source-image IDs excluded. Not a semantic quantity inventory or numerical correction.
AB01-PDF0088-body-L018	88	"[""309"", ""2""]"	309, adn. 2: Titulum libri Hermetis esse <i>al-‘arḍ</i> « librum latitudinis », ex eo patet quod	AUTOMATIC_LITERAL_INDEX; source-image IDs excluded. Not a semantic quantity inventory or numerical correction.
AB01-PDF0088-body-L019	88	"[""267""]"	<n>an-Nadīm</n>, <i>al-Fihrist</i> p. 267, Hermetis memorat <ar>كتاب عرض مفتاح النجوم الاول</ar> « librum	AUTOMATIC_LITERAL_INDEX; source-image IDs excluded. Not a semantic quantity inventory or numerical correction.
AB01-PDF0088-body-L021	88	"[""1""]"	« longitudinis clavis stellarum » (1). In titulo secundi libri apud <n>Ibn al-Qifṭī</n> ed. Lip-	AUTOMATIC_LITERAL_INDEX; source-image IDs excluded. Not a semantic quantity inventory or numerical correction.
AB01-PDF0088-body-L022	88	"[""349""]"	pert p. 349, vox <ar>طول</ar> « longitudinis » omittitur. — In versione commentarii ‘Alī ibn Riḍ-	AUTOMATIC_LITERAL_INDEX; source-image IDs excluded. Not a semantic quantity inventory or numerical correction.
AB01-PDF0088-body-L024	88	"[""473"", ""43""]"	locos collegit <n>Steinschneider</n> ad <n>Baldi</n> p. 473 (minus bene in extr. p. 43).	AUTOMATIC_LITERAL_INDEX; source-image IDs excluded. Not a semantic quantity inventory or numerical correction.
AB01-PDF0088-body-L025	88	"[""309"", ""5""]"	309, adn. 5, pro <i>Reiss</i> l. <i>Riess</i>.	AUTOMATIC_LITERAL_INDEX; source-image IDs excluded. Not a semantic quantity inventory or numerical correction.
AB01-PDF0088-body-L026	88	"[""309"", ""310""]"	309–310: Rationem <n>Valentis</n> in radiationibus a Ptolemaica non differre testantur <n>az-Zar-	AUTOMATIC_LITERAL_INDEX; source-image IDs excluded. Not a semantic quantity inventory or numerical correction.
AB01-PDF0088-body-L031	88	"[""360""]"	At in indice capitum libri <i>al-bāri‘</i>, cuius auctor <n>Abū Naṣr al-Qummī</n> (circa 360 heg.,	AUTOMATIC_LITERAL_INDEX; source-image IDs excluded. Not a semantic quantity inventory or numerical correction.
AB01-PDF0088-body-L032	88	"[""971"", ""148"", ""5661""]"	971 Chr.), apud <n>Ahlwardt</n>, <i>Verzeichniss</i>, t. V, p. 148,b, nr. 5661, duo capita occur-	AUTOMATIC_LITERAL_INDEX; source-image IDs excluded. Not a semantic quantity inventory or numerical correction.
AB01-PDF0088-body-L035	88	"[""322"", ""63""]"	322, in fine adn. <i>a</i>: Re vera in Hispanica versione (cui quoque hae adpendices desunt), f. 63,v.,	AUTOMATIC_LITERAL_INDEX; source-image IDs excluded. Not a semantic quantity inventory or numerical correction.
AB01-PDF0088-body-L039	88	"[""326""]"	326: Apud Arabes Orientales verbum « <i>denominare</i> » nonnisi in fractionibus usurpari vide-	AUTOMATIC_LITERAL_INDEX; source-image IDs excluded. Not a semantic quantity inventory or numerical correction.
AB01-PDF0088-body-L040	88	"[""2"", ""42"", ""6""]"	tur; ita in Algebra <n>‘Omar al-Khayyāmī</n> (2), p. 42, l. 6 textus: <ar>فان جزء كل عدد هو	AUTOMATIC_LITERAL_INDEX; source-image IDs excluded. Not a semantic quantity inventory or numerical correction.
AB01-PDF0088-body-L041	88	"[""69""]"	الجزء المسمى لذلك العدد كالثلث من الثلاثة</ar> (p. 69 vers.: « la partie d’un nombre est la partie dé-	AUTOMATIC_LITERAL_INDEX; source-image IDs excluded. Not a semantic quantity inventory or numerical correction.
AB01-PDF0088-notes_left-L001	88	"[""1"", ""19""]"	(1) In versione <n>Suter</n> p. 19: « Ueber die Breite,	AUTOMATIC_LITERAL_INDEX; source-image IDs excluded. Not a semantic quantity inventory or numerical correction.
AB01-PDF0088-notes_right-L001	88	"[""2""]"	(2) <i>L’Algèbre d’</i><n>Omar Alkhayyâmî</n> <i>pu-	AUTOMATIC_LITERAL_INDEX; source-image IDs excluded. Not a semantic quantity inventory or numerical correction.
AB01-PDF0088-notes_right-L003	88	"[""1851""]"	scrits inédits par F. Woepcke</i>, Paris 1851.	AUTOMATIC_LITERAL_INDEX; source-image IDs excluded. Not a semantic quantity inventory or numerical correction.
AB01-PDF0089-body-L001	89	"[""8""]"	« nommée d’après ce nombre, comme le tiers d’après trois »); ibid. l. 8: <ar>وكذلك جزء المال	AUTOMATIC_LITERAL_INDEX; source-image IDs excluded. Not a semantic quantity inventory or numerical correction.
AB01-PDF0089-body-L005	89	"[""1857""]"	(Trattati d’aritmetica pubblicati da B. Boncompagni, Roma 1857, fasc. II), ex Arabicis	AUTOMATIC_LITERAL_INDEX; source-image IDs excluded. Not a semantic quantity inventory or numerical correction.
AB01-PDF0089-body-L006	89	"[""49""]"	scriptis hausto, p. 49: « Licet cuiuslibet numeri partium denominatio possit fieri infinitis	AUTOMATIC_LITERAL_INDEX; source-image IDs excluded. Not a semantic quantity inventory or numerical correction.
AB01-PDF0089-body-L008	89	"[""55"", ""70""]"	« num facere a sexaginta »; complura alia exempla p. 55–70.	AUTOMATIC_LITERAL_INDEX; source-image IDs excluded. Not a semantic quantity inventory or numerical correction.
AB01-PDF0089-body-L009	89	"[""326"", ""27""]"	De voce <i>nisbah</i> « ratione » eodem quo <i>tasmiyah</i> sensu adhibita, breviter p. 326–27	AUTOMATIC_LITERAL_INDEX; source-image IDs excluded. Not a semantic quantity inventory or numerical correction.
AB01-PDF0089-body-L013	89	"[""1""]"	« de cognitione rationis numeri ad numerum » i. e. de dividendo minore per maiorem (1).	AUTOMATIC_LITERAL_INDEX; source-image IDs excluded. Not a semantic quantity inventory or numerical correction.
AB01-PDF0089-body-L014	89	"[""2""]"	Eodem sensu <n>Abrāhām ibn ‘Ezrā</n> (XII saec.) vocem <i>‘ērek</i> « rationem » usurpat (2).	AUTOMATIC_LITERAL_INDEX; source-image IDs excluded. Not a semantic quantity inventory or numerical correction.
AB01-PDF0089-notes_left-L001	89	"[""1""]"	(1) Apud <n>Steinschneider</n>, <i>Abraham ibn	AUTOMATIC_LITERAL_INDEX; source-image IDs excluded. Not a semantic quantity inventory or numerical correction.
AB01-PDF0089-notes_left-L003	89	"[""1880"", ""108""]"	t. III, 1880, p. 108, qui sensum vocis non intellexit.	AUTOMATIC_LITERAL_INDEX; source-image IDs excluded. Not a semantic quantity inventory or numerical correction.
AB01-PDF0089-notes_right-L001	89	"[""2"", ""101"", ""157"", ""108"", ""184""]"	(2) Ibid. p. 101, adn. 157, et p. 108, adn. 184;	AUTOMATIC_LITERAL_INDEX; source-image IDs excluded. Not a semantic quantity inventory or numerical correction.
