anchor	master_pdf_page	printed_page	source_id	section	role	record_kind	locator_type	pixel_line_bbox	source_markup
AB01-PDF0090-body-L001	90	1	SRC01	body	NALLINO_TRANSLATION	source_text_line	page + manually delimited zone + ordinal source line/object	NOT_ASSERTED	<center><b>AL-BATTĀNĪ <small>SIVE</small> ALBATENII</b></center>
AB01-PDF0090-body-L002	90	1	SRC01	body	NALLINO_TRANSLATION	source_text_line	page + manually delimited zone + ordinal source line/object	NOT_ASSERTED	<center><b>OPUS ASTRONOMICUM</b></center>
AB01-PDF0090-body-L003	90	1	SRC01	body	NALLINO_TRANSLATION	source_text_line	page + manually delimited zone + ordinal source line/object	NOT_ASSERTED	<center>In nomine Dei clementis et misericordis.</center>
AB01-PDF0090-body-L004	90	1	SRC01	body	NALLINO_TRANSLATION	source_text_line	page + manually delimited zone + ordinal source line/object	NOT_ASSERTED	<center>Propitius est Deus et salutem praestat Muḥammadi suo prophetae</center>
AB01-PDF0090-body-L005	90	1	SRC01	body	NALLINO_TRANSLATION	source_text_line	page + manually delimited zone + ordinal source line/object	NOT_ASSERTED	<center>nobilique legato, nec non eius genti et sociis.</center>
AB01-PDF0090-body-L006	90	1	SRC01	body	NALLINO_TRANSLATION	source_text_line	page + manually delimited zone + ordinal source line/object	NOT_ASSERTED	Summa rerum quas <i>Muḥammad ibn Ġābir ibn Sinān al-Ḥarrānī</i>, <n>al-Battānī</n> no-
AB01-PDF0090-body-L007	90	1	SRC01	body	NALLINO_TRANSLATION	source_text_line	page + manually delimited zone + ordinal source line/object	NOT_ASSERTED	mine notus, — ignoscat ei Deus, — de calculo siderum et locis eorum probatorum motuum
AB01-PDF0090-body-L008	90	1	SRC01	body	NALLINO_TRANSLATION	source_text_line	page + manually delimited zone + ordinal source line/object	NOT_ASSERTED	posuit. Sunt LVII capita, quorum haec est epitome:
AB01-PDF0090-body-L009	90	1	SRC01	body	NALLINO_TRANSLATION	source_text_line	page + manually delimited zone + ordinal source line/object	NOT_ASSERTED	I. Libri initium.
AB01-PDF0090-body-L010	90	1	SRC01	body	NALLINO_TRANSLATION	source_text_line	page + manually delimited zone + ordinal source line/object	NOT_ASSERTED	II. De circulo sphaerae caelestis dividendo, nec non de graduum multiplicatione, radicibus
AB01-PDF0090-body-L011	90	1	SRC01	body	NALLINO_TRANSLATION	source_text_line	page + manually delimited zone + ordinal source line/object	NOT_ASSERTED	et divisione.
AB01-PDF0090-body-L012	90	1	SRC01	body	NALLINO_TRANSLATION	source_text_line	page + manually delimited zone + ordinal source line/object	NOT_ASSERTED	III. De chordarum dimensione quae gradibus circuli subtenduntur; de chordis dimidiatis
AB01-PDF0090-body-L013	90	1	SRC01	body	NALLINO_TRANSLATION	source_text_line	page + manually delimited zone + ordinal source line/object	NOT_ASSERTED	duplorum arcuum (1) in tabulis ponendis, ac de earum usu (2).
AB01-PDF0090-body-L014	90	1	SRC01	body	NALLINO_TRANSLATION	source_text_line	page + manually delimited zone + ordinal source line/object	NOT_ASSERTED	IV. De obliquitate eclipticae respectu circuli aequinoctialis, quae est declinatio Solis a
AB01-PDF0090-body-L015	90	1	SRC01	body	NALLINO_TRANSLATION	source_text_line	page + manually delimited zone + ordinal source line/object	NOT_ASSERTED	sphaera recta; de eius divisione, plaga in Caelo, ordinibusque in ascensu et descensu.
AB01-PDF0090-body-L016	90	1	SRC01	body	NALLINO_TRANSLATION	source_text_line	page + manually delimited zone + ordinal source line/object	NOT_ASSERTED	V. De quantitatibus circuli aequinoctialis, quae cum datis eclipticae arcubus [in locis Ter-
AB01-PDF0090-body-L017	90	1	SRC01	body	NALLINO_TRANSLATION	source_text_line	page + manually delimited zone + ordinal source line/object	NOT_ASSERTED	rae] sub aequatore [positis] ascendunt, et secundum quas zodiaci signa per circulum meridia-
AB01-PDF0090-body-L018	90	1	SRC01	body	NALLINO_TRANSLATION	source_text_line	page + manually delimited zone + ordinal source line/object	NOT_ASSERTED	num omnibus Terrae locis transeunt; qua re appellantur ascensiones signorum in sphaera recta,
AB01-PDF0090-body-L019	90	1	SRC01	body	NALLINO_TRANSLATION	source_text_line	page + manually delimited zone + ordinal source line/object	NOT_ASSERTED	VI. De proprietatibus linearum aequatori parallelarum et ab eo in septentriones versus
AB01-PDF0090-body-L020	90	1	SRC01	body	NALLINO_TRANSLATION	source_text_line	page + manually delimited zone + ordinal source line/object	NOT_ASSERTED	declinantium; nec non de locis Terrae habitabilis, quorum longitudines et latitudines in <i>Libro
AB01-PDF0090-body-L021	90	1	SRC01	body	NALLINO_TRANSLATION	source_text_line	page + manually delimited zone + ordinal source line/object	NOT_ASSERTED	figurae Terrae</i> describuntur.
AB01-PDF0090-notes_left-L001	90	1	SRC01	notes_left	NALLINO_APPARATUS	source_text_line	page + manually delimited zone + ordinal source line/object	NOT_ASSERTED	(1) I. e. de sinibus.
AB01-PDF0090-notes_left-L002	90	1	SRC01	notes_left	NALLINO_APPARATUS	source_text_line	page + manually delimited zone + ordinal source line/object	NOT_ASSERTED	(2) Textum uberiorem Plato Tiburtinus prae
AB01-PDF0090-notes_left-L003	90	1	SRC01	notes_left	NALLINO_APPARATUS	source_text_line	page + manually delimited zone + ordinal source line/object	NOT_ASSERTED	oculis habuisse videtur; scribit enim: « in cognitione
AB01-PDF0090-notes_left-L004	90	1	SRC01	notes_left	NALLINO_APPARATUS	source_text_line	page + manually delimited zone + ordinal source line/object	NOT_ASSERTED	« quantitatum chordarum partium circuli et in po-
AB01-PDF0090-notes_left-L005	90	1	SRC01	notes_left	NALLINO_APPARATUS	source_text_line	page + manually delimited zone + ordinal source line/object	NOT_ASSERTED	« sitione medietatum cordarum duplicitatis arcus in
AB01-PDF0090-notes_left-L006	90	1	SRC01	notes_left	NALLINO_APPARATUS	source_text_line	page + manually delimited zone + ordinal source line/object	NOT_ASSERTED	« tabulis, ut usu exercitentur in omnibus numero-
AB01-PDF0090-notes_right-L001	90	1	SRC01	notes_right	NALLINO_APPARATUS	source_text_line	page + manually delimited zone + ordinal source line/object	NOT_ASSERTED	« rum manerijs loco cordarum, et in his quae se-
AB01-PDF0090-notes_right-L002	90	1	SRC01	notes_right	NALLINO_APPARATUS	source_text_line	page + manually delimited zone + ordinal source line/object	NOT_ASSERTED	« cuntur ad cordarum notitiam, nec non in scientia
AB01-PDF0090-notes_right-L003	90	1	SRC01	notes_right	NALLINO_APPARATUS	source_text_line	page + manually delimited zone + ordinal source line/object	NOT_ASSERTED	« cordarum convenientium per arcus, et arcuum con-
AB01-PDF0090-notes_right-L004	90	1	SRC01	notes_right	NALLINO_APPARATUS	source_text_line	page + manually delimited zone + ordinal source line/object	NOT_ASSERTED	« venientium per cordas, cordarum quoque perfe-
AB01-PDF0090-notes_right-L005	90	1	SRC01	notes_right	NALLINO_APPARATUS	source_text_line	page + manually delimited zone + ordinal source line/object	NOT_ASSERTED	« ctarum per arcus et arcuum per cordas ».
AB01-PDF0090-margins-L001	90	1	SRC01	margins	NALLINO_APPARATUS	source_marginal_register	page + manually delimited zone + ordinal source line/object	NOT_ASSERTED	Textus p. 1.
AB01-PDF0090-margins-L002	90	1	SRC01	margins	NALLINO_APPARATUS	source_marginal_register	page + manually delimited zone + ordinal source line/object	NOT_ASSERTED	5; 10; 15.
AB01-PDF0090-margins-L003	90	1	SRC01	margins	NALLINO_APPARATUS	source_marginal_register	page + manually delimited zone + ordinal source line/object	NOT_ASSERTED	1 [signature]
AB01-PDF0091-body-L001	91	2	SRC01	body	NALLINO_TRANSLATION	source_text_line	page + manually delimited zone + ordinal source line/object	NOT_ASSERTED	VII. De amplitudine ortuum et occasuum hiemalium et aestivorum in horizontibus regio-
AB01-PDF0091-body-L002	91	2	SRC01	body	NALLINO_TRANSLATION	source_text_line	page + manually delimited zone + ordinal source line/object	NOT_ASSERTED	num Terrae; id est de arcubus circuli horizontalis inter aequatorem et eclipticam positis, qui
AB01-PDF0091-body-L003	91	2	SRC01	body	NALLINO_TRANSLATION	source_text_line	page + manually delimited zone + ordinal source line/object	NOT_ASSERTED	azimuth ortuum et occasuum in circulo horizontis appellantur.
AB01-PDF0091-body-L004	91	2	SRC01	body	NALLINO_TRANSLATION	source_text_line	page + manually delimited zone + ordinal source line/object	NOT_ASSERTED	VIII. De cognoscenda poli borealis altitudine ex incremento longissimi diei, cum hoc da-
AB01-PDF0091-body-L005	91	2	SRC01	body	NALLINO_TRANSLATION	source_text_line	page + manually delimited zone + ordinal source line/object	NOT_ASSERTED	tum sit.
AB01-PDF0091-body-L006	91	2	SRC01	body	NALLINO_TRANSLATION	source_text_line	page + manually delimited zone + ordinal source line/object	NOT_ASSERTED	IX. De cognoscendo incremento diei longissimi, cum data sit poli altitudo.
AB01-PDF0091-body-L007	91	2	SRC01	body	NALLINO_TRANSLATION	source_text_line	page + manually delimited zone + ordinal source line/object	NOT_ASSERTED	X. De cognitione altitudinis per umbram et umbrae per altitudinem, sive extensa est
AB01-PDF0091-body-L008	91	2	SRC01	body	NALLINO_TRANSLATION	source_text_line	page + manually delimited zone + ordinal source line/object	NOT_ASSERTED	umbra sive erecta.
AB01-PDF0091-body-L009	91	2	SRC01	body	NALLINO_TRANSLATION	source_text_line	page + manually delimited zone + ordinal source line/object	NOT_ASSERTED	XI. De azimuth altitudinis et umbrae in circulo horizontali quocumque loco et tempore
AB01-PDF0091-body-L010	91	2	SRC01	body	NALLINO_TRANSLATION	source_text_line	page + manually delimited zone + ordinal source line/object	NOT_ASSERTED	ad omnes eclipticae gradus; id est de parte circuli horizontalis a termino ortus et occasus,
AB01-PDF0091-body-L011	91	2	SRC01	body	NALLINO_TRANSLATION	source_text_line	page + manually delimited zone + ordinal source line/object	NOT_ASSERTED	quam secat arcus per zenith et Solem transiens.
AB01-PDF0091-body-L012	91	2	SRC01	body	NALLINO_TRANSLATION	source_text_line	page + manually delimited zone + ordinal source line/object	NOT_ASSERTED	XII. De invenienda quolibet Terrae loco linea meridiana, azimuth (1) meridiei etiam ap-
AB01-PDF0091-body-L013	91	2	SRC01	body	NALLINO_TRANSLATION	source_text_line	page + manually delimited zone + ordinal source line/object	NOT_ASSERTED	pellata, et de eo quod ex azimuth ortus aequinoctialis cum ea apparet (2); idque variis modis.
AB01-PDF0091-body-L014	91	2	SRC01	body	NALLINO_TRANSLATION	source_text_line	page + manually delimited zone + ordinal source line/object	NOT_ASSERTED	XIII. De quantitate circuli aequinoctialis quae cum gradibus datis eclipticae ab horizonte
AB01-PDF0091-body-L015	91	2	SRC01	body	NALLINO_TRANSLATION	source_text_line	page + manually delimited zone + ordinal source line/object	NOT_ASSERTED	cuiuslibet regionis ascendit, et signorum ascensiones in regionibus (3) appellatur; nec non de
AB01-PDF0091-body-L016	91	2	SRC01	body	NALLINO_TRANSLATION	source_text_line	page + manually delimited zone + ordinal source line/object	NOT_ASSERTED	consequenti cognitione ascensionum cuiuslibet generis (4), obliquarum et rectarum. Item de
AB01-PDF0091-body-L017	91	2	SRC01	body	NALLINO_TRANSLATION	source_text_line	page + manually delimited zone + ordinal source line/object	NOT_ASSERTED	cognoscendis per has ascensiones gradibus eclipticae, arcu diurno et nocturno, horis aequinoc-
AB01-PDF0091-body-L018	91	2	SRC01	body	NALLINO_TRANSLATION	source_text_line	page + manually delimited zone + ordinal source line/object	NOT_ASSERTED	tialibus et horarum temporalium diei noctisque temporibus; denique de conversione horarum
AB01-PDF0091-body-L019	91	2	SRC01	body	NALLINO_TRANSLATION	source_text_line	page + manually delimited zone + ordinal source line/object	NOT_ASSERTED	aequinoctialium in horas temporales, ac temporalium in aequinoctiales.
AB01-PDF0091-body-L020	91	2	SRC01	body	NALLINO_TRANSLATION	source_text_line	page + manually delimited zone + ordinal source line/object	NOT_ASSERTED	XIV. De cognoscenda per observationes latitudine locorum terrestrium, quae est altitudo
AB01-PDF0091-body-L021	91	2	SRC01	body	NALLINO_TRANSLATION	source_text_line	page + manually delimited zone + ordinal source line/object	NOT_ASSERTED	poli borealis super horizontem iis locis.
AB01-PDF0091-body-L022	91	2	SRC01	body	NALLINO_TRANSLATION	source_text_line	page + manually delimited zone + ordinal source line/object	NOT_ASSERTED	XV. De altitudine meridiana Solis quocumque die.
AB01-PDF0091-body-L023	91	2	SRC01	body	NALLINO_TRANSLATION	source_text_line	page + manually delimited zone + ordinal source line/object	NOT_ASSERTED	XVI. De cognoscendis horis diei elapsis et ascendente, per calculum Solis, altitudinis et
AB01-PDF0091-body-L024	91	2	SRC01	body	NALLINO_TRANSLATION	source_text_line	page + manually delimited zone + ordinal source line/object	NOT_ASSERTED	umbrae erectae.
AB01-PDF0091-body-L025	91	2	SRC01	body	NALLINO_TRANSLATION	source_text_line	page + manually delimited zone + ordinal source line/object	NOT_ASSERTED	XVII. De altitudine per horas diei transactas cognoscenda.
AB01-PDF0091-body-L026	91	2	SRC01	body	NALLINO_TRANSLATION	source_text_line	page + manually delimited zone + ordinal source line/object	NOT_ASSERTED	XVIII. De stellarum fixarum et inerrantium declinatione, cum ab ecliptica in latitudine
AB01-PDF0091-body-L027	91	2	SRC01	body	NALLINO_TRANSLATION	source_text_line	page + manually delimited zone + ordinal source line/object	NOT_ASSERTED	deflectant; et de gradibus eclipticae, cum quibus stellae culminant, cognoscendis per earum
AB01-PDF0091-body-L028	91	2	SRC01	body	NALLINO_TRANSLATION	source_text_line	page + manually delimited zone + ordinal source line/object	NOT_ASSERTED	loca in longitudine et latitudine respectu eclipticae.
AB01-PDF0091-body-L029	91	2	SRC01	body	NALLINO_TRANSLATION	source_text_line	page + manually delimited zone + ordinal source line/object	NOT_ASSERTED	XIX. De arcu semidiurno (5) cuiuslibet stellae, qui est dimidia eius mora super Terram
AB01-PDF0091-body-L030	91	2	SRC01	body	NALLINO_TRANSLATION	source_text_line	page + manually delimited zone + ordinal source line/object	NOT_ASSERTED	et sub Terra; deque temporibus eius horariis super Terram et sub Terra.
AB01-PDF0091-body-L031	91	2	SRC01	body	NALLINO_TRANSLATION	source_text_line	page + manually delimited zone + ordinal source line/object	NOT_ASSERTED	XX. De cognitione gradus eclipticae cum qualibet stella ascendentis aut occidentis.
AB01-PDF0091-body-L032	91	2	SRC01	body	NALLINO_TRANSLATION	source_text_line	page + manually delimited zone + ordinal source line/object	NOT_ASSERTED	XXI. De cognitione horarum noctis praeteritarum per stellas.
AB01-PDF0091-body-L033	91	2	SRC01	body	NALLINO_TRANSLATION	source_text_line	page + manually delimited zone + ordinal source line/object	NOT_ASSERTED	XXII. De altitudine cuiuslibet stellae cognoscenda per horas noctis iam transactas.
AB01-PDF0091-body-L034	91	2	SRC01	body	NALLINO_TRANSLATION	source_text_line	page + manually delimited zone + ordinal source line/object	NOT_ASSERTED	XXIII. De cognoscendo azimuth cuiuslibet stellae per altitudinem sideris super horizontem.
AB01-PDF0091-body-L035	91	2	SRC01	body	NALLINO_TRANSLATION	source_text_line	page + manually delimited zone + ordinal source line/object	NOT_ASSERTED	XXIV. De stellarum declinationibus et de gradibus eclipticae, cum quibus ipsae culmi-
AB01-PDF0091-body-L036	91	2	SRC01	body	NALLINO_TRANSLATION	source_text_line	page + manually delimited zone + ordinal source line/object	NOT_ASSERTED	nant, cognoscendis per azimuth loci circuli horizontalis in quo stellae oriuntur aut occidunt.
AB01-PDF0091-body-L037	91	2	SRC01	body	NALLINO_TRANSLATION	source_text_line	page + manually delimited zone + ordinal source line/object	NOT_ASSERTED	Et per hoc [azimuth] etiam deprehenditur graduum eclipticae declinatio a circulo aequinoctiali (6).
AB01-PDF0091-notes_left-L001	91	2	SRC01	notes_left	NALLINO_APPARATUS	source_text_line	page + manually delimited zone + ordinal source line/object	NOT_ASSERTED	(1) Seu: directio.
AB01-PDF0091-notes_left-L002	91	2	SRC01	notes_left	NALLINO_APPARATUS	source_text_line	page + manually delimited zone + ordinal source line/object	NOT_ASSERTED	(2) Scilicet de directione orientis, quae, linea
AB01-PDF0091-notes_left-L003	91	2	SRC01	notes_left	NALLINO_APPARATUS	source_text_line	page + manually delimited zone + ordinal source line/object	NOT_ASSERTED	meridiana cognita, statim innotescit.
AB01-PDF0091-notes_left-L004	91	2	SRC01	notes_left	NALLINO_APPARATUS	source_text_line	page + manually delimited zone + ordinal source line/object	NOT_ASSERTED	(3) I. e. ascensio obliqua.
AB01-PDF0091-notes_left-L005	91	2	SRC01	notes_left	NALLINO_APPARATUS	source_text_line	page + manually delimited zone + ordinal source line/object	NOT_ASSERTED	(4) Pro <ar>وجه</ar> exemplar Platonis <ar>درجة</ar> habuisse
AB01-PDF0091-notes_left-L006	91	2	SRC01	notes_left	NALLINO_APPARATUS	source_text_line	page + manually delimited zone + ordinal source line/object	NOT_ASSERTED	videtur, quae bona lectio esse potest; vertit enim
AB01-PDF0091-notes_left-L007	91	2	SRC01	notes_left	NALLINO_APPARATUS	source_text_line	page + manually delimited zone + ordinal source line/object	NOT_ASSERTED	Plato: « et eorum quae sequuntur in cognitione
AB01-PDF0091-notes_left-L008	91	2	SRC01	notes_left	NALLINO_APPARATUS	source_text_line	page + manually delimited zone + ordinal source line/object	NOT_ASSERTED	« ascensionum, cuiuslibet gradus in his ascensioni-
AB01-PDF0091-notes_left-L009	91	2	SRC01	notes_left	NALLINO_APPARATUS	source_text_line	page + manually delimited zone + ordinal source line/object	NOT_ASSERTED	« bus, et in ascensionibus circuli directi ».
AB01-PDF0091-notes_right-L001	91	2	SRC01	notes_right	NALLINO_APPARATUS	source_text_line	page + manually delimited zone + ordinal source line/object	NOT_ASSERTED	(5) Codex et Plato: diurno.
AB01-PDF0091-notes_right-L002	91	2	SRC01	notes_right	NALLINO_APPARATUS	source_text_line	page + manually delimited zone + ordinal source line/object	NOT_ASSERTED	(6) Haec tituli pars non est anterioris mera
AB01-PDF0091-notes_right-L003	91	2	SRC01	notes_right	NALLINO_APPARATUS	source_text_line	page + manually delimited zone + ordinal source line/object	NOT_ASSERTED	repetitio; auctor enim Arabice declinationem stel-
AB01-PDF0091-notes_right-L004	91	2	SRC01	notes_right	NALLINO_APPARATUS	source_text_line	page + manually delimited zone + ordinal source line/object	NOT_ASSERTED	lae extra eclipticam positae (quam vocat distantiam
AB01-PDF0091-notes_right-L005	91	2	SRC01	notes_right	NALLINO_APPARATUS	source_text_line	page + manually delimited zone + ordinal source line/object	NOT_ASSERTED	a circulo aequinoctiali) semper distinguit a declina-
AB01-PDF0091-notes_right-L006	91	2	SRC01	notes_right	NALLINO_APPARATUS	source_text_line	page + manually delimited zone + ordinal source line/object	NOT_ASSERTED	tione graduum eclipticae vel Solis (quam <i>mayl</i> <ar>ميل</ar>
AB01-PDF0091-notes_right-L007	91	2	SRC01	notes_right	NALLINO_APPARATUS	source_text_line	page + manually delimited zone + ordinal source line/object	NOT_ASSERTED	appellat).
AB01-PDF0091-margins-L001	91	2	SRC01	margins	NALLINO_APPARATUS	source_marginal_register	page + manually delimited zone + ordinal source line/object	NOT_ASSERTED	p. 2.
AB01-PDF0091-margins-L002	91	2	SRC01	margins	NALLINO_APPARATUS	source_marginal_register	page + manually delimited zone + ordinal source line/object	NOT_ASSERTED	p. 3.
AB01-PDF0091-margins-L003	91	2	SRC01	margins	NALLINO_APPARATUS	source_marginal_register	page + manually delimited zone + ordinal source line/object	NOT_ASSERTED	5; 10; 15; 20; 25; 30; 35.
AB01-PDF0092-body-L001	92	3	SRC01	body	NALLINO_TRANSLATION	source_text_line	page + manually delimited zone + ordinal source line/object	NOT_ASSERTED	XXV. De gradu eclipticae quem stella occupat, ac de latitudine stellae cognoscendis per
AB01-PDF0092-body-L002	92	3	SRC01	body	NALLINO_TRANSLATION	source_text_line	page + manually delimited zone + ordinal source line/object	NOT_ASSERTED	sideris declinationem et per gradum cum stella culminantem, si haec fuerint nota.
AB01-PDF0092-body-L003	92	3	SRC01	body	NALLINO_TRANSLATION	source_text_line	page + manually delimited zone + ordinal source line/object	NOT_ASSERTED	XXVI. De cognoscenda stellarum ab alteris distantia, iuxta ipsarum loca in sphaera cae-
AB01-PDF0092-body-L004	92	3	SRC01	body	NALLINO_TRANSLATION	source_text_line	page + manually delimited zone + ordinal source line/object	NOT_ASSERTED	lesti in longitudine et latitudine.
AB01-PDF0092-body-L005	92	3	SRC01	body	NALLINO_TRANSLATION	source_text_line	page + manually delimited zone + ordinal source line/object	NOT_ASSERTED	XXVII. De longitudine temporum anni solaris observationibus inventa, et de medio So-
AB01-PDF0092-body-L006	92	3	SRC01	body	NALLINO_TRANSLATION	source_text_line	page + manually delimited zone + ordinal source line/object	NOT_ASSERTED	lis motu in diebus, mensibus, annis, qui per illam cognoscitur.
AB01-PDF0092-body-L007	92	3	SRC01	body	NALLINO_TRANSLATION	source_text_line	page + manually delimited zone + ordinal source line/object	NOT_ASSERTED	XXVIII. De inaequali Solis motu; et de gradibus eclipticae a locis eius apogei cum eo
AB01-PDF0092-body-L008	92	3	SRC01	body	NALLINO_TRANSLATION	source_text_line	page + manually delimited zone + ordinal source line/object	NOT_ASSERTED	apparentibus (1).
AB01-PDF0092-body-L009	92	3	SRC01	body	NALLINO_TRANSLATION	source_text_line	page + manually delimited zone + ordinal source line/object	NOT_ASSERTED	XXIX. De quantitate variationis nychthemerōn, cum inter se comparentur, et de alterius
AB01-PDF0092-body-L010	92	3	SRC01	body	NALLINO_TRANSLATION	source_text_line	page + manually delimited zone + ordinal source line/object	NOT_ASSERTED	in alterum conversione.
AB01-PDF0092-body-L011	92	3	SRC01	body	NALLINO_TRANSLATION	source_text_line	page + manually delimited zone + ordinal source line/object	NOT_ASSERTED	XXX. De sphaeris motibusque Lunae; de inaequalitate quae coniunctionum et oppositio-
AB01-PDF0092-body-L012	92	3	SRC01	body	NALLINO_TRANSLATION	source_text_line	page + manually delimited zone + ordinal source line/object	NOT_ASSERTED	num solarium temporibus in ea apparet; nec non de altera, quae illi adiicitur, inaequalitate,
AB01-PDF0092-body-L013	92	3	SRC01	body	NALLINO_TRANSLATION	source_text_line	page + manually delimited zone + ordinal source line/object	NOT_ASSERTED	ob [variam] distantiam Lunae a Sole. Item de causis eclipsium, de amborum luminarium a Terra
AB01-PDF0092-body-L014	92	3	SRC01	body	NALLINO_TRANSLATION	source_text_line	page + manually delimited zone + ordinal source line/object	NOT_ASSERTED	longiquitate, et de accretione et deminutione luminis Lunae ob [variam] eius a Sole distantia.
AB01-PDF0092-body-L015	92	3	SRC01	body	NALLINO_TRANSLATION	source_text_line	page + manually delimited zone + ordinal source line/object	NOT_ASSERTED	XXXI. De sphaeris et statibus planetarum.
AB01-PDF0092-body-L016	92	3	SRC01	body	NALLINO_TRANSLATION	source_text_line	page + manually delimited zone + ordinal source line/object	NOT_ASSERTED	XXXII. De aeris Arabum, Romanorum, Persarum, Coptorum; et quo modo alia in
AB01-PDF0092-body-L017	92	3	SRC01	body	NALLINO_TRANSLATION	source_text_line	page + manually delimited zone + ordinal source line/object	NOT_ASSERTED	aliam convertatur.
AB01-PDF0092-body-L018	92	3	SRC01	body	NALLINO_TRANSLATION	source_text_line	page + manually delimited zone + ordinal source line/object	NOT_ASSERTED	XXXIII. De cognitione loci eclipticae in quo Sol apparet, per aeram Romanorum aut
AB01-PDF0092-body-L019	92	3	SRC01	body	NALLINO_TRANSLATION	source_text_line	page + manually delimited zone + ordinal source line/object	NOT_ASSERTED	per aeram Arabum.
AB01-PDF0092-body-L020	92	3	SRC01	body	NALLINO_TRANSLATION	source_text_line	page + manually delimited zone + ordinal source line/object	NOT_ASSERTED	XXXIV. De cognoscendis horis correctis quolibet Terrae loco; et sunt horae aequinoc-
AB01-PDF0092-body-L021	92	3	SRC01	body	NALLINO_TRANSLATION	source_text_line	page + manually delimited zone + ordinal source line/object	NOT_ASSERTED	tiales mediae post meridiem in urbe ar-Raqqah, per quas motus [caelestes] quolibet tempore
AB01-PDF0092-body-L022	92	3	SRC01	body	NALLINO_TRANSLATION	source_text_line	page + manually delimited zone + ordinal source line/object	NOT_ASSERTED	inveniuntur, unde locus medius datae stellae eo tempore cognoscitur. Item de his horis in
AB01-PDF0092-body-L023	92	3	SRC01	body	NALLINO_TRANSLATION	source_text_line	page + manually delimited zone + ordinal source line/object	NOT_ASSERTED	horas aliarum regionum convertendis.
AB01-PDF0092-body-L024	92	3	SRC01	body	NALLINO_TRANSLATION	source_text_line	page + manually delimited zone + ordinal source line/object	NOT_ASSERTED	XXXV. De cognitione ascendentis et duodecim domorum per horas diei et noctis; item
AB01-PDF0092-body-L025	92	3	SRC01	body	NALLINO_TRANSLATION	source_text_line	page + manually delimited zone + ordinal source line/object	NOT_ASSERTED	de cognoscendis per ascendens horis.
AB01-PDF0092-body-L026	92	3	SRC01	body	NALLINO_TRANSLATION	source_text_line	page + manually delimited zone + ordinal source line/object	NOT_ASSERTED	XXXVI. De loco vero Lunae in ecliptica (2) quocumque die ac tempore.
AB01-PDF0092-body-L027	92	3	SRC01	body	NALLINO_TRANSLATION	source_text_line	page + manually delimited zone + ordinal source line/object	NOT_ASSERTED	XXXVII. De loco nodi borealis et nodi australis, id est de Capite et Cauda per quae
AB01-PDF0092-body-L028	92	3	SRC01	body	NALLINO_TRANSLATION	source_text_line	page + manually delimited zone + ordinal source line/object	NOT_ASSERTED	Luna in suo latitudinis [motu] transit.
AB01-PDF0092-body-L029	92	3	SRC01	body	NALLINO_TRANSLATION	source_text_line	page + manually delimited zone + ordinal source line/object	NOT_ASSERTED	XXXVIII. De Lunae latitudine sive longinquitate ab ecliptica.
AB01-PDF0092-body-L030	92	3	SRC01	body	NALLINO_TRANSLATION	source_text_line	page + manually delimited zone + ordinal source line/object	NOT_ASSERTED	XXXIX. De parallaxi Lunae in longitudine ac latitudine, de variis rationibus quibus eius
AB01-PDF0092-body-L031	92	3	SRC01	body	NALLINO_TRANSLATION	source_text_line	page + manually delimited zone + ordinal source line/object	NOT_ASSERTED	quantitates in horizontis tractibus deprehenduntur, nec non de causa qua illa fit.
AB01-PDF0092-body-L032	92	3	SRC01	body	NALLINO_TRANSLATION	source_text_line	page + manually delimited zone + ordinal source line/object	NOT_ASSERTED	XL. De cognoscenda longinquitate Lunae a Terra per eius parallaxim in circulo altitu-
AB01-PDF0092-body-L033	92	3	SRC01	body	NALLINO_TRANSLATION	source_text_line	page + manually delimited zone + ordinal source line/object	NOT_ASSERTED	dinis, qui est in regione inter zenith et horizontem et per locum Lunae in ecliptica transit.
AB01-PDF0092-body-L034	92	3	SRC01	body	NALLINO_TRANSLATION	source_text_line	page + manually delimited zone + ordinal source line/object	NOT_ASSERTED	XLI. De apparitione Lunae in initio et fine mensis; de azimuth loci quo Luna in Caelo
AB01-PDF0092-body-L035	92	3	SRC01	body	NALLINO_TRANSLATION	source_text_line	page + manually delimited zone + ordinal source line/object	NOT_ASSERTED	apparet; de altitudine Lunae super horizontem eo tempore; et de eius figura secundum lumen
AB01-PDF0092-body-L036	92	3	SRC01	body	NALLINO_TRANSLATION	source_text_line	page + manually delimited zone + ordinal source line/object	NOT_ASSERTED	et secundum aequalitatem aut inclinationem binorum novae Lunae cornuum.
AB01-PDF0092-body-L037	92	3	SRC01	body	NALLINO_TRANSLATION	source_text_line	page + manually delimited zone + ordinal source line/object	NOT_ASSERTED	XLII. De cognoscendis mediis et veris coniunctionibus atque oppositionibus Solis et Lu-
AB01-PDF0092-body-L038	92	3	SRC01	body	NALLINO_TRANSLATION	source_text_line	page + manually delimited zone + ordinal source line/object	NOT_ASSERTED	nae, ad aeram Romanorum et ad aeram Coptorum.
AB01-PDF0092-body-L039	92	3	SRC01	body	NALLINO_TRANSLATION	source_text_line	page + manually delimited zone + ordinal source line/object	NOT_ASSERTED	XLIII. De eclipsibus Lunae, earumque quantitatibus et temporibus quolibet Terrae loco;
AB01-PDF0092-body-L040	92	3	SRC01	body	NALLINO_TRANSLATION	source_text_line	page + manually delimited zone + ordinal source line/object	NOT_ASSERTED	de partibus disci lunaris in quibus obscuratio et emersio fiunt; denique de harum rerum
AB01-PDF0092-body-L041	92	3	SRC01	body	NALLINO_TRANSLATION	source_text_line	page + manually delimited zone + ordinal source line/object	NOT_ASSERTED	figura et cognitione per calculum aut per tabulas.
AB01-PDF0092-body-L042	92	3	SRC01	body	NALLINO_TRANSLATION	source_text_line	page + manually delimited zone + ordinal source line/object	NOT_ASSERTED	XLIV. De eclipsibus Solis, earumque quantitatibus et temporibus in qualibet regione;
AB01-PDF0092-notes_left-L001	92	3	SRC01	notes_left	NALLINO_APPARATUS	source_text_line	page + manually delimited zone + ordinal source line/object	NOT_ASSERTED	(1) Textus, ut Plato, satis ambigue: « et de eo
AB01-PDF0092-notes_left-L002	92	3	SRC01	notes_left	NALLINO_APPARATUS	source_text_line	page + manually delimited zone + ordinal source line/object	NOT_ASSERTED	« quod apparet cum eo ex (vel ab) locis distantiae
AB01-PDF0092-notes_left-L003	92	3	SRC01	notes_left	NALLINO_APPARATUS	source_text_line	page + manually delimited zone + ordinal source line/object	NOT_ASSERTED	« Solis maximae ex (vel ab) gradibus signorum ».
AB01-PDF0092-notes_right-L001	92	3	SRC01	notes_right	NALLINO_APPARATUS	source_text_line	page + manually delimited zone + ordinal source line/object	NOT_ASSERTED	Auctor vult: quae fiat Solis longitudo, ab apogeo
AB01-PDF0092-notes_right-L002	92	3	SRC01	notes_right	NALLINO_APPARATUS	source_text_line	page + manually delimited zone + ordinal source line/object	NOT_ASSERTED	supputata, propter inaequalem motum Solis.
AB01-PDF0092-notes_right-L003	92	3	SRC01	notes_right	NALLINO_APPARATUS	source_text_line	page + manually delimited zone + ordinal source line/object	NOT_ASSERTED	(2) I. e. de vera Lunae longitudine.
AB01-PDF0092-margins-L001	92	3	SRC01	margins	NALLINO_APPARATUS	source_marginal_register	page + manually delimited zone + ordinal source line/object	NOT_ASSERTED	p. 4.
AB01-PDF0092-margins-L002	92	3	SRC01	margins	NALLINO_APPARATUS	source_marginal_register	page + manually delimited zone + ordinal source line/object	NOT_ASSERTED	p. 5.
AB01-PDF0092-margins-L003	92	3	SRC01	margins	NALLINO_APPARATUS	source_marginal_register	page + manually delimited zone + ordinal source line/object	NOT_ASSERTED	5; 10; 15; 20; 25; 30; 35; 40.
AB01-PDF0093-body-L001	93	4	SRC01	body	NALLINO_TRANSLATION	source_text_line	page + manually delimited zone + ordinal source line/object	NOT_ASSERTED	de partibus disci solaris a quibus eclipsis incipit aut desinit; nec non de harum rerum
AB01-PDF0093-body-L002	93	4	SRC01	body	NALLINO_TRANSLATION	source_text_line	page + manually delimited zone + ordinal source line/object	NOT_ASSERTED	figura et cognitione per calculum et per tabulas.
AB01-PDF0093-body-L003	93	4	SRC01	body	NALLINO_TRANSLATION	source_text_line	page + manually delimited zone + ordinal source line/object	NOT_ASSERTED	XLV. De quinque planetarum locis in ecliptica quolibet tempore.
AB01-PDF0093-body-L004	93	4	SRC01	body	NALLINO_TRANSLATION	source_text_line	page + manually delimited zone + ordinal source line/object	NOT_ASSERTED	XLVI. De stationibus et regressibus quinque planetarum.
AB01-PDF0093-body-L005	93	4	SRC01	body	NALLINO_TRANSLATION	source_text_line	page + manually delimited zone + ordinal source line/object	NOT_ASSERTED	XLVII. De latitudinibus quinque planetarum, et latitudinum plagis in Caelo.
AB01-PDF0093-body-L006	93	4	SRC01	body	NALLINO_TRANSLATION	source_text_line	page + manually delimited zone + ordinal source line/object	NOT_ASSERTED	XLVIII. De apparitionibus et occultationibus quinque planetarum.
AB01-PDF0093-body-L007	93	4	SRC01	body	NALLINO_TRANSLATION	source_text_line	page + manually delimited zone + ordinal source line/object	NOT_ASSERTED	XLIX. De novem figuris, in quibus stellae fixae et nonnulli planetarum respectu Solis
AB01-PDF0093-body-L008	93	4	SRC01	body	NALLINO_TRANSLATION	source_text_line	page + manually delimited zone + ordinal source line/object	NOT_ASSERTED	inveniri possunt.
AB01-PDF0093-body-L009	93	4	SRC01	body	NALLINO_TRANSLATION	source_text_line	page + manually delimited zone + ordinal source line/object	NOT_ASSERTED	L. De longinquitatibus planetarum a Terra, et de eorum diametrorum, corporum et sphae-
AB01-PDF0093-body-L010	93	4	SRC01	body	NALLINO_TRANSLATION	source_text_line	page + manually delimited zone + ordinal source line/object	NOT_ASSERTED	rarum magnitudine.
AB01-PDF0093-body-L011	93	4	SRC01	body	NALLINO_TRANSLATION	source_text_line	page + manually delimited zone + ordinal source line/object	NOT_ASSERTED	LI. De motu reliquarum stellarum ex observationibus cognito, et de earum locis in ta-
AB01-PDF0093-body-L012	93	4	SRC01	body	NALLINO_TRANSLATION	source_text_line	page + manually delimited zone + ordinal source line/object	NOT_ASSERTED	bulis describendis iuxta longitudines ac latitudines.
AB01-PDF0093-body-L013	93	4	SRC01	body	NALLINO_TRANSLATION	source_text_line	page + manually delimited zone + ordinal source line/object	NOT_ASSERTED	LII. De erroribus quibus scatet astrologorum sententia, sphaeram caelestem habere mo-
AB01-PDF0093-body-L014	93	4	SRC01	body	NALLINO_TRANSLATION	source_text_line	page + manually delimited zone + ordinal source line/object	NOT_ASSERTED	tum translationis prorsum et retrorsum.
AB01-PDF0093-body-L015	93	4	SRC01	body	NALLINO_TRANSLATION	source_text_line	page + manually delimited zone + ordinal source line/object	NOT_ASSERTED	LIII. De temporibus revolutionum annorum, quae habentur cum Sol ad locum redierit a
AB01-PDF0093-body-L016	93	4	SRC01	body	NALLINO_TRANSLATION	source_text_line	page + manually delimited zone + ordinal source line/object	NOT_ASSERTED	quo prius venerat.
AB01-PDF0093-body-L017	93	4	SRC01	body	NALLINO_TRANSLATION	source_text_line	page + manually delimited zone + ordinal source line/object	NOT_ASSERTED	LIV. De veris applicationum [astrologicarum] quantitatibus, quae iuxta latitudines stel-
AB01-PDF0093-body-L018	93	4	SRC01	body	NALLINO_TRANSLATION	source_text_line	page + manually delimited zone + ordinal source line/object	NOT_ASSERTED	larum super eclipticam radios proiicientium, eveniunt.
AB01-PDF0093-body-L019	93	4	SRC01	body	NALLINO_TRANSLATION	source_text_line	page + manually delimited zone + ordinal source line/object	NOT_ASSERTED	LV. De ascensionibus signorum in quadrantibus sphaerae.
AB01-PDF0093-body-L020	93	4	SRC01	body	NALLINO_TRANSLATION	source_text_line	page + manually delimited zone + ordinal source line/object	NOT_ASSERTED	LVI. De conficienda et loco suo aptanda tabula marmorea, sive erecta sive extensa, qua
AB01-PDF0093-body-L021	93	4	SRC01	body	NALLINO_TRANSLATION	source_text_line	page + manually delimited zone + ordinal source line/object	NOT_ASSERTED	horae temporales diei in qualibet urbe cognoscuntur; item de directione meridiei, et de co-
AB01-PDF0093-body-L022	93	4	SRC01	body	NALLINO_TRANSLATION	source_text_line	page + manually delimited zone + ordinal source line/object	NOT_ASSERTED	gnitione azimuth qiblae, id est azimuth Meccae, per illam tabulam.
AB01-PDF0093-body-L023	93	4	SRC01	body	NALLINO_TRANSLATION	source_text_line	page + manually delimited zone + ordinal source line/object	NOT_ASSERTED	LVII. Finis libri: de conficiendo (1) instrumento ad similitudinem sphaerae caelestis, quod
AB01-PDF0093-body-L024	93	4	SRC01	body	NALLINO_TRANSLATION	source_text_line	page + manually delimited zone + ordinal source line/object	NOT_ASSERTED	<i>al bayḍah</i> « ovum » appellatur; item de duobus instrumentis ad observationes faciendas in-
AB01-PDF0093-body-L025	93	4	SRC01	body	NALLINO_TRANSLATION	source_text_line	page + manually delimited zone + ordinal source line/object	NOT_ASSERTED	servientibus.
AB01-PDF0093-body-L026	93	4	SRC01	body	NALLINO_TRANSLATION	source_text_line	page + manually delimited zone + ordinal source line/object	NOT_ASSERTED	Haec est explicatio divisionis libri, qui LVII capita complectitur; laus igitur Deo ob eius
AB01-PDF0093-body-L027	93	4	SRC01	body	NALLINO_TRANSLATION	source_text_line	page + manually delimited zone + ordinal source line/object	NOT_ASSERTED	auxilium. Estque Deus Muḥammadi propitius.
AB01-PDF0093-body-L028	93	4	SRC01	body	NALLINO_TRANSLATION	source_text_line	page + manually delimited zone + ordinal source line/object	NOT_ASSERTED	<center><b>CAPUT I.</b></center>
AB01-PDF0093-body-L029	93	4	SRC01	body	NALLINO_TRANSLATION	source_text_line	page + manually delimited zone + ordinal source line/object	NOT_ASSERTED	<center><n>Libri initium.</n></center>
AB01-PDF0093-body-L030	93	4	SRC01	body	NALLINO_TRANSLATION	source_text_line	page + manually delimited zone + ordinal source line/object	NOT_ASSERTED	Dicit [auctor]: Rerum omnium, sermonum omnium exordium capiendum est a laude Dei,
AB01-PDF0093-body-L031	93	4	SRC01	body	NALLINO_TRANSLATION	source_text_line	page + manually delimited zone + ordinal source line/object	NOT_ASSERTED	cuius nomen excellit, et a gratiarum ob eius beneficia actione, nec non a precibus pro si-
AB01-PDF0093-body-L032	93	4	SRC01	body	NALLINO_TRANSLATION	source_text_line	page + manually delimited zone + ordinal source line/object	NOT_ASSERTED	gillo legatorum et prophetarum (2), super quos sunt salus et Dei misericordia atque bene-
AB01-PDF0093-body-L033	93	4	SRC01	body	NALLINO_TRANSLATION	source_text_line	page + manually delimited zone + ordinal source line/object	NOT_ASSERTED	dictiones.
AB01-PDF0093-body-L034	93	4	SRC01	body	NALLINO_TRANSLATION	source_text_line	page + manually delimited zone + ordinal source line/object	NOT_ASSERTED	Laus Deo, qui potentia sua creaturas creat, et res ad libitum disponit atque sapienter
AB01-PDF0093-body-L035	93	4	SRC01	body	NALLINO_TRANSLATION	source_text_line	page + manually delimited zone + ordinal source line/object	NOT_ASSERTED	confirmat; qui <i>omnia suā scientiā amplectitur</i> (3) <i>ac numerat</i> (4); <i>quem ne quidem pon-
AB01-PDF0093-body-L036	93	4	SRC01	body	NALLINO_TRANSLATION	source_text_line	page + manually delimited zone + ordinal source line/object	NOT_ASSERTED	dus atomi in Caelis et Terra latet, nulla enim est vel minor vel maior res, quin libro
AB01-PDF0093-body-L037	93	4	SRC01	body	NALLINO_TRANSLATION	source_text_line	page + manually delimited zone + ordinal source line/object	NOT_ASSERTED	perspicuo</i> (5) <i>contineatur</i> (6). Profiteor itaque nullum esse Deum praeter Deum unicum, cui
AB01-PDF0093-notes_left-L001	93	4	SRC01	notes_left	NALLINO_APPARATUS	source_text_line	page + manually delimited zone + ordinal source line/object	NOT_ASSERTED	(1) Pro <ar>ضعة</ar> « conlocatione » codicis, legendum
AB01-PDF0093-notes_left-L002	93	4	SRC01	notes_left	NALLINO_APPARATUS	source_text_line	page + manually delimited zone + ordinal source line/object	NOT_ASSERTED	suspicor <ar>صنعة</ar> « confectionem »; Plato: « faciendo ».
AB01-PDF0093-notes_left-L003	93	4	SRC01	notes_left	NALLINO_APPARATUS	source_text_line	page + manually delimited zone + ordinal source line/object	NOT_ASSERTED	(2) I. e. Muḥammad; cfr. Qorānum XXXIII, 40.
AB01-PDF0093-notes_left-L004	93	4	SRC01	notes_left	NALLINO_APPARATUS	source_text_line	page + manually delimited zone + ordinal source line/object	NOT_ASSERTED	(3) Qor. LXV, 12.
AB01-PDF0093-notes_right-L001	93	4	SRC01	notes_right	NALLINO_APPARATUS	source_text_line	page + manually delimited zone + ordinal source line/object	NOT_ASSERTED	(4) Qor. LXXII, 28.
AB01-PDF0093-notes_right-L002	93	4	SRC01	notes_right	NALLINO_APPARATUS	source_text_line	page + manually delimited zone + ordinal source line/object	NOT_ASSERTED	(5) Quem apud Deum esse Muslimi putant.
AB01-PDF0093-notes_right-L003	93	4	SRC01	notes_right	NALLINO_APPARATUS	source_text_line	page + manually delimited zone + ordinal source line/object	NOT_ASSERTED	(6) Qor. XXXIV, 3.
AB01-PDF0093-margins-L001	93	4	SRC01	margins	NALLINO_APPARATUS	source_marginal_register	page + manually delimited zone + ordinal source line/object	NOT_ASSERTED	p. 6.
AB01-PDF0093-margins-L002	93	4	SRC01	margins	NALLINO_APPARATUS	source_marginal_register	page + manually delimited zone + ordinal source line/object	NOT_ASSERTED	5; 10; 15; 20; 25; 30; 35; 40.
AB01-PDF0094-body-L001	94	5	SRC01	body	NALLINO_TRANSLATION	source_text_line	page + manually delimited zone + ordinal source line/object	NOT_ASSERTED	non sunt socii; profiteor Muḥammad eius servum ac legatum esse, <i>quem Deus cum dire-
AB01-PDF0094-body-L002	94	5	SRC01	body	NALLINO_TRANSLATION	source_text_line	page + manually delimited zone + ordinal source line/object	NOT_ASSERTED	ctione et religione vera misit, ut, nolentibus quidem polytheistis, eam super omnem
AB01-PDF0094-body-L003	94	5	SRC01	body	NALLINO_TRANSLATION	source_text_line	page + manually delimited zone + ordinal source line/object	NOT_ASSERTED	aliam religionem victricem ostenderet</i> (1); per quem Deus recta via fideles duxit <i>et usque
AB01-PDF0094-body-L004	94	5	SRC01	body	NALLINO_TRANSLATION	source_text_line	page + manually delimited zone + ordinal source line/object	NOT_ASSERTED	ad ultimum infidelium cecīdit</i> (2); quem denique Deus posuit argumentum evidens in sae-
AB01-PDF0094-body-L005	94	5	SRC01	body	NALLINO_TRANSLATION	source_text_line	page + manually delimited zone + ordinal source line/object	NOT_ASSERTED	cula. Propitius erit Deus Muḥammadi, optimae eius genti, sociis eius electis, et legis eius as-
AB01-PDF0094-body-L006	94	5	SRC01	body	NALLINO_TRANSLATION	source_text_line	page + manually delimited zone + ordinal source line/object	NOT_ASSERTED	seclis, usque ad extremi iudicii diem.
AB01-PDF0094-body-L007	94	5	SRC01	body	NALLINO_TRANSLATION	source_text_line	page + manually delimited zone + ordinal source line/object	NOT_ASSERTED	Inter scientias omnium nobilissimas, praestantissimas ac venustissimas, inter eas quae ma-
AB01-PDF0094-body-L008	94	5	SRC01	body	NALLINO_TRANSLATION	source_text_line	page + manually delimited zone + ordinal source line/object	NOT_ASSERTED	xime cor allectant, animum exornant, mentem intuitumque acuunt, et intelligentiae fomiti,
AB01-PDF0094-body-L009	94	5	SRC01	body	NALLINO_TRANSLATION	source_text_line	page + manually delimited zone + ordinal source line/object	NOT_ASSERTED	ingenio exercitio sunt, post res quas nulli homini ignorare licet ex religionis legibus atque
AB01-PDF0094-body-L010	94	5	SRC01	body	NALLINO_TRANSLATION	source_text_line	page + manually delimited zone + ordinal source line/object	NOT_ASSERTED	institutis, locum obtinet scientia stellarum. Idque ob maximam delectationem atque insignem
AB01-PDF0094-body-L011	94	5	SRC01	body	NALLINO_TRANSLATION	source_text_line	page + manually delimited zone + ordinal source line/object	NOT_ASSERTED	utilitatem quae habentur in cognoscendis annorum mensiumque spatiis, horarum metiendarum
AB01-PDF0094-body-L012	94	5	SRC01	body	NALLINO_TRANSLATION	source_text_line	page + manually delimited zone + ordinal source line/object	NOT_ASSERTED	arte, temporum partibus, diei noctisque incremento et decremento, Solis et Lunae locis ecli-
AB01-PDF0094-body-L013	94	5	SRC01	body	NALLINO_TRANSLATION	source_text_line	page + manually delimited zone + ordinal source line/object	NOT_ASSERTED	psibusque, siderum progressu regressu et mutabilibus figuris (3), sphaerarum ordinibus, nec non
AB01-PDF0094-body-L014	94	5	SRC01	body	NALLINO_TRANSLATION	source_text_line	page + manually delimited zone + ordinal source line/object	NOT_ASSERTED	ceteris rebus cognatis iis, ad quas homo, haec diligenter inspiciens ac diuturno studio meditans,
AB01-PDF0094-body-L015	94	5	SRC01	body	NALLINO_TRANSLATION	source_text_line	page + manually delimited zone + ordinal source line/object	NOT_ASSERTED	pervenit, demonstrationem scilicet unitatis Dei et cognitionem ingentis magnitudinis, summae
AB01-PDF0094-body-L016	94	5	SRC01	body	NALLINO_TRANSLATION	source_text_line	page + manually delimited zone + ordinal source line/object	NOT_ASSERTED	sapientiae, maximae potentiae, mirabilis industriae Creatoris. Dicit enim Deus Optimus Maximus:
AB01-PDF0094-body-L017	94	5	SRC01	body	NALLINO_TRANSLATION	source_text_line	page + manually delimited zone + ordinal source line/object	NOT_ASSERTED	<i>In creatione Caelorum et Terrae, in alterna noctis et diei vice, sine dubio pro intelligen-
AB01-PDF0094-body-L018	94	5	SRC01	body	NALLINO_TRANSLATION	source_text_line	page + manually delimited zone + ordinal source line/object	NOT_ASSERTED	tibus signa sunt</i> (4); — <i>Benedictus qui zodiaci signa in Caelo posuit</i> (5); — <i>Ille est qui
AB01-PDF0094-body-L019	94	5	SRC01	body	NALLINO_TRANSLATION	source_text_line	page + manually delimited zone + ordinal source line/object	NOT_ASSERTED	alterna vice noctem et diem posuit</i> (6); — <i>Ille est qui Solis splendorem, Lunae nitorem
AB01-PDF0094-body-L020	94	5	SRC01	body	NALLINO_TRANSLATION	source_text_line	page + manually delimited zone + ordinal source line/object	NOT_ASSERTED	et mansiones fecit, ut vos annorum numerum atque calculum cognosceretis</i> (7); — <i>Sol
AB01-PDF0094-body-L021	94	5	SRC01	body	NALLINO_TRANSLATION	source_text_line	page + manually delimited zone + ordinal source line/object	NOT_ASSERTED	et Luna secundum rationem certam sunt</i> (8); nec non multa alia in libro Dei Optimi
AB01-PDF0094-body-L022	94	5	SRC01	body	NALLINO_TRANSLATION	source_text_line	page + manually delimited zone + ordinal source line/object	NOT_ASSERTED	Maximi conscripta, quae nunc adducere et veluti testimonium adhibere longius est.
AB01-PDF0094-body-L023	94	5	SRC01	body	NALLINO_TRANSLATION	source_text_line	page + manually delimited zone + ordinal source line/object	NOT_ASSERTED	Cum diu me ad hanc scientiam convertissem et in eius studium incubuissem, discrepare
AB01-PDF0094-body-L024	94	5	SRC01	body	NALLINO_TRANSLATION	source_text_line	page + manually delimited zone + ordinal source line/object	NOT_ASSERTED	vidi inter se libros de motibus stellarum confectos, et erravisse nonnullos auctores in opera-
AB01-PDF0094-body-L025	94	5	SRC01	body	NALLINO_TRANSLATION	source_text_line	page + manually delimited zone + ordinal source line/object	NOT_ASSERTED	tionibus ac primis rudimentis instituendis; vidi etiam quid progressu temporis in motibus side-
AB01-PDF0094-body-L026	94	5	SRC01	body	NALLINO_TRANSLATION	source_text_line	page + manually delimited zone + ordinal source line/object	NOT_ASSERTED	rum collectum sit, cum novae observationes cum antiquis conferantur, et quid, ob imminutam
AB01-PDF0094-body-L027	94	5	SRC01	body	NALLINO_TRANSLATION	source_text_line	page + manually delimited zone + ordinal source line/object	NOT_ASSERTED	eclipticae obliquitatem (9), in calculi generibus, in annorum spatiis, in temporum anni commu-
AB01-PDF0094-body-L028	94	5	SRC01	body	NALLINO_TRANSLATION	source_text_line	page + manually delimited zone + ordinal source line/object	NOT_ASSERTED	tationibus, in syzygiis quae per eclipsium tempora cognoscuntur, immutandum sit. Haec omnia,
AB01-PDF0094-body-L029	94	5	SRC01	body	NALLINO_TRANSLATION	source_text_line	page + manually delimited zone + ordinal source line/object	NOT_ASSERTED	diuturno studio perpensa, ego emendare et firmare ea ratione suscepi, quam Ptolemaeus in libro
AB01-PDF0094-body-L030	94	5	SRC01	body	NALLINO_TRANSLATION	source_text_line	page + manually delimited zone + ordinal source line/object	NOT_ASSERTED	Almagesto inscripto exposuit, eius vestigiis ingrediens, eiusque praecepta sequens. Ille enim, cum
AB01-PDF0094-body-L031	94	5	SRC01	body	NALLINO_TRANSLATION	source_text_line	page + manually delimited zone + ordinal source line/object	NOT_ASSERTED	haec diligentissime perscrutatus esset, et omnium rerum causas probationibus geometricis et
AB01-PDF0094-body-L032	94	5	SRC01	body	NALLINO_TRANSLATION	source_text_line	page + manually delimited zone + ordinal source line/object	NOT_ASSERTED	arithmeticis nullo dubio scatentibus demonstrasset, alios etiam post se observare et investigare
AB01-PDF0094-body-L033	94	5	SRC01	body	NALLINO_TRANSLATION	source_text_line	page + manually delimited zone + ordinal source line/object	NOT_ASSERTED	iussit, dicens non impossibile esse suis observationibus decursu temporis aliquid superaddi, si-
AB01-PDF0094-body-L034	94	5	SRC01	body	NALLINO_TRANSLATION	source_text_line	page + manually delimited zone + ordinal source line/object	NOT_ASSERTED	cut et ipse ad Hipparchi aliorumque considerationes nonnulla adiecisset (10). Nam tanta est hu-
AB01-PDF0094-body-L035	94	5	SRC01	body	NALLINO_TRANSLATION	source_text_line	page + manually delimited zone + ordinal source line/object	NOT_ASSERTED	ius caelestis et amplae scientiae maiestas ut nemo eam possit ad unguem amplexari.
AB01-PDF0094-body-L036	94	5	SRC01	body	NALLINO_TRANSLATION	source_text_line	page + manually delimited zone + ordinal source line/object	NOT_ASSERTED	Librum itaque de his rebus composui, quo, difficilia explanans, obscura dilucidans, et
AB01-PDF0094-body-L037	94	5	SRC01	body	NALLINO_TRANSLATION	source_text_line	page + manually delimited zone + ordinal source line/object	NOT_ASSERTED	abstrusa scientiae principia eorumque peculiarem usum explicans, facilem reddidi viam iis qui
AB01-PDF0094-body-L038	94	5	SRC01	body	NALLINO_TRANSLATION	source_text_line	page + manually delimited zone + ordinal source line/object	NOT_ASSERTED	eum student et sequuntur. Motus et loca stellarum in ecliptica, secundum id quod observatione,
AB01-PDF0094-notes_left-L001	94	5	SRC01	notes_left	NALLINO_APPARATUS	source_text_line	page + manually delimited zone + ordinal source line/object	NOT_ASSERTED	(1) Qor. IX, 33 et XLI, 9.
AB01-PDF0094-notes_left-L002	94	5	SRC01	notes_left	NALLINO_APPARATUS	source_text_line	page + manually delimited zone + ordinal source line/object	NOT_ASSERTED	(2) Cfr. Qor. VII, 70 et VIII, 7.
AB01-PDF0094-notes_left-L003	94	5	SRC01	notes_left	NALLINO_APPARATUS	source_text_line	page + manually delimited zone + ordinal source line/object	NOT_ASSERTED	(3) Sunt novem figurae in cap. XLIX expli-
AB01-PDF0094-notes_left-L004	94	5	SRC01	notes_left	NALLINO_APPARATUS	source_text_line	page + manually delimited zone + ordinal source line/object	NOT_ASSERTED	catae.
AB01-PDF0094-notes_left-L005	94	5	SRC01	notes_left	NALLINO_APPARATUS	source_text_line	page + manually delimited zone + ordinal source line/object	NOT_ASSERTED	(4) Qor. III, 187.
AB01-PDF0094-notes_left-L006	94	5	SRC01	notes_left	NALLINO_APPARATUS	source_text_line	page + manually delimited zone + ordinal source line/object	NOT_ASSERTED	(5) Qor. XXV, 62.
AB01-PDF0094-notes_left-L007	94	5	SRC01	notes_left	NALLINO_APPARATUS	source_text_line	page + manually delimited zone + ordinal source line/object	NOT_ASSERTED	(6) Qor. XXV, 63.
AB01-PDF0094-notes_left-L008	94	5	SRC01	notes_left	NALLINO_APPARATUS	source_text_line	page + manually delimited zone + ordinal source line/object	NOT_ASSERTED	(7) Qor. X, 5.
AB01-PDF0094-notes_right-L001	94	5	SRC01	notes_right	NALLINO_APPARATUS	source_text_line	page + manually delimited zone + ordinal source line/object	NOT_ASSERTED	(8) Qor. LV, 4.
AB01-PDF0094-notes_right-L002	94	5	SRC01	notes_right	NALLINO_APPARATUS	source_text_line	page + manually delimited zone + ordinal source line/object	NOT_ASSERTED	(9) Minor enim ex al-Battānī observationibus
AB01-PDF0094-notes_right-L003	94	5	SRC01	notes_right	NALLINO_APPARATUS	source_text_line	page + manually delimited zone + ordinal source line/object	NOT_ASSERTED	apparuit, quam quae a Graecis indicabatur; cfr.
AB01-PDF0094-notes_right-L004	94	5	SRC01	notes_right	NALLINO_APPARATUS	source_text_line	page + manually delimited zone + ordinal source line/object	NOT_ASSERTED	cap. IV. Minime ex auctoris verbis inferendum Ara-
AB01-PDF0094-notes_right-L005	94	5	SRC01	notes_right	NALLINO_APPARATUS	source_text_line	page + manually delimited zone + ordinal source line/object	NOT_ASSERTED	bes illius aetatis continuam obliquitatis deminutio-
AB01-PDF0094-notes_right-L006	94	5	SRC01	notes_right	NALLINO_APPARATUS	source_text_line	page + manually delimited zone + ordinal source line/object	NOT_ASSERTED	nem cognovisse, quae tantum ex accuratis observa-
AB01-PDF0094-notes_right-L007	94	5	SRC01	notes_right	NALLINO_APPARATUS	source_text_line	page + manually delimited zone + ordinal source line/object	NOT_ASSERTED	tionibus per saecula non intermissis coniici potuit.
AB01-PDF0094-notes_right-L008	94	5	SRC01	notes_right	NALLINO_APPARATUS	source_text_line	page + manually delimited zone + ordinal source line/object	NOT_ASSERTED	(10) Cfr. <i>Almag.</i> III, 2 (ed. Halma t. I, p. 160).
AB01-PDF0094-margins-L001	94	5	SRC01	margins	NALLINO_APPARATUS	source_marginal_register	page + manually delimited zone + ordinal source line/object	NOT_ASSERTED	p. 7.
AB01-PDF0094-margins-L002	94	5	SRC01	margins	NALLINO_APPARATUS	source_marginal_register	page + manually delimited zone + ordinal source line/object	NOT_ASSERTED	5; 10; 15; 20; 25; 30; 35; 40.
AB01-PDF0095-body-L001	95	6	SRC01	body	NALLINO_TRANSLATION	source_text_line	page + manually delimited zone + ordinal source line/object	NOT_ASSERTED	eclipsium calculo aliisque aptis operationibus inveni, correxi; alia necessaria adieci. Tabulas
AB01-PDF0095-body-L002	95	6	SRC01	body	NALLINO_TRANSLATION	source_text_line	page + manually delimited zone + ordinal source line/object	NOT_ASSERTED	ad inveniendos motus stellarum secundum horam meridianam urbis ar-Raqqah descripsi, in
AB01-PDF0095-body-L003	95	6	SRC01	body	NALLINO_TRANSLATION	source_text_line	page + manually delimited zone + ordinal source line/object	NOT_ASSERTED	qua factae sunt observationes ad haec omnia cognoscenda. Ita erit, Deo volente; tantum enim
AB01-PDF0095-body-L004	95	6	SRC01	body	NALLINO_TRANSLATION	source_text_line	page + manually delimited zone + ordinal source line/object	NOT_ASSERTED	apud Deum auxilium invenimus.
AB01-PDF0095-body-L005	95	6	SRC01	body	NALLINO_TRANSLATION	source_text_line	page + manually delimited zone + ordinal source line/object	NOT_ASSERTED	<center><b>CAPUT II.</b></center>
AB01-PDF0095-body-L006	95	6	SRC01	body	NALLINO_TRANSLATION	source_text_line	page + manually delimited zone + ordinal source line/object	NOT_ASSERTED	<center>De divisione circuli caelestis, et de multiplicatione, radicibus,</center>
AB01-PDF0095-body-L007	95	6	SRC01	body	NALLINO_TRANSLATION	source_text_line	page + manually delimited zone + ordinal source line/object	NOT_ASSERTED	<center>divisione [partium sexagesimarum].</center>
AB01-PDF0095-body-L008	95	6	SRC01	body	NALLINO_TRANSLATION	source_text_line	page + manually delimited zone + ordinal source line/object	NOT_ASSERTED	Caelestis sphaerae circulum in 360 gradus his causis antiqui diviserunt: quia numerus
AB01-PDF0095-body-L009	95	6	SRC01	body	NALLINO_TRANSLATION	source_text_line	page + manually delimited zone + ordinal source line/object	NOT_ASSERTED	horum graduum proximus est numero dierum anni, quem duo transitus Solis per idem im-
AB01-PDF0095-body-L010	95	6	SRC01	body	NALLINO_TRANSLATION	source_text_line	page + manually delimited zone + ordinal source line/object	NOT_ASSERTED	mobile punctum sphaerae perficiunt; et quia huius numeri dimidia, tertia, quarta pars aliae-
AB01-PDF0095-body-L011	95	6	SRC01	body	NALLINO_TRANSLATION	source_text_line	page + manually delimited zone + ordinal source line/object	NOT_ASSERTED	que integris numeris exprimi possunt.
AB01-PDF0095-body-L012	95	6	SRC01	body	NALLINO_TRANSLATION	source_text_line	page + manually delimited zone + ordinal source line/object	NOT_ASSERTED	Posuerunt etiam Solem in quatuor punctis, quibus duo aequinoctia et duo solstitia effi-
AB01-PDF0095-body-L013	95	6	SRC01	body	NALLINO_TRANSLATION	source_text_line	page + manually delimited zone + ordinal source line/object	NOT_ASSERTED	ciantur, et annus in quatuor partes, nempe ver, aestatem, autumnum, hiemem, dividatur; ho-
AB01-PDF0095-body-L014	95	6	SRC01	body	NALLINO_TRANSLATION	source_text_line	page + manually delimited zone + ordinal source line/object	NOT_ASSERTED	rum punctorum quodque secundum anni partem appellaverunt, in qua Sol per illud transit.
AB01-PDF0095-body-L015	95	6	SRC01	body	NALLINO_TRANSLATION	source_text_line	page + manually delimited zone + ordinal source line/object	NOT_ASSERTED	Cum autem omnia quae longitudine sunt praedita, medium et duo extrema habeant, singulae
AB01-PDF0095-body-L016	95	6	SRC01	body	NALLINO_TRANSLATION	source_text_line	page + manually delimited zone + ordinal source line/object	NOT_ASSERTED	illae partes in ternas alias dividuntur, qua re circulus sphaerae duodecim sectiones amplecti-
AB01-PDF0095-body-L017	95	6	SRC01	body	NALLINO_TRANSLATION	source_text_line	page + manually delimited zone + ordinal source line/object	NOT_ASSERTED	tur. Punctum vernale omnium praestantissimum existimaverunt, et dignissimum quod velut
AB01-PDF0095-body-L018	95	6	SRC01	body	NALLINO_TRANSLATION	source_text_line	page + manually delimited zone + ordinal source line/object	NOT_ASSERTED	initium haberetur; hoc enim tempore, post aequinoctium, incipit dies augescere atque Sol in
AB01-PDF0095-body-L019	95	6	SRC01	body	NALLINO_TRANSLATION	source_text_line	page + manually delimited zone + ordinal source line/object	NOT_ASSERTED	hemisphaerio boreali ascendere, et, propter commixtum cum aliquo calore humorem, quam
AB01-PDF0095-body-L020	95	6	SRC01	body	NALLINO_TRANSLATION	source_text_line	page + manually delimited zone + ordinal source line/object	NOT_ASSERTED	maxime omnia virescunt vivuntque (1). Hinc itaque partes sphaerae numerare ceperunt.
AB01-PDF0095-body-L021	95	6	SRC01	body	NALLINO_TRANSLATION	source_text_line	page + manually delimited zone + ordinal source line/object	NOT_ASSERTED	Duodecim constellationes duodecim has partes, <i>signa</i> appellatas, sequi invenere, qua re
AB01-PDF0095-body-L022	95	6	SRC01	body	NALLINO_TRANSLATION	source_text_line	page + manually delimited zone + ordinal source line/object	NOT_ASSERTED	signum quodque nomine constellationis ipsum sequentis vocaverunt, licet decursu temporis
AB01-PDF0095-body-L023	95	6	SRC01	body	NALLINO_TRANSLATION	source_text_line	page + manually delimited zone + ordinal source line/object	NOT_ASSERTED	haec eadem sidera a locis homonymorum signorum recesserint. Est ergo prima pars Aries,
AB01-PDF0095-body-L024	95	6	SRC01	body	NALLINO_TRANSLATION	source_text_line	page + manually delimited zone + ordinal source line/object	NOT_ASSERTED	quam Taurus, Gemini, Cancer, Leo, Virgo, Libra, Scorpius, Sagittarius, Capricornus, Aquarius,
AB01-PDF0095-body-L025	95	6	SRC01	body	NALLINO_TRANSLATION	source_text_line	page + manually delimited zone + ordinal source line/object	NOT_ASSERTED	Pisces ordinatim subsequuntur. E 360 partibus quas circumferentia sphaerae amplectitur, et
AB01-PDF0095-body-L026	95	6	SRC01	body	NALLINO_TRANSLATION	source_text_line	page + manually delimited zone + ordinal source line/object	NOT_ASSERTED	<i>gradus</i> appellantur, tricenae singulis signis tribuuntur. Singuli gradus in 60 portiones divi-
AB01-PDF0095-body-L027	95	6	SRC01	body	NALLINO_TRANSLATION	source_text_line	page + manually delimited zone + ordinal source line/object	NOT_ASSERTED	duntur, quae <i>minuta</i> vocantur; minutum 60 <i>secundas</i> complectitur, secunda 60 <i>tertias</i>, quae
AB01-PDF0095-body-L028	95	6	SRC01	body	NALLINO_TRANSLATION	source_text_line	page + manually delimited zone + ordinal source line/object	NOT_ASSERTED	eodem modo usque ad decimas et amplius dividuntur.
AB01-PDF0095-body-L029	95	6	SRC01	body	NALLINO_TRANSLATION	source_text_line	page + manually delimited zone + ordinal source line/object	NOT_ASSERTED	Duorum numerorum multiplicatio, idem est ac alterum ipsi toties adiicere quot alterius
AB01-PDF0095-body-L030	95	6	SRC01	body	NALLINO_TRANSLATION	source_text_line	page + manually delimited zone + ordinal source line/object	NOT_ASSERTED	unitates sunt, scilicet unitates in unitates multiplicare. Fractiones in unitates multiplicas, frac-
AB01-PDF0095-body-L031	95	6	SRC01	body	NALLINO_TRANSLATION	source_text_line	page + manually delimited zone + ordinal source line/object	NOT_ASSERTED	tiones toties quot unitates sunt duplicando; quod idem est ac unitates per portionem unitatis
AB01-PDF0095-body-L032	95	6	SRC01	body	NALLINO_TRANSLATION	source_text_line	page + manually delimited zone + ordinal source line/object	NOT_ASSERTED	quam fractio continet dividere. Fractio in fractionem multiplicatur, cum altera per partem
AB01-PDF0095-body-L033	95	6	SRC01	body	NALLINO_TRANSLATION	source_text_line	page + manually delimited zone + ordinal source line/object	NOT_ASSERTED	unitatis altera contentam dividatur.
AB01-PDF0095-body-L034	95	6	SRC01	body	NALLINO_TRANSLATION	source_text_line	page + manually delimited zone + ordinal source line/object	NOT_ASSERTED	Itaque si gradus in gradus multiplicas, exeunt gradus; in minuta, minuta; in secundas,
AB01-PDF0095-body-L035	95	6	SRC01	body	NALLINO_TRANSLATION	source_text_line	page + manually delimited zone + ordinal source line/object	NOT_ASSERTED	secundae; idemque e tertiis, quartis ceterisque evenit, productum scilicet semper est ex ordine
AB01-PDF0095-body-L036	95	6	SRC01	body	NALLINO_TRANSLATION	source_text_line	page + manually delimited zone + ordinal source line/object	NOT_ASSERTED	inferiore in quem gradus multiplicati sunt. Ordines infra gradus, ut minuta ceterique, in se-
AB01-PDF0095-body-L037	95	6	SRC01	body	NALLINO_TRANSLATION	source_text_line	page + manually delimited zone + ordinal source line/object	NOT_ASSERTED	metipsos multiplicati efficiunt ordines inferiores a se tantum distantes, quantum et ipsi a gradu
AB01-PDF0095-notes_left-L001	95	6	SRC01	notes_left	NALLINO_APPARATUS	source_text_line	page + manually delimited zone + ordinal source line/object	NOT_ASSERTED	(1) Similia de puncto vernali iam apud <n>Abū
AB01-PDF0095-notes_left-L002	95	6	SRC01	notes_left	NALLINO_APPARATUS	source_text_line	page + manually delimited zone + ordinal source line/object	NOT_ASSERTED	Maʿshar</n> (obiit anno D. 885) leguntur: <i>Introducto-
AB01-PDF0095-notes_left-L003	95	6	SRC01	notes_left	NALLINO_APPARATUS	source_text_line	page + manually delimited zone + ordinal source line/object	NOT_ASSERTED	rium in Astronomiam</i> <n>Albumasaris Abala-
AB01-PDF0095-notes_left-L004	95	6	SRC01	notes_left	NALLINO_APPARATUS	source_text_line	page + manually delimited zone + ordinal source line/object	NOT_ASSERTED	chi</n> <i>octo continens libri partiales</i>, Venetiis 1506,
AB01-PDF0095-notes_left-L005	95	6	SRC01	notes_left	NALLINO_APPARATUS	source_text_line	page + manually delimited zone + ordinal source line/object	NOT_ASSERTED	lib. II, cap. 5. — Ab initio capitis hucusque eadem
AB01-PDF0095-notes_left-L006	95	6	SRC01	notes_left	NALLINO_APPARATUS	source_text_line	page + manually delimited zone + ordinal source line/object	NOT_ASSERTED	iisdem fere verbis habentur in libro anno D. 1165 ab
AB01-PDF0095-notes_right-L001	95	6	SRC01	notes_right	NALLINO_APPARATUS	source_text_line	page + manually delimited zone + ordinal source line/object	NOT_ASSERTED	Hebraeo-hispano Abhrāhām bar Ḥiyyā Hebraice con-
AB01-PDF0095-notes_right-L002	95	6	SRC01	notes_right	NALLINO_APPARATUS	source_text_line	page + manually delimited zone + ordinal source line/object	NOT_ASSERTED	scripto (<i>Sphaera mundi auctore Rabbi</i> <n>Abrahamo
AB01-PDF0095-notes_right-L003	95	6	SRC01	notes_right	NALLINO_APPARATUS	source_text_line	page + manually delimited zone + ordinal source line/object	NOT_ASSERTED	Hispano filio R. Haijae.</n> <i>Osw. Schreckenfuch-
AB01-PDF0095-notes_right-L004	95	6	SRC01	notes_right	NALLINO_APPARATUS	source_text_line	page + manually delimited zone + ordinal source line/object	NOT_ASSERTED	sius vertit in linguam Latinam, Seb. Munsterus
AB01-PDF0095-notes_right-L005	95	6	SRC01	notes_right	NALLINO_APPARATUS	source_text_line	page + manually delimited zone + ordinal source line/object	NOT_ASSERTED	illustravit annotationibus.</i> Basileae 1546, cap. II,
AB01-PDF0095-notes_right-L006	95	6	SRC01	notes_right	NALLINO_APPARATUS	source_text_line	page + manually delimited zone + ordinal source line/object	NOT_ASSERTED	p. 18-19 versionis).
AB01-PDF0095-margins-L001	95	6	SRC01	margins	NALLINO_APPARATUS	source_marginal_register	page + manually delimited zone + ordinal source line/object	NOT_ASSERTED	p. 8.
AB01-PDF0095-margins-L002	95	6	SRC01	margins	NALLINO_APPARATUS	source_marginal_register	page + manually delimited zone + ordinal source line/object	NOT_ASSERTED	p. 9.
AB01-PDF0095-margins-L003	95	6	SRC01	margins	NALLINO_APPARATUS	source_marginal_register	page + manually delimited zone + ordinal source line/object	NOT_ASSERTED	5; 10; 15; 20; 25; 30; 35; 40.
AB01-PDF0096-body-L001	96	7	SRC01	body	NALLINO_TRANSLATION	source_text_line	page + manually delimited zone + ordinal source line/object	NOT_ASSERTED	distant. Minuta igitur in minuta multiplicata, secundas efficiunt; in secundas, tertias; simi-
AB01-PDF0096-body-L002	96	7	SRC01	body	NALLINO_TRANSLATION	source_text_line	page + manually delimited zone + ordinal source line/object	NOT_ASSERTED	liter in tertias vel quartas multiplicata, ad hunc modum de suo ordine derogant. E se-
AB01-PDF0096-body-L003	96	7	SRC01	body	NALLINO_TRANSLATION	source_text_line	page + manually delimited zone + ordinal source line/object	NOT_ASSERTED	cundis in semetipsas multiplicatis oriuntur quartae; e secundis in tertias, quintae; idemque
AB01-PDF0096-body-L004	96	7	SRC01	body	NALLINO_TRANSLATION	source_text_line	page + manually delimited zone + ordinal source line/object	NOT_ASSERTED	derogandi modus in sequentibus observatur.
AB01-PDF0096-body-L005	96	7	SRC01	body	NALLINO_TRANSLATION	source_text_line	page + manually delimited zone + ordinal source line/object	NOT_ASSERTED	Omnes horum ordinum numeri, sive multiplicatione sive additione collecti, cum 60 at-
AB01-PDF0096-body-L006	96	7	SRC01	body	NALLINO_TRANSLATION	source_text_line	page + manually delimited zone + ordinal source line/object	NOT_ASSERTED	tigerint, per 60, ad quae est ratio omnium [harum] fractionum, dividantur; quod provenerit
AB01-PDF0096-body-L007	96	7	SRC01	body	NALLINO_TRANSLATION	source_text_line	page + manually delimited zone + ordinal source line/object	NOT_ASSERTED	ad superiorem ordinem redibit. — Si de numero alium eiusdem ordinis at eo maiorem de-
AB01-PDF0096-body-L008	96	7	SRC01	body	NALLINO_TRANSLATION	source_text_line	page + manually delimited zone + ordinal source line/object	NOT_ASSERTED	mere necesse est, de numero superioris ordinis unitatem detrahe, et, veluti 60 computatam,
AB01-PDF0096-body-L009	96	7	SRC01	body	NALLINO_TRANSLATION	source_text_line	page + manually delimited zone + ordinal source line/object	NOT_ASSERTED	illi adde; de summa quod est demendum minue, et residuum simul ac residuum ordinis su-
AB01-PDF0096-body-L010	96	7	SRC01	body	NALLINO_TRANSLATION	source_text_line	page + manually delimited zone + ordinal source line/object	NOT_ASSERTED	perioris serva. — Gradus, additione caelestium motuum collecti, sunt cum circulo toto com-
AB01-PDF0096-body-L011	96	7	SRC01	body	NALLINO_TRANSLATION	source_text_line	page + manually delimited zone + ordinal source line/object	NOT_ASSERTED	parandi, qui 360 partes vel gradus complectitur; si eorum numerus circulum vel plures cir-
AB01-PDF0096-body-L012	96	7	SRC01	body	NALLINO_TRANSLATION	source_text_line	page + manually delimited zone + ordinal source line/object	NOT_ASSERTED	culos excedit, circulus vel circuli superati detrahendi sunt, et residuum tantum servari debet.
AB01-PDF0096-body-L013	96	7	SRC01	body	NALLINO_TRANSLATION	source_text_line	page + manually delimited zone + ordinal source line/object	NOT_ASSERTED	Si de graduum numero alium eo maiorem demere debes, illi circulum adde, de summa quod
AB01-PDF0096-body-L014	96	7	SRC01	body	NALLINO_TRANSLATION	source_text_line	page + manually delimited zone + ordinal source line/object	NOT_ASSERTED	est detrahendum minue, et residuo utere.
AB01-PDF0096-body-L015	96	7	SRC01	body	NALLINO_TRANSLATION	source_text_line	page + manually delimited zone + ordinal source line/object	NOT_ASSERTED	Si quemcumque graduum vel fractionum ordinem in alterum multiplicare vis, e tabula hic
AB01-PDF0096-body-L016	96	7	SRC01	body	NALLINO_TRANSLATION	source_text_line	page + manually delimited zone + ordinal source line/object	NOT_ASSERTED	posita ordinem producti hoc modo cognosce: super alterutram linearum AB, areolam in qua
AB01-PDF0096-body-L017	96	7	SRC01	body	NALLINO_TRANSLATION	source_text_line	page + manually delimited zone + ordinal source line/object	NOT_ASSERTED	ordo multiplicandus notatur quaere; ab ea perpendiculi modo proficiscens, ad lineam ordinis
AB01-PDF0096-body-L018	96	7	SRC01	body	NALLINO_TRANSLATION	source_text_line	page + manually delimited zone + ordinal source line/object	NOT_ASSERTED	multiplicatoris perveni, et ordinem producti habebis. Ut exemplum praebeamus, si quartas in
AB01-PDF0096-body-L019	96	7	SRC01	body	NALLINO_TRANSLATION	source_text_line	page + manually delimited zone + ordinal source line/object	NOT_ASSERTED	tertias multiplicare cupis, in columna AB, chartae latitudinem sequenti, alterutrum ordinem ac-
AB01-PDF0096-body-L020	96	7	SRC01	body	NALLINO_TRANSLATION	source_text_line	page + manually delimited zone + ordinal source line/object	NOT_ASSERTED	cipe; sitque is ordo tertiarum. Ad perpendiculum progredere usque ad lineam quartarum quae
AB01-PDF0096-body-L021	96	7	SRC01	body	NALLINO_TRANSLATION	source_text_line	page + manually delimited zone + ordinal source line/object	NOT_ASSERTED	in altera columna AB, iuxta longitudinem chartae descripta, indicatur; areola ad quam per-
AB01-PDF0096-body-L022	96	7	SRC01	body	NALLINO_TRANSLATION	source_text_line	page + manually delimited zone + ordinal source line/object	NOT_ASSERTED	venisti septimas continet, quae sunt igitur producti ordo. Si quartas in prima columna AB,
AB01-PDF0096-body-L023	96	7	SRC01	body	NALLINO_TRANSLATION	source_text_line	page + manually delimited zone + ordinal source line/object	NOT_ASSERTED	tertias in altera AB accepisses, septimas pariter reperisses. Eodem modo, Deo volente, ob re-
AB01-PDF0096-body-L024	96	7	SRC01	body	NALLINO_TRANSLATION	source_text_line	page + manually delimited zone + ordinal source line/object	NOT_ASSERTED	liquos ordines operandum est.
AB01-PDF0096-body-L025	96	7	SRC01	body	NALLINO_TRANSLATION	source_object	page + manually delimited zone + ordinal source line/object	NOT_ASSERTED	<table>AB01-PDF0096-T01</table>
AB01-PDF0096-margins-L001	96	7	SRC01	margins	NALLINO_APPARATUS	source_marginal_register	page + manually delimited zone + ordinal source line/object	NOT_ASSERTED	p. 10.
AB01-PDF0096-margins-L002	96	7	SRC01	margins	NALLINO_APPARATUS	source_marginal_register	page + manually delimited zone + ordinal source line/object	NOT_ASSERTED	5; 10; 15; 20; 25; 30; 35; 40.
AB01-PDF0097-body-L001	97	8	SRC01	body	NALLINO_TRANSLATION	source_text_line	page + manually delimited zone + ordinal source line/object	NOT_ASSERTED	Radix cuiuslibet numeri cuiuslibet generis est numerus, qui in semetipsum multiplicatus
AB01-PDF0097-body-L002	97	8	SRC01	body	NALLINO_TRANSLATION	source_text_line	page + manually delimited zone + ordinal source line/object	NOT_ASSERTED	numerum datum efficit. Sed hoc modo illorum [sexagesimalium] ordinum radices non inve-
AB01-PDF0097-body-L003	97	8	SRC01	body	NALLINO_TRANSLATION	source_text_line	page + manually delimited zone + ordinal source line/object	NOT_ASSERTED	niuntur, ob [ordinis] differentiam quam ex eorum in se vel in alios multiplicatione nuper
AB01-PDF0097-body-L004	97	8	SRC01	body	NALLINO_TRANSLATION	source_text_line	page + manually delimited zone + ordinal source line/object	NOT_ASSERTED	evenire ostendimus; gradibus tantum exceptis, quorum radices gradus necessarie remanent,
AB01-PDF0097-body-L005	97	8	SRC01	body	NALLINO_TRANSLATION	source_text_line	page + manually delimited zone + ordinal source line/object	NOT_ASSERTED	nam gradus in semetipsos multiplicati gradus efficiunt. Reliquae fractiones [sexagesimae] ex
AB01-PDF0097-body-L006	97	8	SRC01	body	NALLINO_TRANSLATION	source_text_line	page + manually delimited zone + ordinal source line/object	NOT_ASSERTED	ordinibus quorum numerus par est, velut secundae, quartae, sextae et similes, radicem ex
AB01-PDF0097-body-L007	97	8	SRC01	body	NALLINO_TRANSLATION	source_text_line	page + manually delimited zone + ordinal source line/object	NOT_ASSERTED	eo ordine superiore habent, cuius numerus est sui medietas; radices igitur secundarum sunt
AB01-PDF0097-body-L008	97	8	SRC01	body	NALLINO_TRANSLATION	source_text_line	page + manually delimited zone + ordinal source line/object	NOT_ASSERTED	minuta; quartarum, secundae. Fractiones ex ordinibus quorum numerus est impar, velut mi-
AB01-PDF0097-body-L009	97	8	SRC01	body	NALLINO_TRANSLATION	source_text_line	page + manually delimited zone + ordinal source line/object	NOT_ASSERTED	nuta, tertiae et similia, radice nota carent, nisi ad ordinem inferiorem, pari numero denomi-
AB01-PDF0097-body-L010	97	8	SRC01	body	NALLINO_TRANSLATION	source_text_line	page + manually delimited zone + ordinal source line/object	NOT_ASSERTED	natum, reducantur, ut regulam nuper memoratam sequi possint; minuta igitur in secundas,
AB01-PDF0097-body-L011	97	8	SRC01	body	NALLINO_TRANSLATION	source_text_line	page + manually delimited zone + ordinal source line/object	NOT_ASSERTED	tertias in quartas converte.
AB01-PDF0097-body-L012	97	8	SRC01	body	NALLINO_TRANSLATION	source_text_line	page + manually delimited zone + ordinal source line/object	NOT_ASSERTED	Divisio numeri maioris per minorem est quoties primus alterum contineat deprehendere;
AB01-PDF0097-body-L013	97	8	SRC01	body	NALLINO_TRANSLATION	source_text_line	page + manually delimited zone + ordinal source line/object	NOT_ASSERTED	divisio minoris per maiorem est quanta pars secundi primus sit cognoscere. Est igitur opera-
AB01-PDF0097-body-L014	97	8	SRC01	body	NALLINO_TRANSLATION	source_text_line	page + manually delimited zone + ordinal source line/object	NOT_ASSERTED	tio contraria multiplicationi et extrahendis radicibus. — Gradus per gradus divisi gradus ef-
AB01-PDF0097-body-L015	97	8	SRC01	body	NALLINO_TRANSLATION	source_text_line	page + manually delimited zone + ordinal source line/object	NOT_ASSERTED	ficiunt. In reliquis ordinibus, cum inferior per superiorem, sive contiguum sive non contiguum,
AB01-PDF0097-body-L016	97	8	SRC01	body	NALLINO_TRANSLATION	source_text_line	page + manually delimited zone + ordinal source line/object	NOT_ASSERTED	dividatur, ordo quotientis numerum habet, qui, numero ordinis divisoris additus, numerum
AB01-PDF0097-body-L017	97	8	SRC01	body	NALLINO_TRANSLATION	source_text_line	page + manually delimited zone + ordinal source line/object	NOT_ASSERTED	ordinis dividendi efficit; e secundis igitur per minuta divisis, minuta proveniunt; e sextis per
AB01-PDF0097-body-L018	97	8	SRC01	body	NALLINO_TRANSLATION	source_text_line	page + manually delimited zone + ordinal source line/object	NOT_ASSERTED	quartas, secundae. — Ordo superior, per inferiorem dividendus, debet antea in inferiorem
AB01-PDF0097-body-L019	97	8	SRC01	body	NALLINO_TRANSLATION	source_text_line	page + manually delimited zone + ordinal source line/object	NOT_ASSERTED	converti; e divisione proveniunt gradus. Itaque cum sint minuta per sextas dividenda, minuta
AB01-PDF0097-body-L020	97	8	SRC01	body	NALLINO_TRANSLATION	source_text_line	page + manually delimited zone + ordinal source line/object	NOT_ASSERTED	in sextas converte, et per sextas datas divide; exibunt gradus.
AB01-PDF0097-body-L021	97	8	SRC01	body	NALLINO_TRANSLATION	source_object	page + manually delimited zone + ordinal source line/object	NOT_ASSERTED	<table>AB01-PDF0097-T01</table>
AB01-PDF0097-body-L022	97	8	SRC01	body	NALLINO_TRANSLATION	source_text_line	page + manually delimited zone + ordinal source line/object	NOT_ASSERTED	Si e tabula hic descripta ordinem qui e divisione ordinis inferioris per superiorem pro-
AB01-PDF0097-body-L023	97	8	SRC01	body	NALLINO_TRANSLATION	source_text_line	page + manually delimited zone + ordinal source line/object	NOT_ASSERTED	venit, cognoscere vis, in columna AB vel AD ordinem inferiorem dividendum quaere; deinde
AB01-PDF0097-margins-L001	97	8	SRC01	margins	NALLINO_APPARATUS	source_marginal_register	page + manually delimited zone + ordinal source line/object	NOT_ASSERTED	p. 11.
AB01-PDF0097-margins-L002	97	8	SRC01	margins	NALLINO_APPARATUS	source_marginal_register	page + manually delimited zone + ordinal source line/object	NOT_ASSERTED	p. 12.
AB01-PDF0097-margins-L003	97	8	SRC01	margins	NALLINO_APPARATUS	source_marginal_register	page + manually delimited zone + ordinal source line/object	NOT_ASSERTED	5; 10; 15; 20; 25; 30; 35; 40; 45.
AB01-PDF0098-body-L001	98	9	SRC01	body	NALLINO_TRANSLATION	source_text_line	page + manually delimited zone + ordinal source line/object	NOT_ASSERTED	ad perpendiculum usque ad lineam ordinis divisoris progrediens, ordinem quotientis invenies.
AB01-PDF0098-body-L002	98	9	SRC01	body	NALLINO_TRANSLATION	source_text_line	page + manually delimited zone + ordinal source line/object	NOT_ASSERTED	Qui, per ordinem divisoris multiplicatus, rursum ordinem fractionis [sexagesimae] dividendae
AB01-PDF0098-body-L003	98	9	SRC01	body	NALLINO_TRANSLATION	source_text_line	page + manually delimited zone + ordinal source line/object	NOT_ASSERTED	dabit. Si ordinem superiorem per inferiorem dividere vis, illum in istum converte; tunc eius
AB01-PDF0098-body-L004	98	9	SRC01	body	NALLINO_TRANSLATION	source_text_line	page + manually delimited zone + ordinal source line/object	NOT_ASSERTED	numerum in quavis duarum columnarum inveni; ad perpendiculum usque ad lineam ordinis
AB01-PDF0098-body-L005	98	9	SRC01	body	NALLINO_TRANSLATION	source_text_line	page + manually delimited zone + ordinal source line/object	NOT_ASSERTED	divisoris progredere; gradus habebis. Similiter e divisione ordinis per ordinem aequalem sem-
AB01-PDF0098-body-L006	98	9	SRC01	body	NALLINO_TRANSLATION	source_text_line	page + manually delimited zone + ordinal source line/object	NOT_ASSERTED	per gradus proveniunt, Deo Altissimo volente, apud quem auxilium invenimus.
AB01-PDF0098-body-L007	98	9	SRC01	body	NALLINO_TRANSLATION	source_text_line	page + manually delimited zone + ordinal source line/object	NOT_ASSERTED	<center><b>CAPUT III.</b></center>
AB01-PDF0098-body-L008	98	9	SRC01	body	NALLINO_TRANSLATION	source_text_line	page + manually delimited zone + ordinal source line/object	NOT_ASSERTED	<center>De chordarum dimensione quae gradibus circumferentiae respondent;</center>
AB01-PDF0098-body-L009	98	9	SRC01	body	NALLINO_TRANSLATION	source_text_line	page + manually delimited zone + ordinal source line/object	NOT_ASSERTED	<center>de dimidiis chordis duplorum arcuum in tabulis ponendis, ac de</center>
AB01-PDF0098-body-L010	98	9	SRC01	body	NALLINO_TRANSLATION	source_text_line	page + manually delimited zone + ordinal source line/object	NOT_ASSERTED	<center>earum usu.</center>
AB01-PDF0098-body-L011	98	9	SRC01	body	NALLINO_TRANSLATION	source_text_line	page + manually delimited zone + ordinal source line/object	NOT_ASSERTED	Dixit [auctor]: Dissentierunt inter se veteres de diametri ad suam circumferentiam ratione,
AB01-PDF0098-body-L012	98	9	SRC01	body	NALLINO_TRANSLATION	source_text_line	page + manually delimited zone + ordinal source line/object	NOT_ASSERTED	licet ad veritatem appropinquaverint. Dicebant alii circumferentiam <m>3\frac{1}{7}</m> diametros continere,
AB01-PDF0098-body-L013	98	9	SRC01	body	NALLINO_TRANSLATION	source_text_line	page + manually delimited zone + ordinal source line/object	NOT_ASSERTED	alii paulo amplius quam <m>3\frac{10}{71}</m> (1); praeclarus autem Ptolemaeus et Astronomi quantitatem
AB01-PDF0098-body-L014	98	9	SRC01	body	NALLINO_TRANSLATION	source_text_line	page + manually delimited zone + ordinal source line/object	NOT_ASSERTED	intermediam delegerunt, quae est <m>3\frac{1}{10}</m> addita quarta parte unius sextae (2). Nobis veritatis
AB01-PDF0098-body-L015	98	9	SRC01	body	NALLINO_TRANSLATION	source_text_line	page + manually delimited zone + ordinal source line/object	NOT_ASSERTED	cognitio non est ad inveniendas chordas necessaria, quoniam nulla est inter arcus et chordas
AB01-PDF0098-body-L016	98	9	SRC01	body	NALLINO_TRANSLATION	source_text_line	page + manually delimited zone + ordinal source line/object	NOT_ASSERTED	ad invicem proportio, et hoc (3) tantum ex ipsis chordis deprehenditur. Nullum detrimen-
AB01-PDF0098-body-L017	98	9	SRC01	body	NALLINO_TRANSLATION	source_text_line	page + manually delimited zone + ordinal source line/object	NOT_ASSERTED	tum igitur accipiemus, diametrum ad libitum ponentes; et quoniam Ptolemaeus, ut calculos
AB01-PDF0098-body-L018	98	9	SRC01	body	NALLINO_TRANSLATION	source_text_line	page + manually delimited zone + ordinal source line/object	NOT_ASSERTED	faciliores redderet, eam 120 partes complecti proposuit, hanc rationem nos quoque in hoc
AB01-PDF0098-body-L019	98	9	SRC01	body	NALLINO_TRANSLATION	source_text_line	page + manually delimited zone + ordinal source line/object	NOT_ASSERTED	libro sequimur.
AB01-PDF0098-body-L020	98	9	SRC01	body	NALLINO_TRANSLATION	source_text_line	page + manually delimited zone + ordinal source line/object	NOT_ASSERTED	Probationibus geometricis demonstratur chordam sextae partis circumferentiae aequalem
AB01-PDF0098-body-L021	98	9	SRC01	body	NALLINO_TRANSLATION	source_text_line	page + manually delimited zone + ordinal source line/object	NOT_ASSERTED	semidiametro esse. Et quoniam statuimus circumferentiam in 360 gradus dividi, sexta eius
AB01-PDF0098-body-L022	98	9	SRC01	body	NALLINO_TRANSLATION	source_text_line	page + manually delimited zone + ordinal source line/object	NOT_ASSERTED	pars 60 graduum erit; chorda autem huius sextae partis 60 partes quoque complectetur, dia-
AB01-PDF0098-body-L023	98	9	SRC01	body	NALLINO_TRANSLATION	source_text_line	page + manually delimited zone + ordinal source line/object	NOT_ASSERTED	metrum enim 120 partes continere statuimus.
AB01-PDF0098-body-L024	98	9	SRC01	body	NALLINO_TRANSLATION	source_text_line	page + manually delimited zone + ordinal source line/object	NOT_ASSERTED	Si quadratum chordae sextae partis circumferentiae de quadrato diametri dematur, radix
AB01-PDF0098-body-L025	98	9	SRC01	body	NALLINO_TRANSLATION	source_text_line	page + manually delimited zone + ordinal source line/object	NOT_ASSERTED	residui est chorda tertiae partis circuli.
AB01-PDF0098-body-L026	98	9	SRC01	body	NALLINO_TRANSLATION	source_text_line	page + manually delimited zone + ordinal source line/object	NOT_ASSERTED	Si quadratum chordae cuiuslibet arcus de quadrato diametri dematur, radix residui est
AB01-PDF0098-body-L027	98	9	SRC01	body	NALLINO_TRANSLATION	source_text_line	page + manually delimited zone + ordinal source line/object	NOT_ASSERTED	chorda arcus supplementaris.
AB01-PDF0098-body-L028	98	9	SRC01	body	NALLINO_TRANSLATION	source_text_line	page + manually delimited zone + ordinal source line/object	NOT_ASSERTED	Chorda quartae partis circumferentiae est radix dupli quadrati semidiametri.
AB01-PDF0098-body-L029	98	9	SRC01	body	NALLINO_TRANSLATION	source_text_line	page + manually delimited zone + ordinal source line/object	NOT_ASSERTED	Si quadrato semidiametri quadratum quartae partis diametri addatur, et de radice huius
AB01-PDF0098-body-L030	98	9	SRC01	body	NALLINO_TRANSLATION	source_text_line	page + manually delimited zone + ordinal source line/object	NOT_ASSERTED	summae quarta pars diametri dematur, remanet chorda decimae partis circumferentiae.
AB01-PDF0098-body-L031	98	9	SRC01	body	NALLINO_TRANSLATION	source_text_line	page + manually delimited zone + ordinal source line/object	NOT_ASSERTED	Quadratum chordae decimae partis si quadrato semidiametri addatur, summae radix est
AB01-PDF0098-body-L032	98	9	SRC01	body	NALLINO_TRANSLATION	source_text_line	page + manually delimited zone + ordinal source line/object	NOT_ASSERTED	chorda quintae partis circumferentiae.
AB01-PDF0098-body-L033	98	9	SRC01	body	NALLINO_TRANSLATION	source_text_line	page + manually delimited zone + ordinal source line/object	NOT_ASSERTED	Chordam differentiae duorum arcuum, quorum chordae sunt notae, hoc modo invenies:
AB01-PDF0098-body-L034	98	9	SRC01	body	NALLINO_TRANSLATION	source_text_line	page + manually delimited zone + ordinal source line/object	NOT_ASSERTED	Chordam eorum cuiusque in chordam arcus supplementaris multiplica; duorum productorum
AB01-PDF0098-body-L035	98	9	SRC01	body	NALLINO_TRANSLATION	source_text_line	page + manually delimited zone + ordinal source line/object	NOT_ASSERTED	differentiam per diametrum divide; exibit chorda differentiae arcuum datorum.
AB01-PDF0098-notes_left-L001	98	9	SRC01	notes_left	NALLINO_APPARATUS	source_text_line	page + manually delimited zone + ordinal source line/object	NOT_ASSERTED	(1) <m>3\frac{10}{71} < \pi < 3\frac{10}{70}</m> est quantitas ab Archi-
AB01-PDF0098-notes_left-L002	98	9	SRC01	notes_left	NALLINO_APPARATUS	source_text_line	page + manually delimited zone + ordinal source line/object	NOT_ASSERTED	mede reperta.
AB01-PDF0098-notes_left-L003	98	9	SRC01	notes_left	NALLINO_APPARATUS	source_text_line	page + manually delimited zone + ordinal source line/object	NOT_ASSERTED	(2) Id est <m>3\frac{1}{10}+\frac{1}{24}=3\frac{17}{120}</m>, aut, ut Ptole-
AB01-PDF0098-notes_left-L004	98	9	SRC01	notes_left	NALLINO_APPARATUS	source_text_line	page + manually delimited zone + ordinal source line/object	NOT_ASSERTED	maeus partibus sexagesimis utens scribit, <m>3^{p}\,8^{m}\,30^{s}</m>
AB01-PDF0098-notes_left-L005	98	9	SRC01	notes_left	NALLINO_APPARATUS	source_text_line	page + manually delimited zone + ordinal source line/object	NOT_ASSERTED	(<i>Almag.</i> VI, 7; edit. Halma, t. I, p. 421). — Male
AB01-PDF0098-notes_right-L001	98	9	SRC01	notes_right	NALLINO_APPARATUS	source_text_line	page + manually delimited zone + ordinal source line/object	NOT_ASSERTED	Plato habet: « triplam, decima parte unius tertiae,
AB01-PDF0098-notes_right-L002	98	9	SRC01	notes_right	NALLINO_APPARATUS	source_text_line	page + manually delimited zone + ordinal source line/object	NOT_ASSERTED	« et quarta unius sextae eiusdem tertiae supera-
AB01-PDF0098-notes_right-L003	98	9	SRC01	notes_right	NALLINO_APPARATUS	source_text_line	page + manually delimited zone + ordinal source line/object	NOT_ASSERTED	« diectis ».
AB01-PDF0098-notes_right-L004	98	9	SRC01	notes_right	NALLINO_APPARATUS	source_text_line	page + manually delimited zone + ordinal source line/object	NOT_ASSERTED	(3) Ratio scilicet chordae dati arcus ad chor-
AB01-PDF0098-notes_right-L005	98	9	SRC01	notes_right	NALLINO_APPARATUS	source_text_line	page + manually delimited zone + ordinal source line/object	NOT_ASSERTED	dam alterius.
AB01-PDF0098-margins-L001	98	9	SRC01	margins	NALLINO_APPARATUS	source_marginal_register	page + manually delimited zone + ordinal source line/object	NOT_ASSERTED	p. 12.
AB01-PDF0098-margins-L002	98	9	SRC01	margins	NALLINO_APPARATUS	source_marginal_register	page + manually delimited zone + ordinal source line/object	NOT_ASSERTED	p. 13.
AB01-PDF0098-margins-L003	98	9	SRC01	margins	NALLINO_APPARATUS	source_marginal_register	page + manually delimited zone + ordinal source line/object	NOT_ASSERTED	p. 14.
AB01-PDF0098-margins-L004	98	9	SRC01	margins	NALLINO_APPARATUS	source_marginal_register	page + manually delimited zone + ordinal source line/object	NOT_ASSERTED	5; 10; 15; 20; 25; 30; 35; 40.
AB01-PDF0098-margins-L005	98	9	SRC01	margins	NALLINO_APPARATUS	source_marginal_register	page + manually delimited zone + ordinal source line/object	NOT_ASSERTED	2 [signature]
AB01-PDF0099-body-L001	99	10	SRC01	body	NALLINO_TRANSLATION	source_text_line	page + manually delimited zone + ordinal source line/object	NOT_ASSERTED	Chordam dimidii arcus hoc modo cognosces: Chordam arcus supplementaris de diametro
AB01-PDF0099-body-L002	99	10	SRC01	body	NALLINO_TRANSLATION	source_text_line	page + manually delimited zone + ordinal source line/object	NOT_ASSERTED	deme; semidifferentiam in diametrum multiplica; producti radix est chorda dimidii arcus.
AB01-PDF0099-body-L003	99	10	SRC01	body	NALLINO_TRANSLATION	source_text_line	page + manually delimited zone + ordinal source line/object	NOT_ASSERTED	Chordam summae duorum arcuum hoc modo deprehendes: Alterius chordam in chordam
AB01-PDF0099-body-L004	99	10	SRC01	body	NALLINO_TRANSLATION	source_text_line	page + manually delimited zone + ordinal source line/object	NOT_ASSERTED	alterius multiplica; item chordam supplementi in chordam supplementi alterius; productorum
AB01-PDF0099-body-L005	99	10	SRC01	body	NALLINO_TRANSLATION	source_text_line	page + manually delimited zone + ordinal source line/object	NOT_ASSERTED	differentiam per diametrum divide; exibit chorda arcus qui summae datorum arcuum est
AB01-PDF0099-body-L006	99	10	SRC01	body	NALLINO_TRANSLATION	source_text_line	page + manually delimited zone + ordinal source line/object	NOT_ASSERTED	supplementaris. Huius chordae quadratum de quadrato diametri deme; radix residui est chorda
AB01-PDF0099-body-L007	99	10	SRC01	body	NALLINO_TRANSLATION	source_text_line	page + manually delimited zone + ordinal source line/object	NOT_ASSERTED	summae arcuum datorum. — Hoc modo omnes reliquae chordae in semicirculo, quae cogno-
AB01-PDF0099-body-L008	99	10	SRC01	body	NALLINO_TRANSLATION	source_text_line	page + manually delimited zone + ordinal source line/object	NOT_ASSERTED	sci (1) possunt, inveniuntur.
AB01-PDF0099-body-L009	99	10	SRC01	body	NALLINO_TRANSLATION	source_text_line	page + manually delimited zone + ordinal source line/object	NOT_ASSERTED	Chordae quae demonstrationibus geometricis cognosci nequeunt, ut chorda unius gradus
AB01-PDF0099-body-L010	99	10	SRC01	body	NALLINO_TRANSLATION	source_text_line	page + manually delimited zone + ordinal source line/object	NOT_ASSERTED	et quae ex ea per duplicationem oriuntur, ut duorum graduum, quatuor, octo etc., non sup-
AB01-PDF0099-body-L011	99	10	SRC01	body	NALLINO_TRANSLATION	source_text_line	page + manually delimited zone + ordinal source line/object	NOT_ASSERTED	putantur per probationes geometricas. E geometria deprehenditur rationem chordae arcus mi-
AB01-PDF0099-body-L012	99	10	SRC01	body	NALLINO_TRANSLATION	source_text_line	page + manually delimited zone + ordinal source line/object	NOT_ASSERTED	noris ad suum arcum, esse maiorem ratione chordae arcus maioris ad arcum suum. Chorda <m>1\frac{1}{2}</m>
AB01-PDF0099-body-L013	99	10	SRC01	body	NALLINO_TRANSLATION	source_text_line	page + manually delimited zone + ordinal source line/object	NOT_ASSERTED	gradus et chorda <m>\frac{1}{2}+\frac{1}{4}\,[=\frac{3}{4}]</m> gradus e demonstratione geometrica certo modo notae sunt;
AB01-PDF0099-body-L014	99	10	SRC01	body	NALLINO_TRANSLATION	source_text_line	page + manually delimited zone + ordinal source line/object	NOT_ASSERTED	<m>\frac{2}{3}</m> autem chordae <m>1\frac{1}{2}</m> gradus aequalis est chordae <m>\frac{3}{4}</m> gradus, tertia parte auctae, earum
AB01-PDF0099-body-L015	99	10	SRC01	body	NALLINO_TRANSLATION	source_text_line	page + manually delimited zone + ordinal source line/object	NOT_ASSERTED	enim differentia haud est sensibilis, et calculo nullum detrimentum infert. Cum igitur chor-
AB01-PDF0099-body-L016	99	10	SRC01	body	NALLINO_TRANSLATION	source_text_line	page + manually delimited zone + ordinal source line/object	NOT_ASSERTED	dae <m>\frac{3}{4}</m> gradus tertia ipsius pars addatur, summa [scilicet <m>\frac{4}{3}</m> chordae <m>\frac{3}{4}</m> gradus] est chorda
AB01-PDF0099-body-L017	99	10	SRC01	body	NALLINO_TRANSLATION	source_text_line	page + manually delimited zone + ordinal source line/object	NOT_ASSERTED	unius gradus; qua cognita, chordae omnium graduum semicircumferentiae tibi notae erunt (<i>a</i>).
AB01-PDF0099-body-L018	99	10	SRC01	body	NALLINO_TRANSLATION	source_text_line	page + manually delimited zone + ordinal source line/object	NOT_ASSERTED	Quia autem quod scire necesse est e quantitatibus arcuum se invicem in notos arcus di-
AB01-PDF0099-body-L019	99	10	SRC01	body	NALLINO_TRANSLATION	source_text_line	page + manually delimited zone + ordinal source line/object	NOT_ASSERTED	videntium, deprehenditur tantum per chordas duplorum arcuum (1); quia etiam duae rectae
AB01-PDF0099-body-L020	99	10	SRC01	body	NALLINO_TRANSLATION	source_text_line	page + manually delimited zone + ordinal source line/object	NOT_ASSERTED	se ad angulos rectos in centro circuli invicem secantes, circulum in quatuor aequales partes
AB01-PDF0099-body-L021	99	10	SRC01	body	NALLINO_TRANSLATION	source_text_line	page + manually delimited zone + ordinal source line/object	NOT_ASSERTED	dividunt, sive in quatuor angulos quorum quisque 90 circumferentiae gradus amplectitur;
AB01-PDF0099-body-L022	99	10	SRC01	body	NALLINO_TRANSLATION	source_text_line	page + manually delimited zone + ordinal source line/object	NOT_ASSERTED	quia denique duarum linearum a centro usque ad circumferentiam exeuntium quaeque semi-
AB01-PDF0099-body-L023	99	10	SRC01	body	NALLINO_TRANSLATION	source_text_line	page + manually delimited zone + ordinal source line/object	NOT_ASSERTED	diametrus est, et una linea recta, scilicet diametrus, duos angulos rectos, duobus quadranti-
AB01-PDF0099-body-L024	99	10	SRC01	body	NALLINO_TRANSLATION	source_text_line	page + manually delimited zone + ordinal source line/object	NOT_ASSERTED	bus suppositos, continet; manifestum est quamlibet illarum linearum unum angulum rectum
AB01-PDF0099-body-L025	99	10	SRC01	body	NALLINO_TRANSLATION	source_text_line	page + manually delimited zone + ordinal source line/object	NOT_ASSERTED	continentium, ad diametrum, qui duos angulos rectos complectitur, esse ut quadrantem ad se-
AB01-PDF0099-body-L026	99	10	SRC01	body	NALLINO_TRANSLATION	source_text_line	page + manually delimited zone + ordinal source line/object	NOT_ASSERTED	micircumferentiam. Cum autem chordas reliquorum arcuum semicirculi, ipsosque arcus, dia-
AB01-PDF0099-body-L027	99	10	SRC01	body	NALLINO_TRANSLATION	source_text_line	page + manually delimited zone + ordinal source line/object	NOT_ASSERTED	metrus in duas partes aequales dividat, est quaelibet chorda ad diametrum ut dimidia chorda,
AB01-PDF0099-body-L028	99	10	SRC01	body	NALLINO_TRANSLATION	source_text_line	page + manually delimited zone + ordinal source line/object	NOT_ASSERTED	sub dimidio arcu posita, ad semidiametrum, quae ipsa est dimidia chorda dupli arcus qui re-
AB01-PDF0099-body-L029	99	10	SRC01	body	NALLINO_TRANSLATION	source_text_line	page + manually delimited zone + ordinal source line/object	NOT_ASSERTED	peritur ab utraque parte diametri, cuius dimidium quadrantem complectitur. Hanc chordam
AB01-PDF0099-body-L030	99	10	SRC01	body	NALLINO_TRANSLATION	source_text_line	page + manually delimited zone + ordinal source line/object	NOT_ASSERTED	[dimidiatam] deligimus, eaque in variis nostris calculis utimur, ne nobis opus sit arcus dupli-
AB01-PDF0099-body-L031	99	10	SRC01	body	NALLINO_TRANSLATION	source_text_line	page + manually delimited zone + ordinal source line/object	NOT_ASSERTED	care in quantitatibus quas scire volumus, ut Ptolemaeus facere debuerat ad suas demonstra-
AB01-PDF0099-body-L032	99	10	SRC01	body	NALLINO_TRANSLATION	source_text_line	page + manually delimited zone + ordinal source line/object	NOT_ASSERTED	tiones geometricas instituendas.
AB01-PDF0099-body-L033	99	10	SRC01	body	NALLINO_TRANSLATION	source_text_line	page + manually delimited zone + ordinal source line/object	NOT_ASSERTED	Nos dimidias chordas duplorum arcuum quadrantis sumpsimus et in tabulis cum
AB01-PDF0099-body-L034	99	10	SRC01	body	NALLINO_TRANSLATION	source_text_line	page + manually delimited zone + ordinal source line/object	NOT_ASSERTED	arcubus iis respondentibus notavimus; omnes arcus intervallo dimidii gradus descripsimus
AB01-PDF0099-body-L035	99	10	SRC01	body	NALLINO_TRANSLATION	source_text_line	page + manually delimited zone + ordinal source line/object	NOT_ASSERTED	usque ad nonagesimum gradum, qui quadrantem perficit. Dimidiam chordam igitur unius
AB01-PDF0099-body-L036	99	10	SRC01	body	NALLINO_TRANSLATION	source_text_line	page + manually delimited zone + ordinal source line/object	NOT_ASSERTED	gradus sub dimidio gradu invenies, dimidiam chordam <m>60°</m> sub <m>30°</m>, dimidiam chordam <m>120°</m>
AB01-PDF0099-body-L037	99	10	SRC01	body	NALLINO_TRANSLATION	source_text_line	page + manually delimited zone + ordinal source line/object	NOT_ASSERTED	sub <m>60°</m>, dimidiam denique chordam <m>180°</m>, qui semicircumferentiam perficiunt et quorum
AB01-PDF0099-body-L038	99	10	SRC01	body	NALLINO_TRANSLATION	source_text_line	page + manually delimited zone + ordinal source line/object	NOT_ASSERTED	chorda diametrus est, sub <m>90°</m>, qui sunt gradus totius quadrantis, cuius chorda est semidia-
AB01-PDF0099-body-L039	99	10	SRC01	body	NALLINO_TRANSLATION	source_text_line	page + manually delimited zone + ordinal source line/object	NOT_ASSERTED	metrus 60 partes [sexagesimas] complectens. Ad has diametri partes vel gradus refertur
AB01-PDF0099-body-L040	99	10	SRC01	body	NALLINO_TRANSLATION	source_text_line	page + manually delimited zone + ordinal source line/object	NOT_ASSERTED	ratio chordarum dimidiatarum quas in hoc libro descripsimus. Ne autem in sequentibus haec
AB01-PDF0099-body-L041	99	10	SRC01	body	NALLINO_TRANSLATION	source_text_line	page + manually delimited zone + ordinal source line/object	NOT_ASSERTED	nobis iterare necesse sit, scito in hoc nostro libro nos <i>chordarum</i> nomine has chordas dimi-
AB01-PDF0099-notes_left-L001	99	10	SRC01	notes_left	NALLINO_APPARATUS	source_text_line	page + manually delimited zone + ordinal source line/object	NOT_ASSERTED	(1) I. e. quae his regulis supputari possunt.
AB01-PDF0099-notes_left-L002	99	10	SRC01	notes_left	NALLINO_APPARATUS	source_text_line	page + manually delimited zone + ordinal source line/object	NOT_ASSERTED	(2) Locus satis obscurus; Plato: « et quia quod
AB01-PDF0099-notes_left-L003	99	10	SRC01	notes_left	NALLINO_APPARATUS	source_text_line	page + manually delimited zone + ordinal source line/object	NOT_ASSERTED	« ex quantitatibus arcuum se invicem ignotis arcu-
AB01-PDF0099-notes_left-L004	99	10	SRC01	notes_left	NALLINO_APPARATUS	source_text_line	page + manually delimited zone + ordinal source line/object	NOT_ASSERTED	« bus intersectantium scire necesse est per cor-
AB01-PDF0099-notes_right-L001	99	10	SRC01	notes_right	NALLINO_APPARATUS	source_text_line	page + manually delimited zone + ordinal source line/object	NOT_ASSERTED	« das duplicitatum arcuum notas depraehenditur ».
AB01-PDF0099-notes_right-L002	99	10	SRC01	notes_right	NALLINO_APPARATUS	source_text_line	page + manually delimited zone + ordinal source line/object	NOT_ASSERTED	<n>Schiaparelli</n> duce, interpretandum est calculos
AB01-PDF0099-notes_right-L003	99	10	SRC01	notes_right	NALLINO_APPARATUS	source_text_line	page + manually delimited zone + ordinal source line/object	NOT_ASSERTED	omnes, qui compositiones plurium arcuum includant,
AB01-PDF0099-notes_right-L004	99	10	SRC01	notes_right	NALLINO_APPARATUS	source_text_line	page + manually delimited zone + ordinal source line/object	NOT_ASSERTED	per chordas ipsorum arcuum duplicatorum fieri.
AB01-PDF0099-margins-L001	99	10	SRC01	margins	NALLINO_APPARATUS	source_marginal_register	page + manually delimited zone + ordinal source line/object	NOT_ASSERTED	p. 15.
AB01-PDF0099-margins-L002	99	10	SRC01	margins	NALLINO_APPARATUS	source_marginal_register	page + manually delimited zone + ordinal source line/object	NOT_ASSERTED	5; 10; 15; 20; 25; 30; 35; 40.
AB01-PDF0100-body-L001	100	11	SRC01	body	NALLINO_TRANSLATION	source_text_line	page + manually delimited zone + ordinal source line/object	NOT_ASSERTED	diatas (1) designare; chordas enim reliquas, quibus perraro utimur (2), <i>chordas integras</i> ap-
AB01-PDF0100-body-L002	100	11	SRC01	body	NALLINO_TRANSLATION	source_text_line	page + manually delimited zone + ordinal source line/object	NOT_ASSERTED	pellamus (<i>b</i>).
AB01-PDF0100-body-L003	100	11	SRC01	body	NALLINO_TRANSLATION	source_text_line	page + manually delimited zone + ordinal source line/object	NOT_ASSERTED	Cum sinum cuiuslibet gradus per tabulas scire cupis, in columna numerorum, intervallo
AB01-PDF0100-body-L004	100	11	SRC01	body	NALLINO_TRANSLATION	source_text_line	page + manually delimited zone + ordinal source line/object	NOT_ASSERTED	dimidii gradus descriptorum, numerum tuum quaere; gradus, minuta secundaeque ei in co-
AB01-PDF0100-body-L005	100	11	SRC01	body	NALLINO_TRANSLATION	source_text_line	page + manually delimited zone + ordinal source line/object	NOT_ASSERTED	lumna sinuum respondentia, erunt sinus graduum quaesitorum. Si cum gradibus etiam minuta
AB01-PDF0100-body-L006	100	11	SRC01	body	NALLINO_TRANSLATION	source_text_line	page + manually delimited zone + ordinal source line/object	NOT_ASSERTED	plus minusve quam <m>30′</m> sunt, gradus integros, vel gradus cum dimidia parte qui numero
AB01-PDF0100-body-L007	100	11	SRC01	body	NALLINO_TRANSLATION	source_text_line	page + manually delimited zone + ordinal source line/object	NOT_ASSERTED	tuo quam maxime sint propinqui, sed eo minores, sume; quid iis in columna sinuum respon-
AB01-PDF0100-body-L008	100	11	SRC01	body	NALLINO_TRANSLATION	source_text_line	page + manually delimited zone + ordinal source line/object	NOT_ASSERTED	deat vide. Postea numerum in columna graduum inventum de numero tuo deme; minuta
AB01-PDF0100-body-L009	100	11	SRC01	body	NALLINO_TRANSLATION	source_text_line	page + manually delimited zone + ordinal source line/object	NOT_ASSERTED	residua multiplica in differentiam quae est inter sinum inventum et sinum in tabula eo pro-
AB01-PDF0100-body-L010	100	11	SRC01	body	NALLINO_TRANSLATION	source_text_line	page + manually delimited zone + ordinal source line/object	NOT_ASSERTED	xime superiorem; productum per 30 minuta, quibus numeri arcuum inter se differunt, divide;
AB01-PDF0100-body-L011	100	11	SRC01	body	NALLINO_TRANSLATION	source_text_line	page + manually delimited zone + ordinal source line/object	NOT_ASSERTED	minuta et secundas quae de divisione exibunt, sinui primo invento adde vel de eo minue, prout
AB01-PDF0100-body-L012	100	11	SRC01	body	NALLINO_TRANSLATION	source_text_line	page + manually delimited zone + ordinal source line/object	NOT_ASSERTED	fuerit ille minor vel maior; quod provenerit erit sinus graduum et minutorum datorum.
AB01-PDF0100-body-L013	100	11	SRC01	body	NALLINO_TRANSLATION	source_text_line	page + manually delimited zone + ordinal source line/object	NOT_ASSERTED	— Aut, si mavis, quanta pars 30 minutorum minuta residua sint inveni; si dimidia, seu tertia
AB01-PDF0100-body-L014	100	11	SRC01	body	NALLINO_TRANSLATION	source_text_line	page + manually delimited zone + ordinal source line/object	NOT_ASSERTED	pars, seu plus minusve sint, partem ei proportionalem ex sinuum differentia [tabulari] sume;
AB01-PDF0100-body-L015	100	11	SRC01	body	NALLINO_TRANSLATION	source_text_line	page + manually delimited zone + ordinal source line/object	NOT_ASSERTED	deinde, ut supra diximus operans, augendo aut minuendo, invenies arcus dati sinum.
AB01-PDF0100-body-L016	100	11	SRC01	body	NALLINO_TRANSLATION	source_text_line	page + manually delimited zone + ordinal source line/object	NOT_ASSERTED	Si per sinus cupis cognoscere arcus, in tabula sinum sinui dato aequalem vel eo proxime
AB01-PDF0100-body-L017	100	11	SRC01	body	NALLINO_TRANSLATION	source_text_line	page + manually delimited zone + ordinal source line/object	NOT_ASSERTED	inferiorem quaere, et arcum respondentem inveni. Differentiam inter sinum datum et sinum
AB01-PDF0100-body-L018	100	11	SRC01	body	NALLINO_TRANSLATION	source_text_line	page + manually delimited zone + ordinal source line/object	NOT_ASSERTED	in tabula repertum multiplica in 30 minuta; productum divide per differentiam inter sinum
AB01-PDF0100-body-L019	100	11	SRC01	body	NALLINO_TRANSLATION	source_text_line	page + manually delimited zone + ordinal source line/object	NOT_ASSERTED	repertum et sinum in tabula eo proxime superiorem; minuta et secundas e divisione prove-
AB01-PDF0100-body-L020	100	11	SRC01	body	NALLINO_TRANSLATION	source_text_line	page + manually delimited zone + ordinal source line/object	NOT_ASSERTED	nientia arcui iam invento adde, et habebis arcum sinui dato respondentem. — Vel etiam mi-
AB01-PDF0100-body-L021	100	11	SRC01	body	NALLINO_TRANSLATION	source_text_line	page + manually delimited zone + ordinal source line/object	NOT_ASSERTED	nuta et secundae, quae tibi fuerint, vide quanta pars sint differentiae inter sinum inventum et
AB01-PDF0100-body-L022	100	11	SRC01	body	NALLINO_TRANSLATION	source_text_line	page + manually delimited zone + ordinal source line/object	NOT_ASSERTED	sinum proxime superiorem; partem illi proportionalem e 30 minutis sume, et arcui iam invento
AB01-PDF0100-body-L023	100	11	SRC01	body	NALLINO_TRANSLATION	source_text_line	page + manually delimited zone + ordinal source line/object	NOT_ASSERTED	adde. — Hoc <i>arcuatio sinuum</i> appellatur.
AB01-PDF0100-body-L024	100	11	SRC01	body	NALLINO_TRANSLATION	source_text_line	page + manually delimited zone + ordinal source line/object	NOT_ASSERTED	Cum sinus versos ab arcubus discere cupis, si numerus datus minor quam 90 gradus
AB01-PDF0100-body-L025	100	11	SRC01	body	NALLINO_TRANSLATION	source_text_line	page + manually delimited zone + ordinal source line/object	NOT_ASSERTED	est, eum de <m>90°</m> deme; residui sinum quaere et de <m>60^{p}</m>, qui sunt semidiametrus, detrahe;
AB01-PDF0100-body-L026	100	11	SRC01	body	NALLINO_TRANSLATION	source_text_line	page + manually delimited zone + ordinal source line/object	NOT_ASSERTED	remanet sinus versus illius arcus. — At si numerus datus est quam <m>90°</m> maior, sinum eius
AB01-PDF0100-body-L027	100	11	SRC01	body	NALLINO_TRANSLATION	source_text_line	page + manually delimited zone + ordinal source line/object	NOT_ASSERTED	quod <m>90°</m> excedit adde 60 partibus [sexagesimis]; summa est sinus versus arcus dati.
AB01-PDF0100-body-L028	100	11	SRC01	body	NALLINO_TRANSLATION	source_text_line	page + manually delimited zone + ordinal source line/object	NOT_ASSERTED	Cum arcus per sinus versos scire cupis, sinum versum, si minor quam <m>60^{p}</m> est, de <m>60^{p}</m>
AB01-PDF0100-body-L029	100	11	SRC01	body	NALLINO_TRANSLATION	source_text_line	page + manually delimited zone + ordinal source line/object	NOT_ASSERTED	deme; residuum, ut supra docuimus, arcua, et arcum de <m>90°</m> detrahe; remanet arcus illius
AB01-PDF0100-body-L030	100	11	SRC01	body	NALLINO_TRANSLATION	source_text_line	page + manually delimited zone + ordinal source line/object	NOT_ASSERTED	sinus versi. — Si sinus versus <m>60^{p}</m> superat, de eo <m>60^{p}</m> deme; residuum in arcum converte et
AB01-PDF0100-body-L031	100	11	SRC01	body	NALLINO_TRANSLATION	source_text_line	page + manually delimited zone + ordinal source line/object	NOT_ASSERTED	<m>90°</m> gradibus adde; summa est arcus quaesitus.
AB01-PDF0100-body-L032	100	11	SRC01	body	NALLINO_TRANSLATION	source_text_line	page + manually delimited zone + ordinal source line/object	NOT_ASSERTED	Arcuum et sinuum cognitio, ultra eos quos descripsimus, non est tibi necessaria; sinus
AB01-PDF0100-body-L033	100	11	SRC01	body	NALLINO_TRANSLATION	source_text_line	page + manually delimited zone + ordinal source line/object	NOT_ASSERTED	inter <m>1°</m> et <m>90°</m> sufficiunt, cum sint sinus arcuum a <m>90°</m> usque ad <m>180°</m> ut sinus arcuum a <m>90°</m>
AB01-PDF0100-body-L034	100	11	SRC01	body	NALLINO_TRANSLATION	source_text_line	page + manually delimited zone + ordinal source line/object	NOT_ASSERTED	usque ad <m>1°</m>, scilicet inverso ordine. — Similiter in chordis integris tibi opus non est amplius
AB01-PDF0100-body-L035	100	11	SRC01	body	NALLINO_TRANSLATION	source_text_line	page + manually delimited zone + ordinal source line/object	NOT_ASSERTED	quam chordas semicirculi ab <m>1°</m> ad <m>180°</m> cognoscere; chordae enim alterius semicirculi sunt
AB01-PDF0100-body-L036	100	11	SRC01	body	NALLINO_TRANSLATION	source_text_line	page + manually delimited zone + ordinal source line/object	NOT_ASSERTED	velut chordae a <m>180°</m> ad <m>1°</m>.
AB01-PDF0100-body-L037	100	11	SRC01	body	NALLINO_TRANSLATION	source_text_line	page + manually delimited zone + ordinal source line/object	NOT_ASSERTED	Si chordam integram cuiuslibet gradus scire vis, sinum dimidii illius gradus in tabula
AB01-PDF0100-body-L038	100	11	SRC01	body	NALLINO_TRANSLATION	source_text_line	page + manually delimited zone + ordinal source line/object	NOT_ASSERTED	repertum duplica, et chordam integram habebis. — Si per tabulas cupis chordas integras in
AB01-PDF0100-body-L039	100	11	SRC01	body	NALLINO_TRANSLATION	source_text_line	page + manually delimited zone + ordinal source line/object	NOT_ASSERTED	arcus convertere, dimidiae chordae arcum in tabula, ut docuimus, inventum duplica, et habe-
AB01-PDF0100-body-L040	100	11	SRC01	body	NALLINO_TRANSLATION	source_text_line	page + manually delimited zone + ordinal source line/object	NOT_ASSERTED	bis arcum chordae integrae datae respondentem.
AB01-PDF0100-body-L041	100	11	SRC01	body	NALLINO_TRANSLATION	source_text_line	page + manually delimited zone + ordinal source line/object	NOT_ASSERTED	Si quadratum sinus de quadrato semidiametri demis, radix residui est sinus complementi.
AB01-PDF0100-body-L042	100	11	SRC01	body	NALLINO_TRANSLATION	source_text_line	page + manually delimited zone + ordinal source line/object	NOT_ASSERTED	Si de semidiametro sinum detrahis, et residuum in <m>30^{p}</m> multiplicas, radix producti, Deo
AB01-PDF0100-body-L043	100	11	SRC01	body	NALLINO_TRANSLATION	source_text_line	page + manually delimited zone + ordinal source line/object	NOT_ASSERTED	volente, est sinus dimidii complementi (<i>c</i>).
AB01-PDF0100-notes_left-L001	100	11	SRC01	notes_left	NALLINO_APPARATUS	source_text_line	page + manually delimited zone + ordinal source line/object	NOT_ASSERTED	(1) In sequentibus vertendis, ne ambiguitas
AB01-PDF0100-notes_left-L002	100	11	SRC01	notes_left	NALLINO_APPARATUS	source_text_line	page + manually delimited zone + ordinal source line/object	NOT_ASSERTED	oriatur, chordas dimidiatas duplorum arcuum <i>si-
AB01-PDF0100-notes_left-L003	100	11	SRC01	notes_left	NALLINO_APPARATUS	source_text_line	page + manually delimited zone + ordinal source line/object	NOT_ASSERTED	nus</i> appellabo, ut noster est usus, dimidias chor-
AB01-PDF0100-notes_right-L001	100	11	SRC01	notes_right	NALLINO_APPARATUS	source_text_line	page + manually delimited zone + ordinal source line/object	NOT_ASSERTED	das complementi <i>cosinus</i>, et chordas versas <i>sinus
AB01-PDF0100-notes_right-L002	100	11	SRC01	notes_right	NALLINO_APPARATUS	source_text_line	page + manually delimited zone + ordinal source line/object	NOT_ASSERTED	versos</i>.
AB01-PDF0100-notes_right-L003	100	11	SRC01	notes_right	NALLINO_APPARATUS	source_text_line	page + manually delimited zone + ordinal source line/object	NOT_ASSERTED	(2) In capitibus XXVI, L et LIV.
AB01-PDF0100-margins-L001	100	11	SRC01	margins	NALLINO_APPARATUS	source_marginal_register	page + manually delimited zone + ordinal source line/object	NOT_ASSERTED	p. 16.
AB01-PDF0100-margins-L002	100	11	SRC01	margins	NALLINO_APPARATUS	source_marginal_register	page + manually delimited zone + ordinal source line/object	NOT_ASSERTED	p. 17.
AB01-PDF0100-margins-L003	100	11	SRC01	margins	NALLINO_APPARATUS	source_marginal_register	page + manually delimited zone + ordinal source line/object	NOT_ASSERTED	5; 10; 15; 20; 25; 30; 35; 40.
AB01-PDF0101-body-L001	101	12	SRC01	body	NALLINO_TRANSLATION	source_text_line	page + manually delimited zone + ordinal source line/object	NOT_ASSERTED	<center><b>CAPUT IV.</b></center>
AB01-PDF0101-body-L002	101	12	SRC01	body	NALLINO_TRANSLATION	source_text_line	page + manually delimited zone + ordinal source line/object	NOT_ASSERTED	<center>De obliquitate eclipticae respectu circuli aequinoctialis, quae est decli-</center>
AB01-PDF0101-body-L003	101	12	SRC01	body	NALLINO_TRANSLATION	source_text_line	page + manually delimited zone + ordinal source line/object	NOT_ASSERTED	<center>natio Solis a sphaera recta; nec non de ipsius divisione, plagis in</center>
AB01-PDF0101-body-L004	101	12	SRC01	body	NALLINO_TRANSLATION	source_text_line	page + manually delimited zone + ordinal source line/object	NOT_ASSERTED	<center>Caelo et ordinibus in ascensu et descensu.</center>
AB01-PDF0101-body-L005	101	12	SRC01	body	NALLINO_TRANSLATION	source_text_line	page + manually delimited zone + ordinal source line/object	NOT_ASSERTED	Dicit [auctor]: Terminos obliquitatis eclipticae describit Solis apparens ambitus, [deflec-
AB01-PDF0101-body-L006	101	12	SRC01	body	NALLINO_TRANSLATION	source_text_line	page + manually delimited zone + ordinal source line/object	NOT_ASSERTED	tens] a circulo aequinoctiali, super quem circa binos suos polos maxima sphaera caelestis vol-
AB01-PDF0101-body-L007	101	12	SRC01	body	NALLINO_TRANSLATION	source_text_line	page + manually delimited zone + ordinal source line/object	NOT_ASSERTED	vitur. Obliquitas illa deprehenditur observando transitum Solis per ambo puncta solstitialia in
AB01-PDF0101-body-L008	101	12	SRC01	body	NALLINO_TRANSLATION	source_text_line	page + manually delimited zone + ordinal source line/object	NOT_ASSERTED	circulo meridiano, qui est circulus medii Caeli, polos sphaerae aequatorialis, zenith et circu-
AB01-PDF0101-body-L009	101	12	SRC01	body	NALLINO_TRANSLATION	source_text_line	page + manually delimited zone + ordinal source line/object	NOT_ASSERTED	lum horizontis secans.
AB01-PDF0101-body-L010	101	12	SRC01	body	NALLINO_TRANSLATION	source_text_line	page + manually delimited zone + ordinal source line/object	NOT_ASSERTED	Dicit Hipparchus, ut Ptolemaeus in libro suo (1) refert, arcum circuli meridiani positum
AB01-PDF0101-body-L011	101	12	SRC01	body	NALLINO_TRANSLATION	source_text_line	page + manually delimited zone + ordinal source line/object	NOT_ASSERTED	inter duo puncta solstitialia, hiemale et aestivum, <m>47°\,42′</m> complecti, eiusque dimidiam partem,
AB01-PDF0101-body-L012	101	12	SRC01	body	NALLINO_TRANSLATION	source_text_line	page + manually delimited zone + ordinal source line/object	NOT_ASSERTED	quae est obliquitas, <m>23°\,51′</m>.
AB01-PDF0101-body-L013	101	12	SRC01	body	NALLINO_TRANSLATION	source_text_line	page + manually delimited zone + ordinal source line/object	NOT_ASSERTED	Nos autem id pluries, hoc nostro tempore, observavimus triquetro (2) et quadrante murali,
AB01-PDF0101-body-L014	101	12	SRC01	body	NALLINO_TRANSLATION	source_text_line	page + manually delimited zone + ordinal source line/object	NOT_ASSERTED	cuius constructio et usus in Almagesto (3) describuntur, postquam instrumentum quam maxime
AB01-PDF0101-body-L015	101	12	SRC01	body	NALLINO_TRANSLATION	source_text_line	page + manually delimited zone + ordinal source line/object	NOT_ASSERTED	divisimus et suo loco diligentissime aptavimus; et in urbe ar-Raqqah minimam Solis distan-
AB01-PDF0101-body-L016	101	12	SRC01	body	NALLINO_TRANSLATION	source_text_line	page + manually delimited zone + ordinal source line/object	NOT_ASSERTED	tiam a zenith in circulo meridiano <m>12°\,26′</m> esse invenimus, maximam <m>59°\,36′</m>. Unde manife-
AB01-PDF0101-body-L017	101	12	SRC01	body	NALLINO_TRANSLATION	source_text_line	page + manually delimited zone + ordinal source line/object	NOT_ASSERTED	stum est arcum inter duo solstitia <m>47°\,10′</m> amplecti, cuius dimidia pars <m>23°\,35′</m> est obliquitas
AB01-PDF0101-body-L018	101	12	SRC01	body	NALLINO_TRANSLATION	source_text_line	page + manually delimited zone + ordinal source line/object	NOT_ASSERTED	eclipticae a circulo aequinoctiali, sive spatium inter polos binorum circulorum contentum (<i>a</i>).
AB01-PDF0101-body-L019	101	12	SRC01	body	NALLINO_TRANSLATION	source_text_line	page + manually delimited zone + ordinal source line/object	NOT_ASSERTED	Qua quantitate in hoc nostro libro utimur; haec enim visu, altera contra auditu tantum de-
AB01-PDF0101-body-L020	101	12	SRC01	body	NALLINO_TRANSLATION	source_text_line	page + manually delimited zone + ordinal source line/object	NOT_ASSERTED	prehendimus. Invenimus etiam urbem ar-Raqqah a circulo aequinoctiali 36 gradibus (4) cir-
AB01-PDF0101-body-L021	101	12	SRC01	body	NALLINO_TRANSLATION	source_text_line	page + manually delimited zone + ordinal source line/object	NOT_ASSERTED	culi meridiani distare, qui idem sunt ac altitudo poli borealis super horizontem ea in urbe,
AB01-PDF0101-body-L022	101	12	SRC01	body	NALLINO_TRANSLATION	source_text_line	page + manually delimited zone + ordinal source line/object	NOT_ASSERTED	vel etiam longinquitas circuli aequinoctialis a zenith in meridiem versus.
AB01-PDF0101-body-L023	101	12	SRC01	body	NALLINO_TRANSLATION	source_text_line	page + manually delimited zone + ordinal source line/object	NOT_ASSERTED	Si declinationem supputare vis quae ad singulos [eclipticae] gradus pertinet [ab uno] us-
AB01-PDF0101-body-L024	101	12	SRC01	body	NALLINO_TRANSLATION	source_text_line	page + manually delimited zone + ordinal source line/object	NOT_ASSERTED	que ad nonaginta, ubi obliquitas, scilicet <m>23°\,35′</m>, perficitur, sinum unius gradus, vel duorum,
AB01-PDF0101-body-L025	101	12	SRC01	body	NALLINO_TRANSLATION	source_text_line	page + manually delimited zone + ordinal source line/object	NOT_ASSERTED	vel amplius, usque ad finem 90 graduum, — qui sunt ab initio Arietis ad finem Geminorum,
AB01-PDF0101-body-L026	101	12	SRC01	body	NALLINO_TRANSLATION	source_text_line	page + manually delimited zone + ordinal source line/object	NOT_ASSERTED	— sume; sinum gradus dati in sinum obliquitatis multiplica; productum per semidiametrum,
AB01-PDF0101-body-L027	101	12	SRC01	body	NALLINO_TRANSLATION	source_text_line	page + manually delimited zone + ordinal source line/object	NOT_ASSERTED	id est per <m>60^{p}</m> divide; quod exibit in arcum converte, et habebis declinationem illius gradus
AB01-PDF0101-body-L028	101	12	SRC01	body	NALLINO_TRANSLATION	source_text_line	page + manually delimited zone + ordinal source line/object	NOT_ASSERTED	ab aequatore in circulo meridiano (<i>b</i>).
AB01-PDF0101-body-L029	101	12	SRC01	body	NALLINO_TRANSLATION	source_text_line	page + manually delimited zone + ordinal source line/object	NOT_ASSERTED	Si ad singulos gradus hoc in tabula describere vis, declinationem singulorum graduum
AB01-PDF0101-body-L030	101	12	SRC01	body	NALLINO_TRANSLATION	source_text_line	page + manually delimited zone + ordinal source line/object	NOT_ASSERTED	usque ad <m>90°</m> quaere et nota; quo facto, habebis declinationem omnium graduum eclipticae.
AB01-PDF0101-body-L031	101	12	SRC01	body	NALLINO_TRANSLATION	source_text_line	page + manually delimited zone + ordinal source line/object	NOT_ASSERTED	Declinatio enim graduum a <m>90°</m> ad <m>180°</m> et a <m>270°</m> ad finem <m>360°</m> est ut nonaginta priorum ordine
AB01-PDF0101-body-L032	101	12	SRC01	body	NALLINO_TRANSLATION	source_text_line	page + manually delimited zone + ordinal source line/object	NOT_ASSERTED	inverso; a <m>180°</m> ad <m>270°</m> ut priorum nonaginta eodem recto ordine servato. Gradus omnes
AB01-PDF0101-body-L033	101	12	SRC01	body	NALLINO_TRANSLATION	source_text_line	page + manually delimited zone + ordinal source line/object	NOT_ASSERTED	igitur in tabula in quatuor columnas distribuimus, quarum prima eclipticae gradus ab <m>1°</m> ad
AB01-PDF0101-body-L034	101	12	SRC01	body	NALLINO_TRANSLATION	source_text_line	page + manually delimited zone + ordinal source line/object	NOT_ASSERTED	<m>90°</m> continet, secunda eos qui gradibus primae desunt ad perficiendos <m>180°</m>, tertia gradus pri-
AB01-PDF0101-notes_left-L001	101	12	SRC01	notes_left	NALLINO_APPARATUS	source_text_line	page + manually delimited zone + ordinal source line/object	NOT_ASSERTED	(1) <i>Almag.</i> I, 10 (edit. Halma, t. I, p. 49),
AB01-PDF0101-notes_left-L002	101	12	SRC01	notes_left	NALLINO_APPARATUS	source_text_line	page + manually delimited zone + ordinal source line/object	NOT_ASSERTED	<m>47°\,\frac{2}{3}<2\varepsilon<47°\,\frac{3}{4}</m>; in tabula I, 12 (Halma t. I,
AB01-PDF0101-notes_left-L003	101	12	SRC01	notes_left	NALLINO_APPARATUS	source_text_line	page + manually delimited zone + ordinal source line/object	NOT_ASSERTED	p. 59), est <m>\varepsilon=23°\,51′\,20″</m>.
AB01-PDF0101-notes_left-L004	101	12	SRC01	notes_left	NALLINO_APPARATUS	source_text_line	page + manually delimited zone + ordinal source line/object	NOT_ASSERTED	(2) Triquetrum sive regula Ptolemaica descri-
AB01-PDF0101-notes_left-L005	101	12	SRC01	notes_left	NALLINO_APPARATUS	source_text_line	page + manually delimited zone + ordinal source line/object	NOT_ASSERTED	bitur in cap. LVII; ab al-Battānī <i>alhidada longa</i>
AB01-PDF0101-notes_left-L006	101	12	SRC01	notes_left	NALLINO_APPARATUS	source_text_line	page + manually delimited zone + ordinal source line/object	NOT_ASSERTED	vocatur.
AB01-PDF0101-notes_left-L007	101	12	SRC01	notes_left	NALLINO_APPARATUS	source_text_line	page + manually delimited zone + ordinal source line/object	NOT_ASSERTED	(3) I, 11 (edit. Halma, t. I, p. 47-49). — Cfr.
AB01-PDF0101-notes_left-L008	101	12	SRC01	notes_left	NALLINO_APPARATUS	source_text_line	page + manually delimited zone + ordinal source line/object	NOT_ASSERTED	cap. LVII.
AB01-PDF0101-notes_right-L001	101	12	SRC01	notes_right	NALLINO_APPARATUS	source_text_line	page + manually delimited zone + ordinal source line/object	NOT_ASSERTED	(4) Melius, ut iam <n>Delambre</n>, p. 14, nota-
AB01-PDF0101-notes_right-L002	101	12	SRC01	notes_right	NALLINO_APPARATUS	source_text_line	page + manually delimited zone + ordinal source line/object	NOT_ASSERTED	vit, <m>36°\,1′</m>; nam
AB01-PDF0101-notes_right-L003	101	12	SRC01	notes_right	NALLINO_APPARATUS	source_text_line	page + manually delimited zone + ordinal source line/object	NOT_ASSERTED	<m>\frac{12°\,26′+\text{\sourceglyph{AB01-PDF0101-G01}}}{2}=\frac{72°\,2′}{2}=36°\,1′.</m>
AB01-PDF0101-notes_right-L004	101	12	SRC01	notes_right	NALLINO_APPARATUS	source_text_line	page + manually delimited zone + ordinal source line/object	NOT_ASSERTED	Fortasse al-Battānī minutum omisit ut suarum tabu-
AB01-PDF0101-notes_right-L005	101	12	SRC01	notes_right	NALLINO_APPARATUS	source_text_line	page + manually delimited zone + ordinal source line/object	NOT_ASSERTED	larum usum faciliorem redderet, et eandem latitu-
AB01-PDF0101-notes_right-L006	101	12	SRC01	notes_right	NALLINO_APPARATUS	source_text_line	page + manually delimited zone + ordinal source line/object	NOT_ASSERTED	dinem haberet insulae Rhodi, ad quam complures
AB01-PDF0101-notes_right-L007	101	12	SRC01	notes_right	NALLINO_APPARATUS	source_text_line	page + manually delimited zone + ordinal source line/object	NOT_ASSERTED	tabulae Ptolemaei conditae sunt.
AB01-PDF0101-margins-L001	101	12	SRC01	margins	NALLINO_APPARATUS	source_marginal_register	page + manually delimited zone + ordinal source line/object	NOT_ASSERTED	p. 18.
AB01-PDF0101-margins-L002	101	12	SRC01	margins	NALLINO_APPARATUS	source_marginal_register	page + manually delimited zone + ordinal source line/object	NOT_ASSERTED	p. 19.
AB01-PDF0101-margins-L003	101	12	SRC01	margins	NALLINO_APPARATUS	source_marginal_register	page + manually delimited zone + ordinal source line/object	NOT_ASSERTED	5; 10; 15; 20; 25; 30; 35.
AB01-PDF0102-body-L001	102	13	SRC01	body	NALLINO_TRANSLATION	source_text_line	page + manually delimited zone + ordinal source line/object	NOT_ASSERTED	mae columnae <m>180°</m> gradibus auctos, quarta gradus qui oriuntur cum de <m>360°</m> numeri ab 1
AB01-PDF0102-body-L002	102	13	SRC01	body	NALLINO_TRANSLATION	source_text_line	page + manually delimited zone + ordinal source line/object	NOT_ASSERTED	ad 90 detrahantur. Si numerus datus in primam vel secundam columnam incidit, declinatio est
AB01-PDF0102-body-L003	102	13	SRC01	body	NALLINO_TRANSLATION	source_text_line	page + manually delimited zone + ordinal source line/object	NOT_ASSERTED	borealis; si in duas reliquas, australis.
AB01-PDF0102-body-L004	102	13	SRC01	body	NALLINO_TRANSLATION	source_text_line	page + manually delimited zone + ordinal source line/object	NOT_ASSERTED	Cum ergo declinationem Solis vel cuiuslibet gradus signorum cognoscere vis, intervallum
AB01-PDF0102-body-L005	102	13	SRC01	body	NALLINO_TRANSLATION	source_text_line	page + manually delimited zone + ordinal source line/object	NOT_ASSERTED	ab initio Arietis ad gradum datum sume; erit hoc <i>argumentum declinationis</i>, cuius nume-
AB01-PDF0102-body-L006	102	13	SRC01	body	NALLINO_TRANSLATION	source_text_line	page + manually delimited zone + ordinal source line/object	NOT_ASSERTED	rum in quatuor prioribus columnis tabulae quaere; gradus, minuta et secundae illi in quinta
AB01-PDF0102-body-L007	102	13	SRC01	body	NALLINO_TRANSLATION	source_text_line	page + manually delimited zone + ordinal source line/object	NOT_ASSERTED	columna respondentia sunt dati gradus declinatio. Si cum gradibus, quorum declinationem
AB01-PDF0102-body-L008	102	13	SRC01	body	NALLINO_TRANSLATION	source_text_line	page + manually delimited zone + ordinal source line/object	NOT_ASSERTED	scire vis, etiam minuta sunt, partem augmenti iis proportionalem sume, ut, de augmento
AB01-PDF0102-body-L009	102	13	SRC01	body	NALLINO_TRANSLATION	source_text_line	page + manually delimited zone + ordinal source line/object	NOT_ASSERTED	sinuum loquentes, ostendimus (1); scilicet quanta pars sexaginta minutorum minuta tua sint
AB01-PDF0102-body-L010	102	13	SRC01	body	NALLINO_TRANSLATION	source_text_line	page + manually delimited zone + ordinal source line/object	NOT_ASSERTED	cognosce, et partem proportionalem sume e differentia inter declinationem tuorum integro-
AB01-PDF0102-body-L011	102	13	SRC01	body	NALLINO_TRANSLATION	source_text_line	page + manually delimited zone + ordinal source line/object	NOT_ASSERTED	rum graduum et declinationem gradus proxime superioris. Quod inveneris, declinationi gra-
AB01-PDF0102-body-L012	102	13	SRC01	body	NALLINO_TRANSLATION	source_text_line	page + manually delimited zone + ordinal source line/object	NOT_ASSERTED	dus integri dati adde, si eo haec minor erit, at de ea deme, si ipsa erit maior; quod prove-
AB01-PDF0102-body-L013	102	13	SRC01	body	NALLINO_TRANSLATION	source_text_line	page + manually delimited zone + ordinal source line/object	NOT_ASSERTED	niet erit declinatio graduum et minutorum.
AB01-PDF0102-body-L014	102	13	SRC01	body	NALLINO_TRANSLATION	source_text_line	page + manually delimited zone + ordinal source line/object	NOT_ASSERTED	Declinatio graduum ab <m>1°</m> ad <m>90°</m> est crescens, Sol igitur tunc in ascensu boreali; a <m>90°</m>
AB01-PDF0102-body-L015	102	13	SRC01	body	NALLINO_TRANSLATION	source_text_line	page + manually delimited zone + ordinal source line/object	NOT_ASSERTED	ad <m>180°</m> declinatio est decrescens et Sol a septentrionibus descendens; a <m>180°</m> ad <m>270°</m> decli-
AB01-PDF0102-body-L016	102	13	SRC01	body	NALLINO_TRANSLATION	source_text_line	page + manually delimited zone + ordinal source line/object	NOT_ASSERTED	natio crescit et Sol in meridiem versus descendit; a <m>270°</m> ad <m>360°</m> declinatio decrescit et Sol in
AB01-PDF0102-body-L017	102	13	SRC01	body	NALLINO_TRANSLATION	source_text_line	page + manually delimited zone + ordinal source line/object	NOT_ASSERTED	plaga australi ascendit (<i>c</i>). Ad summam, si argumentum declinationis a <m>0°</m> ad <m>180°</m> est, decli-
AB01-PDF0102-body-L018	102	13	SRC01	body	NALLINO_TRANSLATION	source_text_line	page + manually delimited zone + ordinal source line/object	NOT_ASSERTED	natio borealis habetur; si a <m>180°</m> ad <m>360°</m>, declinatio australis. Hoc calculo Solis declinatio-
AB01-PDF0102-body-L019	102	13	SRC01	body	NALLINO_TRANSLATION	source_text_line	page + manually delimited zone + ordinal source line/object	NOT_ASSERTED	nem, plagam in sphaera caelesti, ascensum et descensum cognosces.
AB01-PDF0102-body-L020	102	13	SRC01	body	NALLINO_TRANSLATION	source_text_line	page + manually delimited zone + ordinal source line/object	NOT_ASSERTED	[Quidam] etiam declinationem in sex ordines ascensus et descensus diviserunt; singulos
AB01-PDF0102-body-L021	102	13	SRC01	body	NALLINO_TRANSLATION	source_text_line	page + manually delimited zone + ordinal source line/object	NOT_ASSERTED	enim quadrantes itineris Solis senos ordines ascensus aut descensus complecti statuerunt, quo-
AB01-PDF0102-body-L022	102	13	SRC01	body	NALLINO_TRANSLATION	source_text_line	page + manually delimited zone + ordinal source line/object	NOT_ASSERTED	rum quisque <m>15°</m> contineret. Solem igitur, cum in primis 15 gradibus cuiuslibet quadrantis sit,
AB01-PDF0102-body-L023	102	13	SRC01	body	NALLINO_TRANSLATION	source_text_line	page + manually delimited zone + ordinal source line/object	NOT_ASSERTED	dicunt in primo ordine esse; cum in secundis <m>15°</m>, in secundo ordine; et similiter usque ad
AB01-PDF0102-body-L024	102	13	SRC01	body	NALLINO_TRANSLATION	source_text_line	page + manually delimited zone + ordinal source line/object	NOT_ASSERTED	sextum ordinem (2).
AB01-PDF0102-body-L025	102	13	SRC01	body	NALLINO_TRANSLATION	source_text_line	page + manually delimited zone + ordinal source line/object	NOT_ASSERTED	<center><b>CAPUT V.</b></center>
AB01-PDF0102-body-L026	102	13	SRC01	body	NALLINO_TRANSLATION	source_text_line	page + manually delimited zone + ordinal source line/object	NOT_ASSERTED	<center>De ascensionibus signorum in sphaera recta.</center>
AB01-PDF0102-body-L027	102	13	SRC01	body	NALLINO_TRANSLATION	source_text_line	page + manually delimited zone + ordinal source line/object	NOT_ASSERTED	Dicit [auctor]: Quantitas eius quod, ex 360 temporibus circuli aequinoctialis, una cum
AB01-PDF0102-body-L028	102	13	SRC01	body	NALLINO_TRANSLATION	source_text_line	page + manually delimited zone + ordinal source line/object	NOT_ASSERTED	gradibus datis eclipticae ascendit, vocatur signorum ascensiones in loco lineae aequinoctialis; qui
AB01-PDF0102-body-L029	102	13	SRC01	body	NALLINO_TRANSLATION	source_text_line	page + manually delimited zone + ordinal source line/object	NOT_ASSERTED	locus est latitudine carens, super quem sphaera aequinoctialis volvitur, et in quo totius anni
AB01-PDF0102-body-L030	102	13	SRC01	body	NALLINO_TRANSLATION	source_text_line	page + manually delimited zone + ordinal source line/object	NOT_ASSERTED	dies noctesque semper sunt aequales. Transitus signorum in medio Caelo quocumque loco est
AB01-PDF0102-body-L031	102	13	SRC01	body	NALLINO_TRANSLATION	source_text_line	page + manually delimited zone + ordinal source line/object	NOT_ASSERTED	ut quantitas eorum ascensionum in hac linea; qua re ascensiones signorum in sphaera recta
AB01-PDF0102-body-L032	102	13	SRC01	body	NALLINO_TRANSLATION	source_text_line	page + manually delimited zone + ordinal source line/object	NOT_ASSERTED	vocantur. Tertii cuiusque signi ascensiones rectae cum 90 temporibus lineae aequinoctialis
AB01-PDF0102-body-L033	102	13	SRC01	body	NALLINO_TRANSLATION	source_text_line	page + manually delimited zone + ordinal source line/object	NOT_ASSERTED	perficiuntur.
AB01-PDF0102-body-L034	102	13	SRC01	body	NALLINO_TRANSLATION	source_text_line	page + manually delimited zone + ordinal source line/object	NOT_ASSERTED	Si ascensionem rectam cuiuslibet gradus signorum scire vis, obliquitatem eclipticae, sci-
AB01-PDF0102-body-L035	102	13	SRC01	body	NALLINO_TRANSLATION	source_text_line	page + manually delimited zone + ordinal source line/object	NOT_ASSERTED	licet <m>23°\,35′</m>, de <m>90°</m> deme, ut complementum obliquitatis cognoscas; postea declinationem
AB01-PDF0102-body-L036	102	13	SRC01	body	NALLINO_TRANSLATION	source_text_line	page + manually delimited zone + ordinal source line/object	NOT_ASSERTED	graduum ab initio Arietis ad gradum datum supputa, eiusque sinum (3) in cosinum obliqui-
AB01-PDF0102-notes_left-L001	102	13	SRC01	notes_left	NALLINO_APPARATUS	source_text_line	page + manually delimited zone + ordinal source line/object	NOT_ASSERTED	(1) Cap. III, p. 11.
AB01-PDF0102-notes_left-L002	102	13	SRC01	notes_left	NALLINO_APPARATUS	source_text_line	page + manually delimited zone + ordinal source line/object	NOT_ASSERTED	(2) In <i>Canone</i> <n>Theonis Alexandrini</n> (edit.
AB01-PDF0102-notes_left-L003	102	13	SRC01	notes_left	NALLINO_APPARATUS	source_text_line	page + manually delimited zone + ordinal source line/object	NOT_ASSERTED	Halma, t. I, p. 54) legitur: « Dicitur etiam, ut astro-
AB01-PDF0102-notes_left-L004	102	13	SRC01	notes_left	NALLINO_APPARATUS	source_text_line	page + manually delimited zone + ordinal source line/object	NOT_ASSERTED	« logi (<gr>ἀποτελεσματικοί</gr>) faciunt, Sol in primo aut se-
AB01-PDF0102-notes_left-L005	102	13	SRC01	notes_left	NALLINO_APPARATUS	source_text_line	page + manually delimited zone + ordinal source line/object	NOT_ASSERTED	« cundo ordine (<gr>βαθμός</gr>), usque ad sextum inclusum,
AB01-PDF0102-notes_left-L006	102	13	SRC01	notes_left	NALLINO_APPARATUS	source_text_line	page + manually delimited zone + ordinal source line/object	NOT_ASSERTED	« esse; nam singuli quadrantes in sextantes qui <m>15°</m>
AB01-PDF0102-notes_right-L001	102	13	SRC01	notes_right	NALLINO_APPARATUS	source_text_line	page + manually delimited zone + ordinal source line/object	NOT_ASSERTED	« continent dividuntur, et primus sextans (<gr>ἑκτημόριον</gr>)
AB01-PDF0102-notes_right-L002	102	13	SRC01	notes_right	NALLINO_APPARATUS	source_text_line	page + manually delimited zone + ordinal source line/object	NOT_ASSERTED	« primus ordo appellatur, secundus secundus ordo,
AB01-PDF0102-notes_right-L003	102	13	SRC01	notes_right	NALLINO_APPARATUS	source_text_line	page + manually delimited zone + ordinal source line/object	NOT_ASSERTED	« et reliqui similiter ». — Horum ordinum tabulam
AB01-PDF0102-notes_right-L004	102	13	SRC01	notes_right	NALLINO_APPARATUS	source_text_line	page + manually delimited zone + ordinal source line/object	NOT_ASSERTED	praebet al-Battānī in fine tabulae declinationis Solis
AB01-PDF0102-notes_right-L005	102	13	SRC01	notes_right	NALLINO_APPARATUS	source_text_line	page + manually delimited zone + ordinal source line/object	NOT_ASSERTED	(fol. 178, r.).
AB01-PDF0102-notes_right-L006	102	13	SRC01	notes_right	NALLINO_APPARATUS	source_text_line	page + manually delimited zone + ordinal source line/object	NOT_ASSERTED	(3) Male in codice: « cosinum ».
AB01-PDF0102-margins-L001	102	13	SRC01	margins	NALLINO_APPARATUS	source_marginal_register	page + manually delimited zone + ordinal source line/object	NOT_ASSERTED	p. 20.
AB01-PDF0102-margins-L002	102	13	SRC01	margins	NALLINO_APPARATUS	source_marginal_register	page + manually delimited zone + ordinal source line/object	NOT_ASSERTED	5; 10; 15; 20; 25; 30; 35; 40.
AB01-PDF0103-body-L001	103	14	SRC01	body	NALLINO_TRANSLATION	source_text_line	page + manually delimited zone + ordinal source line/object	NOT_ASSERTED	tatis multiplica; productum per sinum obliquitatis divide, et in semidiametrum, scilicet <m>60^{p}</m>,
AB01-PDF0103-body-L002	103	14	SRC01	body	NALLINO_TRANSLATION	source_text_line	page + manually delimited zone + ordinal source line/object	NOT_ASSERTED	multiplica; productum per cosinum declinationis gradus divide; quod provenerit in arcum con-
AB01-PDF0103-body-L003	103	14	SRC01	body	NALLINO_TRANSLATION	source_text_line	page + manually delimited zone + ordinal source line/object	NOT_ASSERTED	verte, et arcus erit id lineae aequinoctialis quod ab initio Arietis ad gradum datum ascendit (<i>a</i>).
AB01-PDF0103-body-L004	103	14	SRC01	body	NALLINO_TRANSLATION	source_text_line	page + manually delimited zone + ordinal source line/object	NOT_ASSERTED	Si computum ad 30 gradus feceris, habebis ascensiones totius Arietis; si ad <m>60°</m>, ascen-
AB01-PDF0103-body-L005	103	14	SRC01	body	NALLINO_TRANSLATION	source_text_line	page + manually delimited zone + ordinal source line/object	NOT_ASSERTED	siones Arietis et Tauri simul, de quibus ascensiones Arietis detrahens, ascensiones Tauri
AB01-PDF0103-body-L006	103	14	SRC01	body	NALLINO_TRANSLATION	source_text_line	page + manually delimited zone + ordinal source line/object	NOT_ASSERTED	obtinebis; ascensiones autem Arietis et Tauri simul de <m>90°</m> demendo, invenies ascensiones
AB01-PDF0103-body-L007	103	14	SRC01	body	NALLINO_TRANSLATION	source_text_line	page + manually delimited zone + ordinal source line/object	NOT_ASSERTED	Geminorum. Quibus omnibus cognitis, etiam ascensiones reliquorum signorum innotescunt;
AB01-PDF0103-body-L008	103	14	SRC01	body	NALLINO_TRANSLATION	source_text_line	page + manually delimited zone + ordinal source line/object	NOT_ASSERTED	nam Virginis, Piscium et Librae ascensiones ut Arietis sunt; Leonis, Aquarii, Scorpii, ut
AB01-PDF0103-body-L009	103	14	SRC01	body	NALLINO_TRANSLATION	source_text_line	page + manually delimited zone + ordinal source line/object	NOT_ASSERTED	Tauri; Sagittarii, Capricorni, Cancri ut Geminorum. Ita ascensiones omnium graduum repe-
AB01-PDF0103-body-L010	103	14	SRC01	body	NALLINO_TRANSLATION	source_text_line	page + manually delimited zone + ordinal source line/object	NOT_ASSERTED	riuntur et in tabula describuntur. Initium a Capricorno sume, ut ab eo ascensiones signorum
AB01-PDF0103-body-L011	103	14	SRC01	body	NALLINO_TRANSLATION	source_text_line	page + manually delimited zone + ordinal source line/object	NOT_ASSERTED	in medio Caelo cuiuslibet loci terrestris cognoscas, et unus idemque numerus quocumque loco
AB01-PDF0103-body-L012	103	14	SRC01	body	NALLINO_TRANSLATION	source_text_line	page + manually delimited zone + ordinal source line/object	NOT_ASSERTED	gradum culminantem et gradum ascendentem exprimat (<i>b</i>). Quo modo tabulae construantur, nos,
AB01-PDF0103-body-L013	103	14	SRC01	body	NALLINO_TRANSLATION	source_text_line	page + manually delimited zone + ordinal source line/object	NOT_ASSERTED	ne verba nostra repetamus, in capite de ascensionibus signorum in climatibus docebimus (1).
AB01-PDF0103-body-L014	103	14	SRC01	body	NALLINO_TRANSLATION	source_text_line	page + manually delimited zone + ordinal source line/object	NOT_ASSERTED	<center><b>CAPUT VI.</b></center>
AB01-PDF0103-body-L015	103	14	SRC01	body	NALLINO_TRANSLATION	source_text_line	page + manually delimited zone + ordinal source line/object	NOT_ASSERTED	<center>De proprietatibus linearum, quarum aliae sunt aliis et aequatori paral-</center>
AB01-PDF0103-body-L016	103	14	SRC01	body	NALLINO_TRANSLATION	source_text_line	page + manually delimited zone + ordinal source line/object	NOT_ASSERTED	<center>lelae; de locis Terrae habitabilis, quorum longitudines et latitudi-</center>
AB01-PDF0103-body-L017	103	14	SRC01	body	NALLINO_TRANSLATION	source_text_line	page + manually delimited zone + ordinal source line/object	NOT_ASSERTED	<center>nes notae sunt, et de aliis rebus cum his connexis.</center>
AB01-PDF0103-body-L018	103	14	SRC01	body	NALLINO_TRANSLATION	source_text_line	page + manually delimited zone + ordinal source line/object	NOT_ASSERTED	Dicit [auctor]: Oportet nos a circulo aequinoctiali tractatum nostrum ordiri, et postea
AB01-PDF0103-body-L019	103	14	SRC01	body	NALLINO_TRANSLATION	source_text_line	page + manually delimited zone + ordinal source line/object	NOT_ASSERTED	reliquos circulos ab eo versus septentriones declinantes, et loca terrestria quibus ii imminent
AB01-PDF0103-body-L020	103	14	SRC01	body	NALLINO_TRANSLATION	source_text_line	page + manually delimited zone + ordinal source line/object	NOT_ASSERTED	describere.
AB01-PDF0103-body-L021	103	14	SRC01	body	NALLINO_TRANSLATION	source_text_line	page + manually delimited zone + ordinal source line/object	NOT_ASSERTED	Dicimus igitur lineam, quae circulo aequinoctiali in Terra respondet, lineam aequatoris
AB01-PDF0103-body-L022	103	14	SRC01	body	NALLINO_TRANSLATION	source_text_line	page + manually delimited zone + ordinal source line/object	NOT_ASSERTED	appellari, et latitudine carere; super eam, ab oriente in occidentem versus, circulum aequinoc-
AB01-PDF0103-body-L023	103	14	SRC01	body	NALLINO_TRANSLATION	source_text_line	page + manually delimited zone + ordinal source line/object	NOT_ASSERTED	tialem revolvi, ita ut in ea dies noctesque toto anno, ut supra diximus, sint aequales. Tan-
AB01-PDF0103-body-L024	103	14	SRC01	body	NALLINO_TRANSLATION	source_text_line	page + manually delimited zone + ordinal source line/object	NOT_ASSERTED	tum cum Sol per eam transit, dies et nox sensibili modo tota Terra coaequantur; tunc Sol
AB01-PDF0103-body-L025	103	14	SRC01	body	NALLINO_TRANSLATION	source_text_line	page + manually delimited zone + ordinal source line/object	NOT_ASSERTED	super punctum circulo aequinoctiali et eclipticae commune incidit, quod est locus intersectio-
AB01-PDF0103-body-L026	103	14	SRC01	body	NALLINO_TRANSLATION	source_text_line	page + manually delimited zone + ordinal source line/object	NOT_ASSERTED	nis horum circulorum, scilicet [initium Arietis] et Librae. Tunc etiam solummodo Sol capiti-
AB01-PDF0103-body-L027	103	14	SRC01	body	NALLINO_TRANSLATION	source_text_line	page + manually delimited zone + ordinal source line/object	NOT_ASSERTED	bus incolarum illius lineae tempore meridiano imminet, ita ut incolae illi erecti nullam
AB01-PDF0103-body-L028	103	14	SRC01	body	NALLINO_TRANSLATION	source_text_line	page + manually delimited zone + ordinal source line/object	NOT_ASSERTED	umbram proiiciant; sed cum Solis cursus in parte boreali vel australi eclipticae sit, tempore
AB01-PDF0103-body-L029	103	14	SRC01	body	NALLINO_TRANSLATION	source_text_line	page + manually delimited zone + ordinal source line/object	NOT_ASSERTED	meridiano aequatoris incolae versus meridiem vel septentriones umbras proiiciunt. Haec sola
AB01-PDF0103-body-L030	103	14	SRC01	body	NALLINO_TRANSLATION	source_text_line	page + manually delimited zone + ordinal source line/object	NOT_ASSERTED	linea aequinoctialis partem australem totius Terrae habitabilis terminat, et sola ortum et occa-
AB01-PDF0103-body-L031	103	14	SRC01	body	NALLINO_TRANSLATION	source_text_line	page + manually delimited zone + ordinal source line/object	NOT_ASSERTED	sum stellarum omnium videt, nam eo loco uterque polus sphaerae in ipso horizontis circulo
AB01-PDF0103-body-L032	103	14	SRC01	body	NALLINO_TRANSLATION	source_text_line	page + manually delimited zone + ordinal source line/object	NOT_ASSERTED	iacet, et sphaera ad similitudinem rotae aquariae [cuius ope agri irrigantur] (2) vel rotae
AB01-PDF0103-body-L033	103	14	SRC01	body	NALLINO_TRANSLATION	source_text_line	page + manually delimited zone + ordinal source line/object	NOT_ASSERTED	putei (3) volvitur. An lineam illam animantes incolant nescimus; nullum enim hominem vidi-
AB01-PDF0103-notes_left-L001	103	14	SRC01	notes_left	NALLINO_APPARATUS	source_text_line	page + manually delimited zone + ordinal source line/object	NOT_ASSERTED	(1) Cap. XIII.
AB01-PDF0103-notes_left-L002	103	14	SRC01	notes_left	NALLINO_APPARATUS	source_text_line	page + manually delimited zone + ordinal source line/object	NOT_ASSERTED	(2) Cfr. <n>al-Ġaghmīnī</n>, p. 262: « Es erscheint
AB01-PDF0103-notes_left-L003	103	14	SRC01	notes_left	NALLINO_APPARATUS	source_text_line	page + manually delimited zone + ordinal source line/object	NOT_ASSERTED	« dort [in linea aequinoctiali] die Rotation der Welt-
AB01-PDF0103-notes_left-L004	103	14	SRC01	notes_left	NALLINO_APPARATUS	source_text_line	page + manually delimited zone + ordinal source line/object	NOT_ASSERTED	« kugel wie die eines Schöpfrades, bei dem die am
AB01-PDF0103-notes_left-L005	103	14	SRC01	notes_left	NALLINO_APPARATUS	source_text_line	page + manually delimited zone + ordinal source line/object	NOT_ASSERTED	« Rande befindlichen Schöpfgefässe in rechten Win-
AB01-PDF0103-notes_left-L006	103	14	SRC01	notes_left	NALLINO_APPARATUS	source_text_line	page + manually delimited zone + ordinal source line/object	NOT_ASSERTED	« keln aus der Wasserfläche hervorkommen ». Item
AB01-PDF0103-notes_left-L007	103	14	SRC01	notes_left	NALLINO_APPARATUS	source_text_line	page + manually delimited zone + ordinal source line/object	NOT_ASSERTED	Syrus scriptor Severus bar Shakakō (qui et Iacobus
AB01-PDF0103-notes_left-L008	103	14	SRC01	notes_left	NALLINO_APPARATUS	source_text_line	page + manually delimited zone + ordinal source line/object	NOT_ASSERTED	Bartelensis vocatur atque anno D. 1241 obiit) hunc
AB01-PDF0103-notes_left-L009	103	14	SRC01	notes_left	NALLINO_APPARATUS	source_text_line	page + manually delimited zone + ordinal source line/object	NOT_ASSERTED	motum « motui quo machina aquas sublevans vol-
AB01-PDF0103-notes_right-L001	103	14	SRC01	notes_right	NALLINO_APPARATUS	source_text_line	page + manually delimited zone + ordinal source line/object	NOT_ASSERTED	« vitur » comparat; v. <n>Nau</n>, <i>Notice sur le livre des
AB01-PDF0103-notes_right-L002	103	14	SRC01	notes_right	NALLINO_APPARATUS	source_text_line	page + manually delimited zone + ordinal source line/object	NOT_ASSERTED	Trésors de Jacques de Bartela</i>, in <i>Journal Asia-
AB01-PDF0103-notes_right-L003	103	14	SRC01	notes_right	NALLINO_APPARATUS	source_text_line	page + manually delimited zone + ordinal source line/object	NOT_ASSERTED	tique</i>, ser. IX, t. VII, 1896, p. 293. — Instrumentum
AB01-PDF0103-notes_right-L004	103	14	SRC01	notes_right	NALLINO_APPARATUS	source_text_line	page + manually delimited zone + ordinal source line/object	NOT_ASSERTED	describitur apud <n>Lane</n>, <i>Manners and customs of
AB01-PDF0103-notes_right-L005	103	14	SRC01	notes_right	NALLINO_APPARATUS	source_text_line	page + manually delimited zone + ordinal source line/object	NOT_ASSERTED	the modern Egyptians</i>, London 1890 (Minerva edi-
AB01-PDF0103-notes_right-L006	103	14	SRC01	notes_right	NALLINO_APPARATUS	source_text_line	page + manually delimited zone + ordinal source line/object	NOT_ASSERTED	tion), p. 301.
AB01-PDF0103-notes_right-L007	103	14	SRC01	notes_right	NALLINO_APPARATUS	source_text_line	page + manually delimited zone + ordinal source line/object	NOT_ASSERTED	(3) Imago putei Arabici est apud <n>Euting</n>,
AB01-PDF0103-notes_right-L008	103	14	SRC01	notes_right	NALLINO_APPARATUS	source_text_line	page + manually delimited zone + ordinal source line/object	NOT_ASSERTED	<i>Tagbuch einer Reise in Inner-Arabien</i>, Leiden
AB01-PDF0103-notes_right-L009	103	14	SRC01	notes_right	NALLINO_APPARATUS	source_text_line	page + manually delimited zone + ordinal source line/object	NOT_ASSERTED	1896, p. 89.
AB01-PDF0103-margins-L001	103	14	SRC01	margins	NALLINO_APPARATUS	source_marginal_register	page + manually delimited zone + ordinal source line/object	NOT_ASSERTED	p. 21.
AB01-PDF0103-margins-L002	103	14	SRC01	margins	NALLINO_APPARATUS	source_marginal_register	page + manually delimited zone + ordinal source line/object	NOT_ASSERTED	p. 22.
AB01-PDF0103-margins-L003	103	14	SRC01	margins	NALLINO_APPARATUS	source_marginal_register	page + manually delimited zone + ordinal source line/object	NOT_ASSERTED	5; 10; 15; 20; 25; 30; 35.
AB01-PDF0104-body-L001	104	15	SRC01	body	NALLINO_TRANSLATION	source_text_line	page + manually delimited zone + ordinal source line/object	NOT_ASSERTED	mus, qui hoc nostro tempore illuc pervenisse censeatur, neque id evenisse Ptolemaeus in libro
AB01-PDF0104-body-L002	104	15	SRC01	body	NALLINO_TRANSLATION	source_text_line	page + manually delimited zone + ordinal source line/object	NOT_ASSERTED	suo (1) memorat. Sed intelligentibus notum est huius lineae aerem aequalem esse, nam Sol neque
AB01-PDF0104-body-L003	104	15	SRC01	body	NALLINO_TRANSLATION	source_text_line	page + manually delimited zone + ordinal source line/object	NOT_ASSERTED	ab ea nimium recedit, neque, ob velocissimum suum transitum ad declinationem, in eius zenith
AB01-PDF0104-body-L004	104	15	SRC01	body	NALLINO_TRANSLATION	source_text_line	page + manually delimited zone + ordinal source line/object	NOT_ASSERTED	nimium commoratur. Qua re ibi aestas et hiems aerem optime temperatum habent, cui simi-
AB01-PDF0104-body-L005	104	15	SRC01	body	NALLINO_TRANSLATION	source_text_line	page + manually delimited zone + ordinal source line/object	NOT_ASSERTED	lis in regionibus ab aequatore non longinquis invenitur, ut in urbibus Ṣanʿāʾ, ʿAden aliisque
AB01-PDF0104-body-L006	104	15	SRC01	body	NALLINO_TRANSLATION	source_text_line	page + manually delimited zone + ordinal source line/object	NOT_ASSERTED	e terra al-Yemen.
AB01-PDF0104-body-L007	104	15	SRC01	body	NALLINO_TRANSLATION	source_text_line	page + manually delimited zone + ordinal source line/object	NOT_ASSERTED	Reliquae lineae ab illa septentriones versus declives, sunt lineae sibi ipsis ad invicem et
AB01-PDF0104-body-L008	104	15	SRC01	body	NALLINO_TRANSLATION	source_text_line	page + manually delimited zone + ordinal source line/object	NOT_ASSERTED	aequatori parallelae. Stellae omnes cuiusvis lineae, in circulum incidentes qui centrum in
AB01-PDF0104-body-L009	104	15	SRC01	body	NALLINO_TRANSLATION	source_text_line	page + manually delimited zone + ordinal source line/object	NOT_ASSERTED	polo boreali aequatoris habet et altitudine poli super horizontem in ea linea circumscribitur,
AB01-PDF0104-body-L010	104	15	SRC01	body	NALLINO_TRANSLATION	source_text_line	page + manually delimited zone + ordinal source line/object	NOT_ASSERTED	nunquam in ea linea ad occasum vergunt. — Stellae extra hunc circulum, sed eo proximae,
AB01-PDF0104-body-L011	104	15	SRC01	body	NALLINO_TRANSLATION	source_text_line	page + manually delimited zone + ordinal source line/object	NOT_ASSERTED	bis in nocte apparent, scilicet prima nocte et nocte provecta, et in intervallo occidunt. Quae
AB01-PDF0104-body-L012	104	15	SRC01	body	NALLINO_TRANSLATION	source_text_line	page + manually delimited zone + ordinal source line/object	NOT_ASSERTED	ex iis in zenith sunt, de circulo per polos aequatoris transeunte arcum secant inter stellam
AB01-PDF0104-body-L013	104	15	SRC01	body	NALLINO_TRANSLATION	source_text_line	page + manually delimited zone + ordinal source line/object	NOT_ASSERTED	et aequatorem qui aequalis est arcui inter lineam parallelam (2) et lineam aequinoctialem
AB01-PDF0104-body-L014	104	15	SRC01	body	NALLINO_TRANSLATION	source_text_line	page + manually delimited zone + ordinal source line/object	NOT_ASSERTED	[Terrae]. — Semper manent occultae stellae incidentes in circulum, cuius centrum est polus
AB01-PDF0104-body-L015	104	15	SRC01	body	NALLINO_TRANSLATION	source_text_line	page + manually delimited zone + ordinal source line/object	NOT_ASSERTED	australis aequatoris, et qui depressione eiusdem poli sub horizonte circumscribitur. — Reli-
AB01-PDF0104-body-L016	104	15	SRC01	body	NALLINO_TRANSLATION	source_text_line	page + manually delimited zone + ordinal source line/object	NOT_ASSERTED	quae stellae, quae huiusmodi non sunt, oriuntur et occidunt.
AB01-PDF0104-body-L017	104	15	SRC01	body	NALLINO_TRANSLATION	source_text_line	page + manually delimited zone + ordinal source line/object	NOT_ASSERTED	Qua re si observaveris stellam positam in circulo, qui centrum habet in polo boreali
AB01-PDF0104-body-L018	104	15	SRC01	body	NALLINO_TRANSLATION	source_text_line	page + manually delimited zone + ordinal source line/object	NOT_ASSERTED	aequatoris et circumscribitur altitudine poli super horizontem; deinde illius stellae maximam
AB01-PDF0104-body-L019	104	15	SRC01	body	NALLINO_TRANSLATION	source_text_line	page + manually delimited zone + ordinal source line/object	NOT_ASSERTED	altitudinem deprehenderis, quae habetur cum sidus per lineam medii Caeli super polum transit
AB01-PDF0104-body-L020	104	15	SRC01	body	NALLINO_TRANSLATION	source_text_line	page + manually delimited zone + ordinal source line/object	NOT_ASSERTED	ita ut sit inter zenith et polum; denique exspectaveris donec ad lineam medii Caeli sub polo
AB01-PDF0104-body-L021	104	15	SRC01	body	NALLINO_TRANSLATION	source_text_line	page + manually delimited zone + ordinal source line/object	NOT_ASSERTED	inter polum et horizontem pervenerit, quae est minima altitudo; dimidiam differentiam duarum
AB01-PDF0104-body-L022	104	15	SRC01	body	NALLINO_TRANSLATION	source_text_line	page + manually delimited zone + ordinal source line/object	NOT_ASSERTED	altitudinum altitudini minimae addendo, habebis altitudinem poli borealis super horizontem loci
AB01-PDF0104-body-L023	104	15	SRC01	body	NALLINO_TRANSLATION	source_text_line	page + manually delimited zone + ordinal source line/object	NOT_ASSERTED	observationis. Similiter dimidia summa duarum altitudinum erit quoque altitudo poli, sive lati-
AB01-PDF0104-body-L024	104	15	SRC01	body	NALLINO_TRANSLATION	source_text_line	page + manually delimited zone + ordinal source line/object	NOT_ASSERTED	tudo borealis illius loci.
AB01-PDF0104-body-L025	104	15	SRC01	body	NALLINO_TRANSLATION	source_text_line	page + manually delimited zone + ordinal source line/object	NOT_ASSERTED	In iis lineis, quarum longinquitas a circulo aequinoctiali minor est declinatione eclipticae,
AB01-PDF0104-body-L026	104	15	SRC01	body	NALLINO_TRANSLATION	source_text_line	page + manually delimited zone + ordinal source line/object	NOT_ASSERTED	Sol bis in anno per zenith transit; et e tabulis declinationis deprehenditur cum quo eclipticae
AB01-PDF0104-body-L027	104	15	SRC01	body	NALLINO_TRANSLATION	source_text_line	page + manually delimited zone + ordinal source line/object	NOT_ASSERTED	gradu id eveniet, nempe in quo gradu Sol tunc erit. Sol enim si in initio Arietis vel Librae
AB01-PDF0104-body-L028	104	15	SRC01	body	NALLINO_TRANSLATION	source_text_line	page + manually delimited zone + ordinal source line/object	NOT_ASSERTED	fuerit, tempore meridiano per zenith lineae aequinoctialis transibit, ut supra diximus; quod
AB01-PDF0104-body-L029	104	15	SRC01	body	NALLINO_TRANSLATION	source_text_line	page + manually delimited zone + ordinal source line/object	NOT_ASSERTED	semel (3) tantum in anno contingit. Si a septentrionibus duorum illorum punctorum, perve-
AB01-PDF0104-body-L030	104	15	SRC01	body	NALLINO_TRANSLATION	source_text_line	page + manually delimited zone + ordinal source line/object	NOT_ASSERTED	niet ad zenith hominum qui sub eius transitu in declinatione stant; eo loco tunc altitudo
AB01-PDF0104-body-L031	104	15	SRC01	body	NALLINO_TRANSLATION	source_text_line	page + manually delimited zone + ordinal source line/object	NOT_ASSERTED	poli erit ut declinatio gradus Solis, si haec borealis exstiterit. Et notum est longinquitatem
AB01-PDF0104-body-L032	104	15	SRC01	body	NALLINO_TRANSLATION	source_text_line	page + manually delimited zone + ordinal source line/object	NOT_ASSERTED	aequatoris a zenith eius loci esse tunc declinationi Solis aequalem, et tempore meridiano
AB01-PDF0104-body-L033	104	15	SRC01	body	NALLINO_TRANSLATION	source_text_line	page + manually delimited zone + ordinal source line/object	NOT_ASSERTED	homines erectos nullam proiicere umbram. Sed cum Sol ab iis recesserit, eorum umbrae tem-
AB01-PDF0104-body-L034	104	15	SRC01	body	NALLINO_TRANSLATION	source_text_line	page + manually delimited zone + ordinal source line/object	NOT_ASSERTED	pore meridiano meridiem versus erunt, donec Sol iterum ad zenith redierit, quo tempore rur-
AB01-PDF0104-body-L035	104	15	SRC01	body	NALLINO_TRANSLATION	source_text_line	page + manually delimited zone + ordinal source line/object	NOT_ASSERTED	sus umbrae desunt; recedente deinceps ab iis Sole, umbrae ad septentriones versus declinabunt.
AB01-PDF0104-body-L036	104	15	SRC01	body	NALLINO_TRANSLATION	source_text_line	page + manually delimited zone + ordinal source line/object	NOT_ASSERTED	In reliquis lineis quarum distantia a circulo aequinoctiali est declinatione eclipticae maior,
AB01-PDF0104-body-L037	104	15	SRC01	body	NALLINO_TRANSLATION	source_text_line	page + manually delimited zone + ordinal source line/object	NOT_ASSERTED	Sol nunquam ad zenith pervenit, nec tempore meridiano umbrae in meridiem versus proiiciun-
AB01-PDF0104-body-L038	104	15	SRC01	body	NALLINO_TRANSLATION	source_text_line	page + manually delimited zone + ordinal source line/object	NOT_ASSERTED	tur; et semper crescit differentia inter dies noctesque usque ad lineam <m>66°\,25′</m> ab aequatore
AB01-PDF0104-body-L039	104	15	SRC01	body	NALLINO_TRANSLATION	source_text_line	page + manually delimited zone + ordinal source line/object	NOT_ASSERTED	longinquam, quod est obliquitatis eclipticae complementum. In hac linea, cum Sol in puncto sol-
AB01-PDF0104-body-L040	104	15	SRC01	body	NALLINO_TRANSLATION	source_text_line	page + manually delimited zone + ordinal source line/object	NOT_ASSERTED	stitii aestivi, scilicet in initio Cancri, exstat, dies duodecim horis augescit, quapropter dies et
AB01-PDF0104-body-L041	104	15	SRC01	body	NALLINO_TRANSLATION	source_text_line	page + manually delimited zone + ordinal source line/object	NOT_ASSERTED	nox unam diem continuam efficiunt. Idem nocti evenit, cum Sol in puncto solstitii hiemalis,
AB01-PDF0104-notes_left-L001	104	15	SRC01	notes_left	NALLINO_APPARATUS	source_text_line	page + manually delimited zone + ordinal source line/object	NOT_ASSERTED	(1) <i>Almag.</i> II, 6 (ed. Halma, t. I, p. 78).
AB01-PDF0104-notes_left-L002	104	15	SRC01	notes_left	NALLINO_APPARATUS	source_text_line	page + manually delimited zone + ordinal source line/object	NOT_ASSERTED	(2) Scilicet parallelum terrestrem per locum
AB01-PDF0104-notes_left-L003	104	15	SRC01	notes_left	NALLINO_APPARATUS	source_text_line	page + manually delimited zone + ordinal source line/object	NOT_ASSERTED	observationis transeuntem; arcus igitur ille est lati-
AB01-PDF0104-notes_left-L004	104	15	SRC01	notes_left	NALLINO_APPARATUS	source_text_line	page + manually delimited zone + ordinal source line/object	NOT_ASSERTED	tudo geographica sive altitudo poli.
AB01-PDF0104-notes_right-L001	104	15	SRC01	notes_right	NALLINO_APPARATUS	source_text_line	page + manually delimited zone + ordinal source line/object	NOT_ASSERTED	(3) Nam puncta aequinoctialia singillatim con-
AB01-PDF0104-notes_right-L002	104	15	SRC01	notes_right	NALLINO_APPARATUS	source_text_line	page + manually delimited zone + ordinal source line/object	NOT_ASSERTED	siderat. Plato « bis », sed fortasse ex sua coniectura,
AB01-PDF0104-notes_right-L003	104	15	SRC01	notes_right	NALLINO_APPARATUS	source_text_line	page + manually delimited zone + ordinal source line/object	NOT_ASSERTED	nam cod. <ar>مرة واحدة</ar> habet.
AB01-PDF0104-margins-L001	104	15	SRC01	margins	NALLINO_APPARATUS	source_marginal_register	page + manually delimited zone + ordinal source line/object	NOT_ASSERTED	p. 23.
AB01-PDF0104-margins-L002	104	15	SRC01	margins	NALLINO_APPARATUS	source_marginal_register	page + manually delimited zone + ordinal source line/object	NOT_ASSERTED	5; 10; 15; 20; 25; 30; 35; 40.
AB01-PDF0105-body-L001	105	16	SRC01	body	NALLINO_TRANSLATION	source_text_line	page + manually delimited zone + ordinal source line/object	NOT_ASSERTED	scilicet in initio Capricorni reperitur. Haec linea est prima earum in quibus umbrae rerum
AB01-PDF0105-body-L002	105	16	SRC01	body	NALLINO_TRANSLATION	source_text_line	page + manually delimited zone + ordinal source line/object	NOT_ASSERTED	erectarum versus omnes horizontis plagas declinant; meridiei tempus enim, in locis qui ab
AB01-PDF0105-body-L003	105	16	SRC01	body	NALLINO_TRANSLATION	source_text_line	page + manually delimited zone + ordinal source line/object	NOT_ASSERTED	eius septentrionibus sunt, indefinitum est. In hac sola linea, ecliptica est una eademque res ac
AB01-PDF0105-body-L004	105	16	SRC01	body	NALLINO_TRANSLATION	source_text_line	page + manually delimited zone + ordinal source line/object	NOT_ASSERTED	horizon, cum ab eo punctum aequinoctii vernalis ascendit; nam Cancri initium tunc a puncto
AB01-PDF0105-body-L005	105	16	SRC01	body	NALLINO_TRANSLATION	source_text_line	page + manually delimited zone + ordinal source line/object	NOT_ASSERTED	boreali ascendit, et initium Arietis ab ascensione aequinoctii in horizonte orientali oritur. Qua
AB01-PDF0105-body-L006	105	16	SRC01	body	NALLINO_TRANSLATION	source_text_line	page + manually delimited zone + ordinal source line/object	NOT_ASSERTED	re Sol, cum per punctum solstitii aestivi transit, non occidit die neque nocte, sed ad varias
AB01-PDF0105-body-L007	105	16	SRC01	body	NALLINO_TRANSLATION	source_text_line	page + manually delimited zone + ordinal source line/object	NOT_ASSERTED	distantias circa horizontem ambit, donec ad punctum boreale redeat; dies illa igitur nocte caret.
AB01-PDF0105-body-L008	105	16	SRC01	body	NALLINO_TRANSLATION	source_text_line	page + manually delimited zone + ordinal source line/object	NOT_ASSERTED	Dicit [auctor]: In reliquis lineis ab hac in septentriones versus declivibus, umbrae rerum
AB01-PDF0105-body-L009	105	16	SRC01	body	NALLINO_TRANSLATION	source_text_line	page + manually delimited zone + ordinal source line/object	NOT_ASSERTED	erectarum versus omnes horizontis plagas circumeunt, et diei longitudo potest e tabula declina-
AB01-PDF0105-body-L010	105	16	SRC01	body	NALLINO_TRANSLATION	source_text_line	page + manually delimited zone + ordinal source line/object	NOT_ASSERTED	tionis deprehendi. Nam si a 90° dematur declinatio graduum quibus Sol in aliqua harum
AB01-PDF0105-body-L011	105	16	SRC01	body	NALLINO_TRANSLATION	source_text_line	page + manually delimited zone + ordinal source line/object	NOT_ASSERTED	linearum a puncto solstitiali recedit, remanet illius lineae distantia ab aequatore, scilicet alti-
AB01-PDF0105-body-L012	105	16	SRC01	body	NALLINO_TRANSLATION	source_text_line	page + manually delimited zone + ordinal source line/object	NOT_ASSERTED	tudo poli in ea linea. Gradus quos Sol ab utraque solstitii parte percurrit, aut semper appa-
AB01-PDF0105-body-L013	105	16	SRC01	body	NALLINO_TRANSLATION	source_text_line	page + manually delimited zone + ordinal source line/object	NOT_ASSERTED	rent aut semper occultantur; longitudo igitur diei in quibusdam harum linearum est unius
AB01-PDF0105-body-L014	105	16	SRC01	body	NALLINO_TRANSLATION	source_text_line	page + manually delimited zone + ordinal source line/object	NOT_ASSERTED	mensis, aut duorum, aut trium, aut plurium aut pauciorum; longitudo autem noctis contra-
AB01-PDF0105-body-L015	105	16	SRC01	body	NALLINO_TRANSLATION	source_text_line	page + manually delimited zone + ordinal source line/object	NOT_ASSERTED	rio modo: donec ad lineam pervenias, quae omnibus quadrantis gradibus ab aequatore distat,
AB01-PDF0105-body-L016	105	16	SRC01	body	NALLINO_TRANSLATION	source_text_line	page + manually delimited zone + ordinal source line/object	NOT_ASSERTED	in qua scilicet altitudo poli 90° attingit. Eo loco longitudo diei est sex mensibus proxima, eo-
AB01-PDF0105-body-L017	105	16	SRC01	body	NALLINO_TRANSLATION	source_text_line	page + manually delimited zone + ordinal source line/object	NOT_ASSERTED	demque tempore ambitus orbicularis umbrae versus omnes horizontis plagas perficitur; nam pars
AB01-PDF0105-body-L018	105	16	SRC01	body	NALLINO_TRANSLATION	source_text_line	page + manually delimited zone + ordinal source line/object	NOT_ASSERTED	borealis eclipticae, ab initio Arietis ad finem Virginis, nunquam sub Terra occultatur, et reli-
AB01-PDF0105-body-L019	105	16	SRC01	body	NALLINO_TRANSLATION	source_text_line	page + manually delimited zone + ordinal source line/object	NOT_ASSERTED	qua pars australis nunquam super Terram apparet. Est igitur annus totus unum nychthemerum,
AB01-PDF0105-body-L020	105	16	SRC01	body	NALLINO_TRANSLATION	source_text_line	page + manually delimited zone + ordinal source line/object	NOT_ASSERTED	cuius dimidia pars dies, dimidia nox est. Polus borealis cum zenith convenit; circulus aequi-
AB01-PDF0105-body-L021	105	16	SRC01	body	NALLINO_TRANSLATION	source_text_line	page + manually delimited zone + ordinal source line/object	NOT_ASSERTED	noctialis eadem res fit ac circulus horizontis, semperque apparet aut semper occultatur. Mani-
AB01-PDF0105-body-L022	105	16	SRC01	body	NALLINO_TRANSLATION	source_text_line	page + manually delimited zone + ordinal source line/object	NOT_ASSERTED	festum etiam est sphaeram eo loco ut molam (1) rotare; ab aequatore contra usque ad illam
AB01-PDF0105-body-L023	105	16	SRC01	body	NALLINO_TRANSLATION	source_text_line	page + manually delimited zone + ordinal source line/object	NOT_ASSERTED	lineam rotationes inter se differre, cum motum habeant medium inter rotae aquariae et molae,
AB01-PDF0105-body-L024	105	16	SRC01	body	NALLINO_TRANSLATION	source_text_line	page + manually delimited zone + ordinal source line/object	NOT_ASSERTED	atque sphaeram eadem declinatione sive distantia ab aequatore declinare ac locum illud. Deus
AB01-PDF0105-body-L025	105	16	SRC01	body	NALLINO_TRANSLATION	source_text_line	page + manually delimited zone + ordinal source line/object	NOT_ASSERTED	haec melius scit.
AB01-PDF0105-body-L026	105	16	SRC01	body	NALLINO_TRANSLATION	source_text_line	page + manually delimited zone + ordinal source line/object	NOT_ASSERTED	Longitudinum diei in aliqua harum linearum exemplum praebeamus. Sit linea cuius lon-
AB01-PDF0105-body-L027	105	16	SRC01	body	NALLINO_TRANSLATION	source_text_line	page + manually delimited zone + ordinal source line/object	NOT_ASSERTED	ginquitas ab aequatore sive altitudo poli 69° 44′ (2) complectitur; hoc de 90° detracto, rema-
AB01-PDF0105-body-L028	105	16	SRC01	body	NALLINO_TRANSLATION	source_text_line	page + manually delimited zone + ordinal source line/object	NOT_ASSERTED	nent 20° 16′, et inveniemus Solem ad hanc declinationem borealem pervenire, cum a puncto
AB01-PDF0105-body-L029	105	16	SRC01	body	NALLINO_TRANSLATION	source_text_line	page + manually delimited zone + ordinal source line/object	NOT_ASSERTED	solstitiali ex alterutra parte 30° distaverit. Ab initio igitur Geminorum, Sol, circa horizontem
AB01-PDF0105-body-L030	105	16	SRC01	body	NALLINO_TRANSLATION	source_text_line	page + manually delimited zone + ordinal source line/object	NOT_ASSERTED	se movens, semper super Terram apparebit donec ad initium Leonis pervenerit; ideoque in ea
AB01-PDF0105-body-L031	105	16	SRC01	body	NALLINO_TRANSLATION	source_text_line	page + manually delimited zone + ordinal source line/object	NOT_ASSERTED	linea quamdiu in his 60° fuerit, qui ab utraque parte puncti solstitialis sunt, nunquam occul-
AB01-PDF0105-body-L032	105	16	SRC01	body	NALLINO_TRANSLATION	source_text_line	page + manually delimited zone + ordinal source line/object	NOT_ASSERTED	tabitur, et dies durabit et umbrae rerum versus omnes horizontis plagas rotabunt usque eo
AB01-PDF0105-body-L033	105	16	SRC01	body	NALLINO_TRANSLATION	source_text_line	page + manually delimited zone + ordinal source line/object	NOT_ASSERTED	quo Sol omnes illos 60° spatio circiter duorum mensium percurrerit. Si eadem quantitate a
AB01-PDF0105-body-L034	105	16	SRC01	body	NALLINO_TRANSLATION	source_text_line	page + manually delimited zone + ordinal source line/object	NOT_ASSERTED	puncto solstitii hiemalis Sol distaverit, ab initio Sagittarii ad initium Aquarii nunquam super
AB01-PDF0105-body-L035	105	16	SRC01	body	NALLINO_TRANSLATION	source_text_line	page + manually delimited zone + ordinal source line/object	NOT_ASSERTED	Terram apparebit, et nox duos fere menses durabit. — In linea quae ab aequatore 78° 23′ (3)
AB01-PDF0105-body-L036	105	16	SRC01	body	NALLINO_TRANSLATION	source_text_line	page + manually delimited zone + ordinal source line/object	NOT_ASSERTED	distat, quamdiu Solis declinatio borealis complementum horum graduum saltem attigerit, Sol
AB01-PDF0105-body-L037	105	16	SRC01	body	NALLINO_TRANSLATION	source_text_line	page + manually delimited zone + ordinal source line/object	NOT_ASSERTED	nunquam sub Terra occultabitur; et quamdiu declinatio australis eam quantitatem attigerit
AB01-PDF0105-body-L038	105	16	SRC01	body	NALLINO_TRANSLATION	source_text_line	page + manually delimited zone + ordinal source line/object	NOT_ASSERTED	vel superaverit, Sol nunquam super Terram apparebit. Haec quantitas, 78°28′ complementum,
AB01-PDF0105-body-L039	105	16	SRC01	body	NALLINO_TRANSLATION	source_text_line	page + manually delimited zone + ordinal source line/object	NOT_ASSERTED	est 11° 32′ (4); ad eam Sol in initio Tauri et Virginis pervenit, quorum quodque 60° a
AB01-PDF0105-body-L040	105	16	SRC01	body	NALLINO_TRANSLATION	source_text_line	page + manually delimited zone + ordinal source line/object	NOT_ASSERTED	puncto solstitii aestivi distat. Spatium igitur quatuor mensium fere dies durabit et umbrae
AB01-PDF0105-notes_left-L001	105	16	SRC01	notes_left	NALLINO_APPARATUS	source_text_line	page + manually delimited zone + ordinal source line/object	NOT_ASSERTED	(1) Eadem comparatio apud <n>al-Farghānī</n>
AB01-PDF0105-notes_left-L002	105	16	SRC01	notes_left	NALLINO_APPARATUS	source_text_line	page + manually delimited zone + ordinal source line/object	NOT_ASSERTED	in fine VII capitis (unde, ut me Schiaparelli docet,
AB01-PDF0105-notes_left-L003	105	16	SRC01	notes_left	NALLINO_APPARATUS	source_text_line	page + manually delimited zone + ordinal source line/object	NOT_ASSERTED	eam <n>Dantes Alighieri</n> in <i>Convivium</i> rece-
AB01-PDF0105-notes_left-L004	105	16	SRC01	notes_left	NALLINO_APPARATUS	source_text_line	page + manually delimited zone + ordinal source line/object	NOT_ASSERTED	pit); <n>Ibn Rosteh</n>, p. 8; <n>al-Masʿūdī</n>, <i>Tan-
AB01-PDF0105-notes_left-L005	105	16	SRC01	notes_left	NALLINO_APPARATUS	source_text_line	page + manually delimited zone + ordinal source line/object	NOT_ASSERTED	bīh</i>, p. 10, et <i>Prairies</i> t. I, p. 191; <n>al-Ġaghmīnī</n>,
AB01-PDF0105-notes_left-L006	105	16	SRC01	notes_left	NALLINO_APPARATUS	source_text_line	page + manually delimited zone + ordinal source line/object	NOT_ASSERTED	p. 267.
AB01-PDF0105-notes_right-L001	105	16	SRC01	notes_right	NALLINO_APPARATUS	source_text_line	page + manually delimited zone + ordinal source line/object	NOT_ASSERTED	(2) In <i>Almag.</i> II, 6 (ed. Halma, t. I, p. 88) <m>69°\frac12</m>,
AB01-PDF0105-notes_right-L002	105	16	SRC01	notes_right	NALLINO_APPARATUS	source_text_line	page + manually delimited zone + ordinal source line/object	NOT_ASSERTED	maiorem enim eclipticae obliquitatem habet.
AB01-PDF0105-notes_right-L003	105	16	SRC01	notes_right	NALLINO_APPARATUS	source_text_line	page + manually delimited zone + ordinal source line/object	NOT_ASSERTED	(3) Male Plato minuta 38′ habet. — In <i>Almag.</i>
AB01-PDF0105-notes_right-L004	105	16	SRC01	notes_right	NALLINO_APPARATUS	source_text_line	page + manually delimited zone + ordinal source line/object	NOT_ASSERTED	II, 6 (ed. Halma, t. I, p. 89) <m>78°\frac13</m>, ob diversam ecli-
AB01-PDF0105-notes_right-L005	105	16	SRC01	notes_right	NALLINO_APPARATUS	source_text_line	page + manually delimited zone + ordinal source line/object	NOT_ASSERTED	pticae obliquitatem.
AB01-PDF0105-notes_right-L006	105	16	SRC01	notes_right	NALLINO_APPARATUS	source_text_line	page + manually delimited zone + ordinal source line/object	NOT_ASSERTED	(4) Male minuta apud Platonem 33′.
AB01-PDF0105-margins-L001	105	16	SRC01	margins	NALLINO_APPARATUS	source_marginal_register	page + manually delimited zone + ordinal source line/object	NOT_ASSERTED	p. 24.
AB01-PDF0105-margins-L002	105	16	SRC01	margins	NALLINO_APPARATUS	source_marginal_register	page + manually delimited zone + ordinal source line/object	NOT_ASSERTED	p. 25.
AB01-PDF0105-margins-L003	105	16	SRC01	margins	NALLINO_APPARATUS	source_marginal_register	page + manually delimited zone + ordinal source line/object	NOT_ASSERTED	5; 10; 15; 20; 25; 30; 35; 40
AB01-PDF0106-body-L001	106	17	SRC01	body	NALLINO_TRANSLATION	source_text_line	page + manually delimited zone + ordinal source line/object	NOT_ASSERTED	brae rerum rotabunt; similiter quatuor circiter menses, quibus Sol ab initio Scorpii ad initium
AB01-PDF0106-body-L002	106	17	SRC01	body	NALLINO_TRANSLATION	source_text_line	page + manually delimited zone + ordinal source line/object	NOT_ASSERTED	Piscium sub Terra pervenit, nox semper erit.
AB01-PDF0106-body-L003	106	17	SRC01	body	NALLINO_TRANSLATION	source_text_line	page + manually delimited zone + ordinal source line/object	NOT_ASSERTED	Loca Terrae nota regionesque habitatas in longitudine et latitudine descripsimus, ratio-
AB01-PDF0106-body-L004	106	17	SRC01	body	NALLINO_TRANSLATION	source_text_line	page + manually delimited zone + ordinal source line/object	NOT_ASSERTED	nem Ptolemaei secuti; cum quo alii etiam veterum consentierunt Terram rotundam esse,
AB01-PDF0106-body-L005	106	17	SRC01	body	NALLINO_TRANSLATION	source_text_line	page + manually delimited zone + ordinal source line/object	NOT_ASSERTED	centrum in medio sphaerae caelestis habere, aëre undique circumdari, et ob suam parvitatem
AB01-PDF0106-body-L006	106	17	SRC01	body	NALLINO_TRANSLATION	source_text_line	page + manually delimited zone + ordinal source line/object	NOT_ASSERTED	veluti punctum respectu eclipticae censeri (1).
AB01-PDF0106-body-L007	106	17	SRC01	body	NALLINO_TRANSLATION	source_text_line	page + manually delimited zone + ordinal source line/object	NOT_ASSERTED	Terram habitabilem a sex insulis habitatis, quae in <i>Oceano occidentali</i> sunt et <i>Aeter-
AB01-PDF0106-body-L008	106	17	SRC01	body	NALLINO_TRANSLATION	source_text_line	page + manually delimited zone + ordinal source line/object	NOT_ASSERTED	nae</i> (2) vocantur, usque ad extremas regiones cultas <i>Sinarum</i> posuerunt; et hanc longitu-
AB01-PDF0106-body-L009	106	17	SRC01	body	NALLINO_TRANSLATION	source_text_line	page + manually delimited zone + ordinal source line/object	NOT_ASSERTED	dinem duodecim horas efficere. Cognoverunt ergo Solem, cum in extrema <i>Sinarum</i> terra
AB01-PDF0106-body-L010	106	17	SRC01	body	NALLINO_TRANSLATION	source_text_line	page + manually delimited zone + ordinal source line/object	NOT_ASSERTED	occidat, incipere super primam insularum, quas in <i>Oceano occidentali</i> memoravimus, oriri;
AB01-PDF0106-body-L011	106	17	SRC01	body	NALLINO_TRANSLATION	source_text_line	page + manually delimited zone + ordinal source line/object	NOT_ASSERTED	cum autem in his insulis occidat, super extremas terras <i>Sinarum</i> oriri. Hoc spatium esse
AB01-PDF0106-body-L012	106	17	SRC01	body	NALLINO_TRANSLATION	source_text_line	page + manually delimited zone + ordinal source line/object	NOT_ASSERTED	dimidiam circumferentiam Terrae et locorum habitatorum longitudinem; 13.500 milliaria <i>(a)</i>
AB01-PDF0106-body-L013	106	17	SRC01	body	NALLINO_TRANSLATION	source_text_line	page + manually delimited zone + ordinal source line/object	NOT_ASSERTED	complecti, e milliaribus quibus ad metiendam terram utuntur. — Latitudinem terrae habita-
AB01-PDF0106-body-L014	106	17	SRC01	body	NALLINO_TRANSLATION	source_text_line	page + manually delimited zone + ordinal source line/object	NOT_ASSERTED	tae a linea aequinoctiali in septentriones versus usque ad insulam <i>Thulem</i>, quae est in <i>Bri-
AB01-PDF0106-body-L015	106	17	SRC01	body	NALLINO_TRANSLATION	source_text_line	page + manually delimited zone + ordinal source line/object	NOT_ASSERTED	tannia</i>, pervenire invenerunt, quo loco longissimum diem 20 fere horarum esse.
AB01-PDF0106-body-L016	106	17	SRC01	body	NALLINO_TRANSLATION	source_text_line	page + manually delimited zone + ordinal source line/object	NOT_ASSERTED	Dixerunt etiam lineam aequinoctialem Terrae inter ortum et occasum in insula secari,
AB01-PDF0106-body-L017	106	17	SRC01	body	NALLINO_TRANSLATION	source_text_line	page + manually delimited zone + ordinal source line/object	NOT_ASSERTED	quae, inter <i>Indos</i> et <i>Aethiopes</i> ab aequatoris austro posita, septentriones a meridie ibi sepa-
AB01-PDF0106-body-L018	106	17	SRC01	body	NALLINO_TRANSLATION	source_text_line	page + manually delimited zone + ordinal source line/object	NOT_ASSERTED	ret; lineam autem a septentrionibus in austrum versus procedentem et aequatorem secantem,
AB01-PDF0106-body-L019	106	17	SRC01	body	NALLINO_TRANSLATION	source_text_line	page + manually delimited zone + ordinal source line/object	NOT_ASSERTED	medium locum inter insulas illas, quas in <i>Oceano</i> esse diximus, et extremam <i>Sinarum</i> ter-
AB01-PDF0106-body-L020	106	17	SRC01	body	NALLINO_TRANSLATION	source_text_line	page + manually delimited zone + ordinal source line/object	NOT_ASSERTED	ram obtinere; locum abscissionis <i>fornicem (cupolam) Terrae</i> appellari <i>(b)</i>. — Latitudinem
AB01-PDF0106-body-L021	106	17	SRC01	body	NALLINO_TRANSLATION	source_text_line	page + manually delimited zone + ordinal source line/object	NOT_ASSERTED	a linea aequinoctiali ad insulam <i>Thulem</i>, fere 60 graduum esse; sextam partem igitur cir-
AB01-PDF0106-body-L022	106	17	SRC01	body	NALLINO_TRANSLATION	source_text_line	page + manually delimited zone + ordinal source line/object	NOT_ASSERTED	cumferentiae terrestris efficere. Si haec sexta pars in dimidiam, quae est longitudinis quan-
AB01-PDF0106-body-L023	106	17	SRC01	body	NALLINO_TRANSLATION	source_text_line	page + manually delimited zone + ordinal source line/object	NOT_ASSERTED	titas, multiplicetur, manifeste cognosci regiones habitatas in parte boreali duodecimam partem
AB01-PDF0106-body-L024	106	17	SRC01	body	NALLINO_TRANSLATION	source_text_line	page + manually delimited zone + ordinal source line/object	NOT_ASSERTED	Terrae esse (3) <i>(c)</i>.
AB01-PDF0106-body-L025	106	17	SRC01	body	NALLINO_TRANSLATION	source_text_line	page + manually delimited zone + ordinal source line/object	NOT_ASSERTED	<i>Indorum</i> <i>(d)</i> maris longitudinem ab occasu ad ortum versus, ab extrema <i>Aethiopia</i> ad
AB01-PDF0106-body-L026	106	17	SRC01	body	NALLINO_TRANSLATION	source_text_line	page + manually delimited zone + ordinal source line/object	NOT_ASSERTED	extremam <i>Indiam</i>, 8000 milliariorum complecti statuerunt; latitudinem 2700, quorum 1900 ab
AB01-PDF0106-body-L027	106	17	SRC01	body	NALLINO_TRANSLATION	source_text_line	page + manually delimited zone + ordinal source line/object	NOT_ASSERTED	<i>aequatoris insula</i> in meridiem versus protendi (4). Esse huic mari sinum in <i>Aethiopia</i>, usque
AB01-PDF0106-body-L028	106	17	SRC01	body	NALLINO_TRANSLATION	source_text_line	page + manually delimited zone + ordinal source line/object	NOT_ASSERTED	ad <i>Barbaros (al-Barbar)</i> pervenientem, et <i>Barbaricum</i> sinum appellatum, qui longitudinem
AB01-PDF0106-body-L029	106	17	SRC01	body	NALLINO_TRANSLATION	source_text_line	page + manually delimited zone + ordinal source line/object	NOT_ASSERTED	500 milliariorum habeat, latitudinem directo cursu 100 (5). Alium sinum, mare <i>al-Qolzum</i> (6)
AB01-PDF0106-body-L030	106	17	SRC01	body	NALLINO_TRANSLATION	source_text_line	page + manually delimited zone + ordinal source line/object	NOT_ASSERTED	vocatum, versus terram <i>Aylah</i> exire; longitudinem eius 1400 milliaria complecti, et latitu-
AB01-PDF0106-body-L031	106	17	SRC01	body	NALLINO_TRANSLATION	source_text_line	page + manually delimited zone + ordinal source line/object	NOT_ASSERTED	dinem recti itineris, quod <i>Mare Viride</i> appelletur <i>(e)</i>, 200; sed latitudinem loco originis 700.
AB01-PDF0106-body-L032	106	17	SRC01	body	NALLINO_TRANSLATION	source_text_line	page + manually delimited zone + ordinal source line/object	NOT_ASSERTED	— Tertium sinum versus terram <i>al-Baṣrah</i> pergere, et <i>sinum Persicum</i> aut <i>mare al-Baṣrah</i>
AB01-PDF0106-body-L033	106	17	SRC01	body	NALLINO_TRANSLATION	source_text_line	page + manually delimited zone + ordinal source line/object	NOT_ASSERTED	vocari; in longitudinem 1400 milliaria patere, in latitudine loco originis 500, loco recti itine-
AB01-PDF0106-notes_left-L001	106	17	SRC01	notes_left	NALLINO_APPARATUS	source_text_line	page + manually delimited zone + ordinal source line/object	NOT_ASSERTED	(1) Quae usque ad finem capitis leguntur, iam
AB01-PDF0106-notes_left-L002	106	17	SRC01	notes_left	NALLINO_APPARATUS	source_text_line	page + manually delimited zone + ordinal source line/object	NOT_ASSERTED	edidit et Gallice vertit Reinaud: <i>La Géographie
AB01-PDF0106-notes_left-L003	106	17	SRC01	notes_left	NALLINO_APPARATUS	source_text_line	page + manually delimited zone + ordinal source line/object	NOT_ASSERTED	d’Aboulféda traduite par M. Reinaud</i>, t. I,
AB01-PDF0106-notes_left-L004	106	17	SRC01	notes_left	NALLINO_APPARATUS	source_text_line	page + manually delimited zone + ordinal source line/object	NOT_ASSERTED	Introduction générale, Paris 1848, p. CCLXXXIII-
AB01-PDF0106-notes_left-L005	106	17	SRC01	notes_left	NALLINO_APPARATUS	source_text_line	page + manually delimited zone + ordinal source line/object	NOT_ASSERTED	-CCXC (vers.) et CDLXI-CDLXIV. — Prima pars
AB01-PDF0106-notes_left-L006	106	17	SRC01	notes_left	NALLINO_APPARATUS	source_text_line	page + manually delimited zone + ordinal source line/object	NOT_ASSERTED	etiam apud <n>al-Masʿūdī</n> exstat iisdem verbis
AB01-PDF0106-notes_left-L007	106	17	SRC01	notes_left	NALLINO_APPARATUS	source_text_line	page + manually delimited zone + ordinal source line/object	NOT_ASSERTED	(<i>Prairies</i> t. I, p. 179–181).
AB01-PDF0106-notes_left-L008	106	17	SRC01	notes_left	NALLINO_APPARATUS	source_text_line	page + manually delimited zone + ordinal source line/object	NOT_ASSERTED	(2) Cod. hic et in fine capitis <ar>الخاليات</ar> « va-
AB01-PDF0106-notes_left-L009	106	17	SRC01	notes_left	NALLINO_APPARATUS	source_text_line	page + manually delimited zone + ordinal source line/object	NOT_ASSERTED	cuae, desertae » pro <ar>الخالدات</ar>; sed vera lectio quam
AB01-PDF0106-notes_left-L010	106	17	SRC01	notes_left	NALLINO_APPARATUS	source_text_line	page + manually delimited zone + ordinal source line/object	NOT_ASSERTED	recepi confirmatur a Platonis « Alchalidec » et ab
AB01-PDF0106-notes_left-L011	106	17	SRC01	notes_left	NALLINO_APPARATUS	source_text_line	page + manually delimited zone + ordinal source line/object	NOT_ASSERTED	universo Arabicorum scriptorum consensu.
AB01-PDF0106-notes_left-L012	106	17	SRC01	notes_left	NALLINO_APPARATUS	source_text_line	page + manually delimited zone + ordinal source line/object	NOT_ASSERTED	(3) Hic desinit <n>al-Masʿūdī</n>, l. l. — Quae
AB01-PDF0106-notes_left-L013	106	17	SRC01	notes_left	NALLINO_APPARATUS	source_text_line	page + manually delimited zone + ordinal source line/object	NOT_ASSERTED	sequuntur de descriptione marium, iisdem verbis
AB01-PDF0106-notes_right-L001	106	17	SRC01	notes_right	NALLINO_APPARATUS	source_text_line	page + manually delimited zone + ordinal source line/object	NOT_ASSERTED	sunt apud <n>Ibn Rosteh</n>, p. 83–86; perpauca frag-
AB01-PDF0106-notes_right-L002	106	17	SRC01	notes_right	NALLINO_APPARATUS	source_text_line	page + manually delimited zone + ordinal source line/object	NOT_ASSERTED	menta apud <n>Qodāmah</n>, p. 230 et 231.
AB01-PDF0106-notes_right-L003	106	17	SRC01	notes_right	NALLINO_APPARATUS	source_text_line	page + manually delimited zone + ordinal source line/object	NOT_ASSERTED	(4) <n>Ibn Rosteh</n> et <n>Qodāmah</n> « in meri-
AB01-PDF0106-notes_right-L004	106	17	SRC01	notes_right	NALLINO_APPARATUS	source_text_line	page + manually delimited zone + ordinal source line/object	NOT_ASSERTED	diem versus » non habent. Iidem numeri apud <n>al-
AB01-PDF0106-notes_right-L005	106	17	SRC01	notes_right	NALLINO_APPARATUS	source_text_line	page + manually delimited zone + ordinal source line/object	NOT_ASSERTED	-Masʿūdī</n>, <i>Prairies</i>, I, 231, <i>Tanbīh</i>, p. 51; cfr.
AB01-PDF0106-notes_right-L006	106	17	SRC01	notes_right	NALLINO_APPARATUS	source_text_line	page + manually delimited zone + ordinal source line/object	NOT_ASSERTED	quoque <n>al-Kharaqī</n>.
AB01-PDF0106-notes_right-L007	106	17	SRC01	notes_right	NALLINO_APPARATUS	source_text_line	page + manually delimited zone + ordinal source line/object	NOT_ASSERTED	(5) Plato 700; sed <n>Ibn Rosteh</n>, <n>Qodāmah</n>,
AB01-PDF0106-notes_right-L008	106	17	SRC01	notes_right	NALLINO_APPARATUS	source_text_line	page + manually delimited zone + ordinal source line/object	NOT_ASSERTED	<n>al-Masʿūdī</n>, <i>Prairies</i>, I, 231, et <n>al-Kharaqī</n>
AB01-PDF0106-notes_right-L009	106	17	SRC01	notes_right	NALLINO_APPARATUS	source_text_line	page + manually delimited zone + ordinal source line/object	NOT_ASSERTED	codicis lectionem confirmant.
AB01-PDF0106-notes_right-L010	106	17	SRC01	notes_right	NALLINO_APPARATUS	source_text_line	page + manually delimited zone + ordinal source line/object	NOT_ASSERTED	(6) Est Arabicus sinus veterum, hodie Mare
AB01-PDF0106-notes_right-L011	106	17	SRC01	notes_right	NALLINO_APPARATUS	source_text_line	page + manually delimited zone + ordinal source line/object	NOT_ASSERTED	Rubrum. Al-Qolzum est Clysma Graecorum, cuius
AB01-PDF0106-notes_right-L012	106	17	SRC01	notes_right	NALLINO_APPARATUS	source_text_line	page + manually delimited zone + ordinal source line/object	NOT_ASSERTED	ruinae prope Suez exstant; Aylah est <i>ēlath</i> Hebraeo-
AB01-PDF0106-notes_right-L013	106	17	SRC01	notes_right	NALLINO_APPARATUS	source_text_line	page + manually delimited zone + ordinal source line/object	NOT_ASSERTED	rum, Aelana Romanorum, hodie al-ʿAqabah.
AB01-PDF0106-margins-L001	106	17	SRC01	margins	NALLINO_APPARATUS	source_marginal_register	page + manually delimited zone + ordinal source line/object	NOT_ASSERTED	p. 26.
AB01-PDF0106-margins-L002	106	17	SRC01	margins	NALLINO_APPARATUS	source_marginal_register	page + manually delimited zone + ordinal source line/object	NOT_ASSERTED	5; 10; 15; 20; 25; 30; 35
AB01-PDF0106-margins-L003	106	17	SRC01	margins	NALLINO_APPARATUS	source_marginal_register	page + manually delimited zone + ordinal source line/object	NOT_ASSERTED	Signature: 3
AB01-PDF0107-body-L001	107	18	SRC01	body	NALLINO_TRANSLATION	source_text_line	page + manually delimited zone + ordinal source line/object	NOT_ASSERTED	ris 150. — Inter hos duos sinus, <i>Aylah</i> scilicet et <i>Persicum</i>, qui intervallo 1500 milliariorum
AB01-PDF0107-body-L002	107	18	SRC01	body	NALLINO_TRANSLATION	source_text_line	page + manually delimited zone + ordinal source line/object	NOT_ASSERTED	separentur, esse terras <i>al-Ḥiġāz</i> et <i>al-Yemen</i>. — Quartum denique sinum, 1500 milliaria
AB01-PDF0107-body-L003	107	18	SRC01	body	NALLINO_TRANSLATION	source_text_line	page + manually delimited zone + ordinal source line/object	NOT_ASSERTED	longum, prope maris terminum (1) versus extremam <i>Indorum</i> terram exire et <i>Sinum Viri-
AB01-PDF0107-body-L004	107	18	SRC01	body	NALLINO_TRANSLATION	source_text_line	page + manually delimited zone + ordinal source line/object	NOT_ASSERTED	dem</i> (2) appellari — Toto hoc mari, mari scilicet <i>Indorum Sinarumque</i>, 1370 (3) insulas
AB01-PDF0107-body-L005	107	18	SRC01	body	NALLINO_TRANSLATION	source_text_line	page + manually delimited zone + ordinal source line/object	NOT_ASSERTED	sive habitatas sive desertas contineri; e quibus insulam <i>Taprobanam</i> vel <i>Sarandīb</i>, in estremo
AB01-PDF0107-body-L006	107	18	SRC01	body	NALLINO_TRANSLATION	source_text_line	page + manually delimited zone + ordinal source line/object	NOT_ASSERTED	mari prope <i>Sinarum</i> terram positam, et circuitum 3000 milliariorum habentem. <i>Indiam</i> hanc
AB01-PDF0107-body-L007	107	18	SRC01	body	NALLINO_TRANSLATION	source_text_line	page + manually delimited zone + ordinal source line/object	NOT_ASSERTED	insulam ex oriente prospicere; altos montes continere et multos amnes, e quibus rubini atque
AB01-PDF0107-body-L008	107	18	SRC01	body	NALLINO_TRANSLATION	source_text_line	page + manually delimited zone + ordinal source line/object	NOT_ASSERTED	sapphiri (4) proveniant. Circa eam 59 (5) insulas habitatas esse, quae urbibus et pagis abundent.
AB01-PDF0107-body-L009	107	18	SRC01	body	NALLINO_TRANSLATION	source_text_line	page + manually delimited zone + ordinal source line/object	NOT_ASSERTED	<i>Oceani occidentalis</i>, qui et <i>Mare Circumdans</i> vocetur, partem tantum, quae in occasu et
AB01-PDF0107-body-L010	107	18	SRC01	body	NALLINO_TRANSLATION	source_text_line	page + manually delimited zone + ordinal source line/object	NOT_ASSERTED	septentrionibus a terra <i>Aethiopum</i> (6) usque ad <i>Britanniam</i> pateat cognosci. Naves hoc mare
AB01-PDF0107-body-L011	107	18	SRC01	body	NALLINO_TRANSLATION	source_text_line	page + manually delimited zone + ordinal source line/object	NOT_ASSERTED	non sulcare; in eo, <i>Aethiopum</i> terram prospicientes, sex illas habitatas insulas reperiri, quae
AB01-PDF0107-body-L012	107	18	SRC01	body	NALLINO_TRANSLATION	source_text_line	page + manually delimited zone + ordinal source line/object	NOT_ASSERTED	<i>Beatorum</i> appellentur. Aliam insulam, <i>Gadira</i> vocatam, esse ex adverso <i>Hispaniae</i>, prope
AB01-PDF0107-body-L013	107	18	SRC01	body	NALLINO_TRANSLATION	source_text_line	page + manually delimited zone + ordinal source line/object	NOT_ASSERTED	sinum, qui ab <i>Oceano</i> usque ad <i>Romanorum</i> mare inter <i>Hispaniam</i> et <i>Tingim</i> protenda-
AB01-PDF0107-body-L014	107	18	SRC01	body	NALLINO_TRANSLATION	source_text_line	page + manually delimited zone + ordinal source line/object	NOT_ASSERTED	tur, <i>Septa</i> (7) appelletur, et eo loco quo ab <i>Oceano</i> exeat 7 milliariorum latitudinem habeat.
AB01-PDF0107-body-L015	107	18	SRC01	body	NALLINO_TRANSLATION	source_text_line	page + manually delimited zone + ordinal source line/object	NOT_ASSERTED	<i>Oceanum</i> in parte boreali 12 insulas, <i>Britanniam</i> vocatas, circumdare; a quibus cum disces-
AB01-PDF0107-body-L016	107	18	SRC01	body	NALLINO_TRANSLATION	source_text_line	page + manually delimited zone + ordinal source line/object	NOT_ASSERTED	serit quo tendat vel quid contineat ignorari.
AB01-PDF0107-body-L017	107	18	SRC01	body	NALLINO_TRANSLATION	source_text_line	page + manually delimited zone + ordinal source line/object	NOT_ASSERTED	<i>Mare Romanorum et Aegypti</i> a sinu incipere, qui ab <i>Oceano occidentali</i>, prope <i>Gadira</i>
AB01-PDF0107-body-L018	107	18	SRC01	body	NALLINO_TRANSLATION	source_text_line	page + manually delimited zone + ordinal source line/object	NOT_ASSERTED	insulam ex adverso <i>Hispaniae</i>, exeat; ad orientem versus usque <i>Tyrum</i> et <i>Sidonem</i> procedens,
AB01-PDF0107-body-L019	107	18	SRC01	body	NALLINO_TRANSLATION	source_text_line	page + manually delimited zone + ordinal source line/object	NOT_ASSERTED	longitudinem 5000 milliariorum habere, latitudinem alio loco 600, alio 700, alio denique 800.
AB01-PDF0107-body-L020	107	18	SRC01	body	NALLINO_TRANSLATION	source_text_line	page + manually delimited zone + ordinal source line/object	NOT_ASSERTED	Esse etiam in eo sinum, qui, in septentriones versus prope urbem <i>Romam</i> pergens, <i>Adria</i> ap-
AB01-PDF0107-body-L021	107	18	SRC01	body	NALLINO_TRANSLATION	source_text_line	page + manually delimited zone + ordinal source line/object	NOT_ASSERTED	pelletur et 500 milliaria in longitudinem pateat. Alium sinum versus terram <i>Narbonensem</i>
AB01-PDF0107-body-L022	107	18	SRC01	body	NALLINO_TRANSLATION	source_text_line	page + manually delimited zone + ordinal source line/object	NOT_ASSERTED	exire; longitudinem 200 (8) milliariorum habere. Toto hoc <i>Romanorum</i> mari esse 162 (9)
AB01-PDF0107-body-L023	107	18	SRC01	body	NALLINO_TRANSLATION	source_text_line	page + manually delimited zone + ordinal source line/object	NOT_ASSERTED	insulas habitatas, quarum 5 magnas; scilicet insulam <i>Cyrnum</i> 200 milliaria, <i>Sardiniam</i> 300,
AB01-PDF0107-body-L024	107	18	SRC01	body	NALLINO_TRANSLATION	source_text_line	page + manually delimited zone + ordinal source line/object	NOT_ASSERTED	<i>Cyprum</i> 350 (10), <i>Siciliam</i> 500, et <i>Cretam</i> 300 milliaria litoris habentes.
AB01-PDF0107-body-L025	107	18	SRC01	body	NALLINO_TRANSLATION	source_text_line	page + manually delimited zone + ordinal source line/object	NOT_ASSERTED	<i>Ponticum</i> mare a <i>Lādhiqah</i> (11) usque ad <i>Constantinopolim magnam</i> pervenire, longi-
AB01-PDF0107-body-L026	107	18	SRC01	body	NALLINO_TRANSLATION	source_text_line	page + manually delimited zone + ordinal source line/object	NOT_ASSERTED	tudinem 1060 (12) milliariorum, latitudinem 300 habens. Effundi in hoc mare <i>Tanaim</i> flumen, in
AB01-PDF0107-notes_left-L001	107	18	SRC01	notes_left	NALLINO_APPARATUS	source_text_line	page + manually delimited zone + ordinal source line/object	NOT_ASSERTED	(1) Parva unius litterae mutatione, pro <ar>تمامه</ar>
AB01-PDF0107-notes_left-L002	107	18	SRC01	notes_left	NALLINO_APPARATUS	source_text_line	page + manually delimited zone + ordinal source line/object	NOT_ASSERTED	Plato legit nomen regionis Arabiae <ar>تهامة</ar> <i>Tihāmah</i>,
AB01-PDF0107-notes_left-L003	107	18	SRC01	notes_left	NALLINO_APPARATUS	source_text_line	page + manually delimited zone + ordinal source line/object	NOT_ASSERTED	et vertit: « ad extremiorem locum Indorum terrae,
AB01-PDF0107-notes_left-L004	107	18	SRC01	notes_left	NALLINO_APPARATUS	source_text_line	page + manually delimited zone + ordinal source line/object	NOT_ASSERTED	« in quo est Thiema (!!), discurrit ».
AB01-PDF0107-notes_left-L005	107	18	SRC01	notes_left	NALLINO_APPARATUS	source_text_line	page + manually delimited zone + ordinal source line/object	NOT_ASSERTED	(2) Mihi esse videtur <gr>ἡ Πρασώδης θάλασσα</gr> « Mare
AB01-PDF0107-notes_left-L006	107	18	SRC01	notes_left	NALLINO_APPARATUS	source_text_line	page + manually delimited zone + ordinal source line/object	NOT_ASSERTED	« [ob colorem] porro similis » <n>Ptolemaei</n> (<i>Geo-
AB01-PDF0107-notes_left-L007	107	18	SRC01	notes_left	NALLINO_APPARATUS	source_text_line	page + manually delimited zone + ordinal source line/object	NOT_ASSERTED	graphia</i>, VII, 2, 1: <gr>ἥτις ἀπὸ τῆς Μενουθιάδος νήσου
AB01-PDF0107-notes_left-L008	107	18	SRC01	notes_left	NALLINO_APPARATUS	source_text_line	page + manually delimited zone + ordinal source line/object	NOT_ASSERTED	διατείνει κατὰ παράλληλον γραμμὴν μέχρι τῶν ἀντικει-
AB01-PDF0107-notes_left-L009	107	18	SRC01	notes_left	NALLINO_APPARATUS	source_text_line	page + manually delimited zone + ordinal source line/object	NOT_ASSERTED	μένων τῷ Μεγάλῳ Κόλπῳ</gr>).
AB01-PDF0107-notes_left-L010	107	18	SRC01	notes_left	NALLINO_APPARATUS	source_text_line	page + manually delimited zone + ordinal source line/object	NOT_ASSERTED	(3) Idem numerus apud <n>Ibn Rosteh</n> 84, et
AB01-PDF0107-notes_left-L011	107	18	SRC01	notes_left	NALLINO_APPARATUS	source_text_line	page + manually delimited zone + ordinal source line/object	NOT_ASSERTED	<n>al-Kharaqī</n>; male Plato 1360. <n>Ptolemaeus</n>
AB01-PDF0107-notes_left-L012	107	18	SRC01	notes_left	NALLINO_APPARATUS	source_text_line	page + manually delimited zone + ordinal source line/object	NOT_ASSERTED	(<i>Geogr.</i> VII, 4, 11) 1378.
AB01-PDF0107-notes_left-L013	107	18	SRC01	notes_left	NALLINO_APPARATUS	source_text_line	page + manually delimited zone + ordinal source line/object	NOT_ASSERTED	(4) Cfr. <n>Ptolemaeum</n>, <i>Geogr.</i> VII, 4, 1: <gr>βή-
AB01-PDF0107-notes_left-L014	107	18	SRC01	notes_left	NALLINO_APPARATUS	source_text_line	page + manually delimited zone + ordinal source line/object	NOT_ASSERTED	ρυλλος, ὑάκινθος</gr>.
AB01-PDF0107-notes_left-L015	107	18	SRC01	notes_left	NALLINO_APPARATUS	source_text_line	page + manually delimited zone + ordinal source line/object	NOT_ASSERTED	(5) Ita codex verbis, non litteris; et ita etiam
AB01-PDF0107-notes_left-L016	107	18	SRC01	notes_left	NALLINO_APPARATUS	source_text_line	page + manually delimited zone + ordinal source line/object	NOT_ASSERTED	Plato. Sed melius <n>Iacobus Edessenus</n>, <n>Ibn
AB01-PDF0107-notes_left-L017	107	18	SRC01	notes_left	NALLINO_APPARATUS	source_text_line	page + manually delimited zone + ordinal source line/object	NOT_ASSERTED	Rosteh</n> et <n>al-Kharaqī</n> scribunt 19, qui est
AB01-PDF0107-notes_left-L018	107	18	SRC01	notes_left	NALLINO_APPARATUS	source_text_line	page + manually delimited zone + ordinal source line/object	NOT_ASSERTED	numerus insularum a <n>Ptolemaeo</n>, <i>Geogr.</i> VII, 4,
AB01-PDF0107-notes_left-L019	107	18	SRC01	notes_left	NALLINO_APPARATUS	source_text_line	page + manually delimited zone + ordinal source line/object	NOT_ASSERTED	11–13 memoratarum. Procul dubio in archetypo <ar>يط</ar>
AB01-PDF0107-notes_left-L020	107	18	SRC01	notes_left	NALLINO_APPARATUS	source_text_line	page + manually delimited zone + ordinal source line/object	NOT_ASSERTED	19 erat, quod al-Battānī <ar>نط</ar> 59 legit.
AB01-PDF0107-notes_left-L021	107	18	SRC01	notes_left	NALLINO_APPARATUS	source_text_line	page + manually delimited zone + ordinal source line/object	NOT_ASSERTED	(6) Aethiopum (<i>al-Ḥabash</i>) terra est Africae
AB01-PDF0107-notes_left-L022	107	18	SRC01	notes_left	NALLINO_APPARATUS	source_text_line	page + manually delimited zone + ordinal source line/object	NOT_ASSERTED	tota pars australis.
AB01-PDF0107-notes_right-L001	107	18	SRC01	notes_right	NALLINO_APPARATUS	source_text_line	page + manually delimited zone + ordinal source line/object	NOT_ASSERTED	(7) Nomen multifariam apud Arabes corruptum
AB01-PDF0107-notes_right-L002	107	18	SRC01	notes_right	NALLINO_APPARATUS	source_text_line	page + manually delimited zone + ordinal source line/object	NOT_ASSERTED	primus de Goeje restituit ad <n>Qodāmah</n> 231.
AB01-PDF0107-notes_right-L003	107	18	SRC01	notes_right	NALLINO_APPARATUS	source_text_line	page + manually delimited zone + ordinal source line/object	NOT_ASSERTED	(8) Plato 500; sed <n>Ibn Rosteh</n> 85, <n>Qodā-
AB01-PDF0107-notes_right-L004	107	18	SRC01	notes_right	NALLINO_APPARATUS	source_text_line	page + manually delimited zone + ordinal source line/object	NOT_ASSERTED	mah</n> 231 et <n>al-Kharaqī</n> lectionem codicis con-
AB01-PDF0107-notes_right-L005	107	18	SRC01	notes_right	NALLINO_APPARATUS	source_text_line	page + manually delimited zone + ordinal source line/object	NOT_ASSERTED	firmant.
AB01-PDF0107-notes_right-L006	107	18	SRC01	notes_right	NALLINO_APPARATUS	source_text_line	page + manually delimited zone + ordinal source line/object	NOT_ASSERTED	(9) Ita etiam <n>Ibn Rosteh</n> et <n>al-Kharaqī</n>;
AB01-PDF0107-notes_right-L007	107	18	SRC01	notes_right	NALLINO_APPARATUS	source_text_line	page + manually delimited zone + ordinal source line/object	NOT_ASSERTED	<n>Qodāmah</n> habet 172; Plato 262.
AB01-PDF0107-notes_right-L008	107	18	SRC01	notes_right	NALLINO_APPARATUS	source_text_line	page + manually delimited zone + ordinal source line/object	NOT_ASSERTED	(10) <n>Ibn Rosteh</n>, p. 85, habet 300.
AB01-PDF0107-notes_right-L009	107	18	SRC01	notes_right	NALLINO_APPARATUS	source_text_line	page + manually delimited zone + ordinal source line/object	NOT_ASSERTED	(11) Est urbs vel regio Caucasicae provinciae;
AB01-PDF0107-notes_right-L010	107	18	SRC01	notes_right	NALLINO_APPARATUS	source_text_line	page + manually delimited zone + ordinal source line/object	NOT_ASSERTED	nomen scribitur <i>Lādhiqah</i> <ar>لاذقة</ar>, ut apud <n>Ibn
AB01-PDF0107-notes_right-L011	107	18	SRC01	notes_right	NALLINO_APPARATUS	source_text_line	page + manually delimited zone + ordinal source line/object	NOT_ASSERTED	Khordādhbeh</n> p. 123 (bāb Lādhiqah); <n>al-Ba-
AB01-PDF0107-notes_right-L012	107	18	SRC01	notes_right	NALLINO_APPARATUS	source_text_line	page + manually delimited zone + ordinal source line/object	NOT_ASSERTED	lādhurī</n>, <i>Liber expugnationum regionum</i>, ed.
AB01-PDF0107-notes_right-L013	107	18	SRC01	notes_right	NALLINO_APPARATUS	source_text_line	page + manually delimited zone + ordinal source line/object	NOT_ASSERTED	de Goeje, p. 195 (bāb Lādhiqah); <n>al-Masʿūdī</n>,
AB01-PDF0107-notes_right-L014	107	18	SRC01	notes_right	NALLINO_APPARATUS	source_text_line	page + manually delimited zone + ordinal source line/object	NOT_ASSERTED	<i>Prairies</i>, I, 260; vel <i>Lāziqah</i> <ar>لازقة</ar>, ut apud <n>Ibn
AB01-PDF0107-notes_right-L015	107	18	SRC01	notes_right	NALLINO_APPARATUS	source_text_line	page + manually delimited zone + ordinal source line/object	NOT_ASSERTED	Rosteh</n>, p. 85; <n>Qodāmah</n>, p. 231; <n>al-Masʿūdī</n>,
AB01-PDF0107-notes_right-L016	107	18	SRC01	notes_right	NALLINO_APPARATUS	source_text_line	page + manually delimited zone + ordinal source line/object	NOT_ASSERTED	<i>Tanbīh</i>, p. 66 et 157; <n>Yāqūt</n> I, 222 et 439. Apud
AB01-PDF0107-notes_right-L017	107	18	SRC01	notes_right	NALLINO_APPARATUS	source_text_line	page + manually delimited zone + ordinal source line/object	NOT_ASSERTED	<n>al-Kharaqī</n> corruptum <glyph>AB01-PDF0107-G01</glyph>.
AB01-PDF0107-notes_right-L018	107	18	SRC01	notes_right	NALLINO_APPARATUS	source_text_line	page + manually delimited zone + ordinal source line/object	NOT_ASSERTED	(12) Vera lectio 1300 videtur, ut habent <n>Iaco-
AB01-PDF0107-notes_right-L019	107	18	SRC01	notes_right	NALLINO_APPARATUS	source_text_line	page + manually delimited zone + ordinal source line/object	NOT_ASSERTED	bus Edessenus</n>; <n>Ibn Rosteh</n> p. 85; <n>al-
AB01-PDF0107-notes_right-L020	107	18	SRC01	notes_right	NALLINO_APPARATUS	source_text_line	page + manually delimited zone + ordinal source line/object	NOT_ASSERTED	-Masʿūdī</n>, <i>Tanbīh</i>, p. 66; <n>al-Edrīsī</n>, <i>L’Italia
AB01-PDF0107-notes_right-L021	107	18	SRC01	notes_right	NALLINO_APPARATUS	source_text_line	page + manually delimited zone + ordinal source line/object	NOT_ASSERTED	descritta nel libro di Re Ruggero, testo arabo con
AB01-PDF0107-notes_right-L022	107	18	SRC01	notes_right	NALLINO_APPARATUS	source_text_line	page + manually delimited zone + ordinal source line/object	NOT_ASSERTED	versione e note di M. Amari e C. Schiaparelli</i>, Ro-
AB01-PDF0107-margins-L001	107	18	SRC01	margins	NALLINO_APPARATUS	source_marginal_register	page + manually delimited zone + ordinal source line/object	NOT_ASSERTED	p. 27.
AB01-PDF0107-margins-L002	107	18	SRC01	margins	NALLINO_APPARATUS	source_marginal_register	page + manually delimited zone + ordinal source line/object	NOT_ASSERTED	5; 10; 15; 20; 25
AB01-PDF0108-body-L001	108	19	SRC01	body	NALLINO_TRANSLATION	source_text_line	page + manually delimited zone + ordinal source line/object	NOT_ASSERTED	parte boreali respectu <i>Maeotidis</i> decurrens, quam, etsi stagnum vocetur, mare magnum esse,
AB01-PDF0108-body-L002	108	19	SRC01	body	NALLINO_TRANSLATION	source_text_line	page + manually delimited zone + ordinal source line/object	NOT_ASSERTED	300 milliaria ab ortu ad occasum longum, 100 latum. A <i>Ponto</i> prope <i>Constantinopolim</i>
AB01-PDF0108-body-L003	108	19	SRC01	body	NALLINO_TRANSLATION	source_text_line	page + manually delimited zone + ordinal source line/object	NOT_ASSERTED	sinum egredi, amni similem et in mare <i>Aegypti</i> defluentem; prope <i>Constantinopolim</i>, quam
AB01-PDF0108-body-L004	108	19	SRC01	body	NALLINO_TRANSLATION	source_text_line	page + manually delimited zone + ordinal source line/object	NOT_ASSERTED	ipse lambiat, 3 milliariorum latitudinem obtinere.
AB01-PDF0108-body-L005	108	19	SRC01	body	NALLINO_TRANSLATION	source_text_line	page + manually delimited zone + ordinal source line/object	NOT_ASSERTED	Mare <i>Ġorġān</i>, sive mare [<i>Caucasicae</i>] <i>Portae</i> (1), in longitudinem ab occasu ad ortum
AB01-PDF0108-body-L006	108	19	SRC01	body	NALLINO_TRANSLATION	source_text_line	page + manually delimited zone + ordinal source line/object	NOT_ASSERTED	800 (2) milliaria patere, in latitudinem 600; ex adverso terrae <i>Ġorġān</i> duas insulas conti-
AB01-PDF0108-body-L007	108	19	SRC01	body	NALLINO_TRANSLATION	source_text_line	page + manually delimited zone + ordinal source line/object	NOT_ASSERTED	nere, quae temporibus actis habitarentur (3). — Haec esse loca habitata maris; Deus haec
AB01-PDF0108-body-L008	108	19	SRC01	body	NALLINO_TRANSLATION	source_text_line	page + manually delimited zone + ordinal source line/object	NOT_ASSERTED	melius scit.
AB01-PDF0108-body-L009	108	19	SRC01	body	NALLINO_TRANSLATION	source_text_line	page + manually delimited zone + ordinal source line/object	NOT_ASSERTED	In tres partes Terra dividitur, quarum prima a mare <i>Viridi</i> (4), a septentrionibus, et
AB01-PDF0108-body-L010	108	19	SRC01	body	NALLINO_TRANSLATION	source_text_line	page + manually delimited zone + ordinal source line/object	NOT_ASSERTED	a sinu qui e <i>Ponto</i> exiens in mare <i>Magnum</i> (5) profluit, nec non a terra quae est inter
AB01-PDF0108-body-L011	108	19	SRC01	body	NALLINO_TRANSLATION	source_text_line	page + manually delimited zone + ordinal source line/object	NOT_ASSERTED	<i>Maeotidem</i> et <i>Pontum</i>, [incipit]; termini ab occasu et septentrionibus <i>Oceanus occidentalis</i>,
AB01-PDF0108-body-L012	108	19	SRC01	body	NALLINO_TRANSLATION	source_text_line	page + manually delimited zone + ordinal source line/object	NOT_ASSERTED	ab austro mare <i>Aegypti et Romanorum</i>, ab oriente <i>Tanais</i> et <i>Maeotica</i> palus. Similis est
AB01-PDF0108-body-L013	108	19	SRC01	body	NALLINO_TRANSLATION	source_text_line	page + manually delimited zone + ordinal source line/object	NOT_ASSERTED	insulae; <i>Europa</i> appellatur.
AB01-PDF0108-body-L014	108	19	SRC01	body	NALLINO_TRANSLATION	source_text_line	page + manually delimited zone + ordinal source line/object	NOT_ASSERTED	Secunda pars ab austro maris <i>Aegypti</i> usque ad <i>Aethiopum</i> mare patet; termini sunt ab
AB01-PDF0108-body-L015	108	19	SRC01	body	NALLINO_TRANSLATION	source_text_line	page + manually delimited zone + ordinal source line/object	NOT_ASSERTED	occasu mare <i>Viride</i>, a septentrionibus mare <i>Aegypti Romanorumque</i>, ab oriente urbs
AB01-PDF0108-body-L016	108	19	SRC01	body	NALLINO_TRANSLATION	source_text_line	page + manually delimited zone + ordinal source line/object	NOT_ASSERTED	<i>al-ʿArīsh</i>, ab austro <i>Aethiopum</i> mare. <i>Libya</i> appellatur.
AB01-PDF0108-body-L017	108	19	SRC01	body	NALLINO_TRANSLATION	source_text_line	page + manually delimited zone + ordinal source line/object	NOT_ASSERTED	Tertia pars reliquam terram habitatam complectitur, cuius termini <i>Tanais</i>, amnis (6),
AB01-PDF0108-body-L018	108	19	SRC01	body	NALLINO_TRANSLATION	source_text_line	page + manually delimited zone + ordinal source line/object	NOT_ASSERTED	sinus (7), <i>al-ʿArīsh</i> et <i>Aylah</i> ab occasu; mare <i>al-Yemen</i> et <i>Indorum</i> a meridie; extrema
AB01-PDF0108-body-L019	108	19	SRC01	body	NALLINO_TRANSLATION	source_text_line	page + manually delimited zone + ordinal source line/object	NOT_ASSERTED	terra orientalis <i>Sinarum</i>, <i>Sinaeque</i> ipsi ab oriente. <i>Asia maior</i> vocatur.
AB01-PDF0108-body-L020	108	19	SRC01	body	NALLINO_TRANSLATION	source_text_line	page + manually delimited zone + ordinal source line/object	NOT_ASSERTED	Hae tres partes omnia climata, regiones et loca culta amplectuntur. Quod omnino igno-
AB01-PDF0108-body-L021	108	19	SRC01	body	NALLINO_TRANSLATION	source_text_line	page + manually delimited zone + ordinal source line/object	NOT_ASSERTED	ratur utrum cultum an desertum sit, <m>\frac{11}{12}</m> Terrae efficit; duodecima pars, in qua sunt regio-
AB01-PDF0108-body-L022	108	19	SRC01	body	NALLINO_TRANSLATION	source_text_line	page + manually delimited zone + ordinal source line/object	NOT_ASSERTED	nes cultae notae, a linea aequinoctiali incipit, et maria atque deserta etiam continet. Si quis
AB01-PDF0108-body-L023	108	19	SRC01	body	NALLINO_TRANSLATION	source_text_line	page + manually delimited zone + ordinal source line/object	NOT_ASSERTED	quaerat an in illis undecim partibus plantae, animantes et loca culta habeantur, sciat nos de
AB01-PDF0108-body-L024	108	19	SRC01	body	NALLINO_TRANSLATION	source_text_line	page + manually delimited zone + ordinal source line/object	NOT_ASSERTED	his rebus tantum ex coniectura disserere posse, quae in analogia nitatur; terra enim a nobis
AB01-PDF0108-body-L025	108	19	SRC01	body	NALLINO_TRANSLATION	source_text_line	page + manually delimited zone + ordinal source line/object	NOT_ASSERTED	habitata fines et terminos descriptos non superat, et quid ultra eos sit nemo nobis retulit.
AB01-PDF0108-body-L026	108	19	SRC01	body	NALLINO_TRANSLATION	source_text_line	page + manually delimited zone + ordinal source line/object	NOT_ASSERTED	Ratio tamen et opinio, analogia nitentes, ad id perveniunt quod intelligentium nemo infitiari
AB01-PDF0108-body-L027	108	19	SRC01	body	NALLINO_TRANSLATION	source_text_line	page + manually delimited zone + ordinal source line/object	NOT_ASSERTED	potest: cum Sol, Luna et sidera respectu nostrum moveantur, et eorum variis motibus aestas,
AB01-PDF0108-body-L028	108	19	SRC01	body	NALLINO_TRANSLATION	source_text_line	page + manually delimited zone + ordinal source line/object	NOT_ASSERTED	hiems, plantae, animalia et loca culta omnibus nota gignantur; si Sol et stellae, ut respectu
AB01-PDF0108-body-L029	108	19	SRC01	body	NALLINO_TRANSLATION	source_text_line	page + manually delimited zone + ordinal source line/object	NOT_ASSERTED	nostrum, super omnes etiam partes reliquas sphaerae terrestris oriuntur, possibile, immo ne-
AB01-PDF0108-body-L030	108	19	SRC01	body	NALLINO_TRANSLATION	source_text_line	page + manually delimited zone + ordinal source line/object	NOT_ASSERTED	cesse est, plantas, animalia, maria et montes eo esse ut apud nos.
AB01-PDF0108-body-L031	108	19	SRC01	body	NALLINO_TRANSLATION	source_text_line	page + manually delimited zone + ordinal source line/object	NOT_ASSERTED	Unius gradus portio est 65 (8) circiter milliariorum, e milliaribus quae supra memora-
AB01-PDF0108-body-L032	108	19	SRC01	body	NALLINO_TRANSLATION	source_text_line	page + manually delimited zone + ordinal source line/object	NOT_ASSERTED	vimus; bidui iter fere. Deus haec melius scit.
AB01-PDF0108-body-L033	108	19	SRC01	body	NALLINO_TRANSLATION	source_text_line	page + manually delimited zone + ordinal source line/object	NOT_ASSERTED	Quod autem urbium longitudines et latitudines, iuxta id quod in <i>Libro figurae Terrae</i> (9)
AB01-PDF0108-body-L034	108	19	SRC01	body	NALLINO_TRANSLATION	source_text_line	page + manually delimited zone + ordinal source line/object	NOT_ASSERTED	describitur, attinet, [dico:] Urbium locus in longitudine est spatium inter occasum et ortum;
AB01-PDF0108-body-L035	108	19	SRC01	body	NALLINO_TRANSLATION	source_text_line	page + manually delimited zone + ordinal source line/object	NOT_ASSERTED	longitudinem enim ab insulis habitatis Oceani occidentalis incipere, orientemque versus proce-
AB01-PDF0108-notes_left-L001	108	19	SRC01	notes_left	NALLINO_APPARATUS	source_text_line	page + manually delimited zone + ordinal source line/object	NOT_ASSERTED	ma 1883, p. 13 vers.; et <n>al-Kharaqī</n>. — <n>Al-Mas-
AB01-PDF0108-notes_left-L002	108	19	SRC01	notes_left	NALLINO_APPARATUS	source_text_line	page + manually delimited zone + ordinal source line/object	NOT_ASSERTED	ʿūdī</n>, <i>Prairies</i>, I, 260, habet 1100.
AB01-PDF0108-notes_left-L003	108	19	SRC01	notes_left	NALLINO_APPARATUS	source_text_line	page + manually delimited zone + ordinal source line/object	NOT_ASSERTED	(1) Est Caspium mare.
AB01-PDF0108-notes_left-L004	108	19	SRC01	notes_left	NALLINO_APPARATUS	source_text_line	page + manually delimited zone + ordinal source line/object	NOT_ASSERTED	(2) Ita quoque <n>al-Masʿūdī</n>, <i>Prairies</i>, I, 263,
AB01-PDF0108-notes_left-L005	108	19	SRC01	notes_left	NALLINO_APPARATUS	source_text_line	page + manually delimited zone + ordinal source line/object	NOT_ASSERTED	<i>Tanbīh</i>, p. 60; <n>al-Kharaqī</n>; sed <n>Ibn Rosteh</n>,
AB01-PDF0108-notes_left-L006	108	19	SRC01	notes_left	NALLINO_APPARATUS	source_text_line	page + manually delimited zone + ordinal source line/object	NOT_ASSERTED	p. 86, melius 1800, ut <n>Iacobus Edessenus</n>.
AB01-PDF0108-notes_left-L007	108	19	SRC01	notes_left	NALLINO_APPARATUS	source_text_line	page + manually delimited zone + ordinal source line/object	NOT_ASSERTED	(3) Hic desinit <n>Ibn Rosteh</n>.
AB01-PDF0108-notes_left-L008	108	19	SRC01	notes_left	NALLINO_APPARATUS	source_text_line	page + manually delimited zone + ordinal source line/object	NOT_ASSERTED	(4) Hoc loco procul dubio Oceanum Atlanti-
AB01-PDF0108-notes_left-L009	108	19	SRC01	notes_left	NALLINO_APPARATUS	source_text_line	page + manually delimited zone + ordinal source line/object	NOT_ASSERTED	cum indicat, ut non raro apud Arabes.
AB01-PDF0108-notes_left-L010	108	19	SRC01	notes_left	NALLINO_APPARATUS	source_text_line	page + manually delimited zone + ordinal source line/object	NOT_ASSERTED	(5) <n>Reinaud</n>, p. CCLXXXVIII, notat Oro-
AB01-PDF0108-notes_left-L011	108	19	SRC01	notes_left	NALLINO_APPARATUS	source_text_line	page + manually delimited zone + ordinal source line/object	NOT_ASSERTED	sium nomine Mari Magno Mediterraneum designare.
AB01-PDF0108-notes_right-L001	108	19	SRC01	notes_right	NALLINO_APPARATUS	source_text_line	page + manually delimited zone + ordinal source line/object	NOT_ASSERTED	(6) Est sinus amni similis prope Constantino-
AB01-PDF0108-notes_right-L002	108	19	SRC01	notes_right	NALLINO_APPARATUS	source_text_line	page + manually delimited zone + ordinal source line/object	NOT_ASSERTED	polim, de quo parum supra.
AB01-PDF0108-notes_right-L003	108	19	SRC01	notes_right	NALLINO_APPARATUS	source_text_line	page + manually delimited zone + ordinal source line/object	NOT_ASSERTED	(7) Qui versus Tyrum et Sidonem protenditur;
AB01-PDF0108-notes_right-L004	108	19	SRC01	notes_right	NALLINO_APPARATUS	source_text_line	page + manually delimited zone + ordinal source line/object	NOT_ASSERTED	cfr. pag. 18.
AB01-PDF0108-notes_right-L005	108	19	SRC01	notes_right	NALLINO_APPARATUS	source_text_line	page + manually delimited zone + ordinal source line/object	NOT_ASSERTED	(8) Plato, procul dubio male, 85; sed fortasse
AB01-PDF0108-notes_right-L006	108	19	SRC01	notes_right	NALLINO_APPARATUS	source_text_line	page + manually delimited zone + ordinal source line/object	NOT_ASSERTED	in codice ipso 65 error pro 75 est; cfr. adnotatio-
AB01-PDF0108-notes_right-L007	108	19	SRC01	notes_right	NALLINO_APPARATUS	source_text_line	page + manually delimited zone + ordinal source line/object	NOT_ASSERTED	nem <i>(a)</i> huius capitis. Vox sexaginta <ar>ستين</ar> in scri-
AB01-PDF0108-notes_right-L008	108	19	SRC01	notes_right	NALLINO_APPARATUS	source_text_line	page + manually delimited zone + ordinal source line/object	NOT_ASSERTED	ptura Arabica neglecta potest cum septuaginta <ar>سبعين</ar>
AB01-PDF0108-notes_right-L009	108	19	SRC01	notes_right	NALLINO_APPARATUS	source_text_line	page + manually delimited zone + ordinal source line/object	NOT_ASSERTED	confundi.
AB01-PDF0108-notes_right-L010	108	19	SRC01	notes_right	NALLINO_APPARATUS	source_text_line	page + manually delimited zone + ordinal source line/object	NOT_ASSERTED	(9) Confer quae in secunda parte ad tabulas
AB01-PDF0108-notes_right-L011	108	19	SRC01	notes_right	NALLINO_APPARATUS	source_text_line	page + manually delimited zone + ordinal source line/object	NOT_ASSERTED	geographicas adnotavi.
AB01-PDF0108-margins-L001	108	19	SRC01	margins	NALLINO_APPARATUS	source_marginal_register	page + manually delimited zone + ordinal source line/object	NOT_ASSERTED	p. 28.
AB01-PDF0108-margins-L002	108	19	SRC01	margins	NALLINO_APPARATUS	source_marginal_register	page + manually delimited zone + ordinal source line/object	NOT_ASSERTED	5; 10; 15; 20; 25; 30; 35
AB01-PDF0109-body-L001	109	20	SRC01	body	NALLINO_TRANSLATION	source_text_line	page + manually delimited zone + ordinal source line/object	NOT_ASSERTED	dere faciunt, sicut eclipsium tempora, praesertim Lunae, in aliis regionibus prius quam in
AB01-PDF0109-body-L002	109	20	SRC01	body	NALLINO_TRANSLATION	source_text_line	page + manually delimited zone + ordinal source line/object	NOT_ASSERTED	aliis evenire reperierunt. Ex iis patuit meridiem urbis meridiem alterius, versus occasum po-
AB01-PDF0109-body-L003	109	20	SRC01	body	NALLINO_TRANSLATION	source_text_line	page + manually delimited zone + ordinal source line/object	NOT_ASSERTED	sitae, ea temporis quantitate praecedere quae intervallo inter eclipsis tempora in illis urbibus
AB01-PDF0109-body-L004	109	20	SRC01	body	NALLINO_TRANSLATION	source_text_line	page + manually delimited zone + ordinal source line/object	NOT_ASSERTED	respondet. — Quaedam etiam e viatorum notitiis, modo veritati proximo, deprehenderunt.
AB01-PDF0109-body-L005	109	20	SRC01	body	NALLINO_TRANSLATION	source_text_line	page + manually delimited zone + ordinal source line/object	NOT_ASSERTED	Urbium latitudines ex observatione meridiana Solis singulis locis cognoverunt, distantiam
AB01-PDF0109-body-L006	109	20	SRC01	body	NALLINO_TRANSLATION	source_text_line	page + manually delimited zone + ordinal source line/object	NOT_ASSERTED	zenithalem Solis ut supra descripsimus deprehendentes; potuerunt igitur urbium longinqui-
AB01-PDF0109-body-L007	109	20	SRC01	body	NALLINO_TRANSLATION	source_text_line	page + manually delimited zone + ordinal source line/object	NOT_ASSERTED	tatem ab aequatore, idest spatium inter meridiem et septentriones, scire. Qua re sub omnibus
AB01-PDF0109-body-L008	109	20	SRC01	body	NALLINO_TRANSLATION	source_text_line	page + manually delimited zone + ordinal source line/object	NOT_ASSERTED	urbibus distantiam ab insulis Aeternis sive longitudinem, et distantiam ab aequatore sive lati-
AB01-PDF0109-body-L009	109	20	SRC01	body	NALLINO_TRANSLATION	source_text_line	page + manually delimited zone + ordinal source line/object	NOT_ASSERTED	tudinem, modo veritati proximo notare possibile fuit. Nos idem fecimus, ad fidem descriptio-
AB01-PDF0109-body-L010	109	20	SRC01	body	NALLINO_TRANSLATION	source_text_line	page + manually delimited zone + ordinal source line/object	NOT_ASSERTED	nis quam in noto libro <i>Figurae Terrae</i> (1) invenimus; item media loca provinciarum et
AB01-PDF0109-body-L011	109	20	SRC01	body	NALLINO_TRANSLATION	source_text_line	page + manually delimited zone + ordinal source line/object	NOT_ASSERTED	regionum, quae 94 sunt, separatim notavimus, ut iam Ptolemaeus (2) fecit. [Sed] in hoc
AB01-PDF0109-body-L012	109	20	SRC01	body	NALLINO_TRANSLATION	source_text_line	page + manually delimited zone + ordinal source line/object	NOT_ASSERTED	libro [Figurae Terrae] errores longitudinum et latitudinum reperiuntur. In sequentibus nostri
AB01-PDF0109-body-L013	109	20	SRC01	body	NALLINO_TRANSLATION	source_text_line	page + manually delimited zone + ordinal source line/object	NOT_ASSERTED	libri capitibus ea quae in his rebus lectori necessaria sunt iterabimus.
AB01-PDF0109-body-L014	109	20	SRC01	body	NALLINO_TRANSLATION	source_text_line	page + manually delimited zone + ordinal source line/object	NOT_ASSERTED	<center>CAPUT VII.</center>
AB01-PDF0109-body-L015	109	20	SRC01	body	NALLINO_TRANSLATION	source_text_line	page + manually delimited zone + ordinal source line/object	NOT_ASSERTED	<center>De cognoscenda [amplitudine] ortuum et occasuum hiemalium et aesti-</center>
AB01-PDF0109-body-L016	109	20	SRC01	body	NALLINO_TRANSLATION	source_text_line	page + manually delimited zone + ordinal source line/object	NOT_ASSERTED	<center>vorum in horizontibus regionum, per incrementum longissimi diei</center>
AB01-PDF0109-body-L017	109	20	SRC01	body	NALLINO_TRANSLATION	source_text_line	page + manually delimited zone + ordinal source line/object	NOT_ASSERTED	<center>vel per altitudinem poli.</center>
AB01-PDF0109-body-L018	109	20	SRC01	body	NALLINO_TRANSLATION	source_text_line	page + manually delimited zone + ordinal source line/object	NOT_ASSERTED	Dicit [auctor]: Arcus horizontis cuiuslibet regionis, qui inter circulum aequinoctialem et
AB01-PDF0109-body-L019	109	20	SRC01	body	NALLINO_TRANSLATION	source_text_line	page + manually delimited zone + ordinal source line/object	NOT_ASSERTED	eclipticam cadunt, scilicet azimuth ortus et occasus cuiusvis gradus eclipticae si cognoscere
AB01-PDF0109-body-L020	109	20	SRC01	body	NALLINO_TRANSLATION	source_text_line	page + manually delimited zone + ordinal source line/object	NOT_ASSERTED	cupis, incrementum longissimi diei gradibus exprime, eius horas in 15° multiplicans; quod exi-
AB01-PDF0109-body-L021	109	20	SRC01	body	NALLINO_TRANSLATION	source_text_line	page + manually delimited zone + ordinal source line/object	NOT_ASSERTED	bit adde dimidiatum 90 gradibus et habebis arcum semidiurnum diei longissimi. Obliquitatem
AB01-PDF0109-body-L022	109	20	SRC01	body	NALLINO_TRANSLATION	source_text_line	page + manually delimited zone + ordinal source line/object	NOT_ASSERTED	eclipticae, quae est initii Cancri declinatio, de 90° deme; sinus residui est cosinus declinationis
AB01-PDF0109-body-L023	109	20	SRC01	body	NALLINO_TRANSLATION	source_text_line	page + manually delimited zone + ordinal source line/object	NOT_ASSERTED	Cancri, quem in sinum dimidii arcus diei longissimi multiplica; productum per semidiame-
AB01-PDF0109-body-L024	109	20	SRC01	body	NALLINO_TRANSLATION	source_text_line	page + manually delimited zone + ordinal source line/object	NOT_ASSERTED	trum divide; quod exibit in arcum converte et de 90° deme; residuum est arcus circuli hori-
AB01-PDF0109-body-L025	109	20	SRC01	body	NALLINO_TRANSLATION	source_text_line	page + manually delimited zone + ordinal source line/object	NOT_ASSERTED	zontalis inter ortum occasumque initii Cancri et aequatorem intercedens, a septentrionibus
AB01-PDF0109-body-L026	109	20	SRC01	body	NALLINO_TRANSLATION	source_text_line	page + manually delimited zone + ordinal source line/object	NOT_ASSERTED	circuli aequinoctialis <i>(a)</i>.
AB01-PDF0109-body-L027	109	20	SRC01	body	NALLINO_TRANSLATION	source_text_line	page + manually delimited zone + ordinal source line/object	NOT_ASSERTED	Eodem modo fac si dimidium arcum diei brevissimi, qui est dies initii Capricorni, adhi-
AB01-PDF0109-body-L028	109	20	SRC01	body	NALLINO_TRANSLATION	source_text_line	page + manually delimited zone + ordinal source line/object	NOT_ASSERTED	bere vis; hoc tantum animadvertens, ortum occasumque Capricorni ab austro aequatoris fieri,
AB01-PDF0109-body-L029	109	20	SRC01	body	NALLINO_TRANSLATION	source_text_line	page + manually delimited zone + ordinal source line/object	NOT_ASSERTED	unde manifestum est azimuth [seu amplitudinem] initii Cancri in plaga boreali esse ut azi-
AB01-PDF0109-body-L030	109	20	SRC01	body	NALLINO_TRANSLATION	source_text_line	page + manually delimited zone + ordinal source line/object	NOT_ASSERTED	muth initii Capricorni in plaga australi. Ortus occasusque qui in plaga boreali fiunt, aestivi
AB01-PDF0109-body-L031	109	20	SRC01	body	NALLINO_TRANSLATION	source_text_line	page + manually delimited zone + ordinal source line/object	NOT_ASSERTED	appellantur; qui in australi, hiemales.
AB01-PDF0109-body-L032	109	20	SRC01	body	NALLINO_TRANSLATION	source_text_line	page + manually delimited zone + ordinal source line/object	NOT_ASSERTED	Si amplitudinem ortivam et occiduam alterius punti [eclipticae] quam istorum duorum
AB01-PDF0109-body-L033	109	20	SRC01	body	NALLINO_TRANSLATION	source_text_line	page + manually delimited zone + ordinal source line/object	NOT_ASSERTED	scire vis, declinationem gradus dati de 90° deme, et residui sinum inveni. Deinde sinum arcus
AB01-PDF0109-body-L034	109	20	SRC01	body	NALLINO_TRANSLATION	source_text_line	page + manually delimited zone + ordinal source line/object	NOT_ASSERTED	semidiurni (3) illius gradus in cosinum ipsius declinationis multiplica; productum per semi-
AB01-PDF0109-body-L035	109	20	SRC01	body	NALLINO_TRANSLATION	source_text_line	page + manually delimited zone + ordinal source line/object	NOT_ASSERTED	diametrum divide; quod exibit in arcum converte et de 90° deme. Remanet azimuth ortus
AB01-PDF0109-body-L036	109	20	SRC01	body	NALLINO_TRANSLATION	source_text_line	page + manually delimited zone + ordinal source line/object	NOT_ASSERTED	et occasus illius gradus, quod a septentrionibus aequatoris erit, si declinatio fuerit borealis,
AB01-PDF0109-body-L037	109	20	SRC01	body	NALLINO_TRANSLATION	source_text_line	page + manually delimited zone + ordinal source line/object	NOT_ASSERTED	ab austro si australis <i>(b)</i>.
AB01-PDF0109-notes_left-L001	109	20	SRC01	notes_left	NALLINO_APPARATUS	source_text_line	page + manually delimited zone + ordinal source line/object	NOT_ASSERTED	(1) Plato, fortasse melius, habet: « in libro Fi-
AB01-PDF0109-notes_left-L002	109	20	SRC01	notes_left	NALLINO_APPARATUS	source_text_line	page + manually delimited zone + ordinal source line/object	NOT_ASSERTED	« gurae Terrae, qui vocatur Geographia ».
AB01-PDF0109-notes_left-L003	109	20	SRC01	notes_left	NALLINO_APPARATUS	source_text_line	page + manually delimited zone + ordinal source line/object	NOT_ASSERTED	(2) Ubi fecerit nescio. In <i>Almag.</i> II, 12 (ed.
AB01-PDF0109-notes_left-L004	109	20	SRC01	notes_left	NALLINO_APPARATUS	source_text_line	page + manually delimited zone + ordinal source line/object	NOT_ASSERTED	Halma, t. I, p. 148) dicit se tabulas geographicas omi-
AB01-PDF0109-notes_right-L001	109	20	SRC01	notes_right	NALLINO_APPARATUS	source_text_line	page + manually delimited zone + ordinal source line/object	NOT_ASSERTED	sisse, cum in animo haberet eas in peculiari libro
AB01-PDF0109-notes_right-L002	109	20	SRC01	notes_right	NALLINO_APPARATUS	source_text_line	page + manually delimited zone + ordinal source line/object	NOT_ASSERTED	edere. In <i>Geographia</i> longitudines et latitudines lo-
AB01-PDF0109-notes_right-L003	109	20	SRC01	notes_right	NALLINO_APPARATUS	source_text_line	page + manually delimited zone + ordinal source line/object	NOT_ASSERTED	corum mediorum regionum (<gr>ἐπαρχίαι</gr>) non invenio.
AB01-PDF0109-notes_right-L004	109	20	SRC01	notes_right	NALLINO_APPARATUS	source_text_line	page + manually delimited zone + ordinal source line/object	NOT_ASSERTED	(3) Codex et Plato: « diurni ».
AB01-PDF0109-margins-L001	109	20	SRC01	margins	NALLINO_APPARATUS	source_marginal_register	page + manually delimited zone + ordinal source line/object	NOT_ASSERTED	p. 29.
AB01-PDF0109-margins-L002	109	20	SRC01	margins	NALLINO_APPARATUS	source_marginal_register	page + manually delimited zone + ordinal source line/object	NOT_ASSERTED	5; 10; 15; 20; 25; 30; 35; 40
AB01-PDF0110-body-L001	110	21	SRC01	body	NALLINO_TRANSLATION	source_text_line	page + manually delimited zone + ordinal source line/object	NOT_ASSERTED	Ex latitudine nota loci terrestris si azimuth ortus et occasus cuiuslibet gradus scire vis,
AB01-PDF0110-body-L002	110	21	SRC01	body	NALLINO_TRANSLATION	source_text_line	page + manually delimited zone + ordinal source line/object	NOT_ASSERTED	latitudinem de 90° minue; residuum est altitudo initii Arietis eo loco. Deinde sinum declina-
AB01-PDF0110-body-L003	110	21	SRC01	body	NALLINO_TRANSLATION	source_text_line	page + manually delimited zone + ordinal source line/object	NOT_ASSERTED	tionis gradus dati in semidiametrum multiplica; productum per sinum altitudinis initii Arietis
AB01-PDF0110-body-L004	110	21	SRC01	body	NALLINO_TRANSLATION	source_text_line	page + manually delimited zone + ordinal source line/object	NOT_ASSERTED	divide; quod exibit in arcum converte, et arcus erit distantia ortus et occasus illius gradus
AB01-PDF0110-body-L005	110	21	SRC01	body	NALLINO_TRANSLATION	source_text_line	page + manually delimited zone + ordinal source line/object	NOT_ASSERTED	ab ortu et occasu initii Arietis, in horizontis circulo ab eadem plaga in qua declinatio fuerit.
AB01-PDF0110-body-L006	110	21	SRC01	body	NALLINO_TRANSLATION	source_text_line	page + manually delimited zone + ordinal source line/object	NOT_ASSERTED	Hoc, Deo volente, azimuth est <i>(c)</i>.
AB01-PDF0110-body-L007	110	21	SRC01	body	NALLINO_TRANSLATION	source_text_line	page + manually delimited zone + ordinal source line/object	NOT_ASSERTED	<center>CAPUT VIII.</center>
AB01-PDF0110-body-L008	110	21	SRC01	body	NALLINO_TRANSLATION	source_text_line	page + manually delimited zone + ordinal source line/object	NOT_ASSERTED	<center>De cognoscenda altitudine poli per incrementum longissimi diei.</center>
AB01-PDF0110-body-L009	110	21	SRC01	body	NALLINO_TRANSLATION	source_text_line	page + manually delimited zone + ordinal source line/object	NOT_ASSERTED	Dicit [auctor]: Si altitudinem poli borealis aequatoris super horizontem, quae est loci
AB01-PDF0110-body-L010	110	21	SRC01	body	NALLINO_TRANSLATION	source_text_line	page + manually delimited zone + ordinal source line/object	NOT_ASSERTED	terrestris latitudo, per incrementum diei longissimi super diem medium cognoscere vis, aut
AB01-PDF0110-body-L011	110	21	SRC01	body	NALLINO_TRANSLATION	source_text_line	page + manually delimited zone + ordinal source line/object	NOT_ASSERTED	per decrementum diei brevissimi, gradus dimidii augmenti maximi diei, qui est dies initii
AB01-PDF0110-body-L012	110	21	SRC01	body	NALLINO_TRANSLATION	source_text_line	page + manually delimited zone + ordinal source line/object	NOT_ASSERTED	Cancri, adde 90 gradibus; habebis dimidium arcum diei longissimi. Aut de 90° deme; habe-
AB01-PDF0110-body-L013	110	21	SRC01	body	NALLINO_TRANSLATION	source_text_line	page + manually delimited zone + ordinal source line/object	NOT_ASSERTED	bis dimidium arcum diei brevissimi. Horum quemcumque delegeris ad idem pervenies.
AB01-PDF0110-body-L014	110	21	SRC01	body	NALLINO_TRANSLATION	source_text_line	page + manually delimited zone + ordinal source line/object	NOT_ASSERTED	Cosinum obliquitatis eclipticae in sinum arcus semidiurni multiplica, et per semidiame-
AB01-PDF0110-body-L015	110	21	SRC01	body	NALLINO_TRANSLATION	source_text_line	page + manually delimited zone + ordinal source line/object	NOT_ASSERTED	trum divide; quod exibit in arcum converte; arcus est longinquitas ascensus initii Cancri a
AB01-PDF0110-body-L016	110	21	SRC01	body	NALLINO_TRANSLATION	source_text_line	page + manually delimited zone + ordinal source line/object	NOT_ASSERTED	puncto boreali, quam si de 90° dempseris, habebis distantiam ascensus initii Cancri a puncto
AB01-PDF0110-body-L017	110	21	SRC01	body	NALLINO_TRANSLATION	source_text_line	page + manually delimited zone + ordinal source line/object	NOT_ASSERTED	ortus aequinoctii, ut in praecedenti capite explanavimus. Deinde sinum dimidii incrementi diei
AB01-PDF0110-body-L018	110	21	SRC01	body	NALLINO_TRANSLATION	source_text_line	page + manually delimited zone + ordinal source line/object	NOT_ASSERTED	longissimi in sinum distantiae ascensus initii Cancri a puncto boreali multiplica; productum per
AB01-PDF0110-body-L019	110	21	SRC01	body	NALLINO_TRANSLATION	source_text_line	page + manually delimited zone + ordinal source line/object	NOT_ASSERTED	sinum longinquitatis ascensus initii Cancri ab ascensu initii Arietis divide; quod exibit in
AB01-PDF0110-body-L020	110	21	SRC01	body	NALLINO_TRANSLATION	source_text_line	page + manually delimited zone + ordinal source line/object	NOT_ASSERTED	semidiametrum multiplica et per sinum dimidii arcus diei longissimi divide; quod exibit in
AB01-PDF0110-body-L021	110	21	SRC01	body	NALLINO_TRANSLATION	source_text_line	page + manually delimited zone + ordinal source line/object	NOT_ASSERTED	arcum converte; arcus est altitudo poli illic ubi dies longissimus quantitate data diem medium
AB01-PDF0110-body-L022	110	21	SRC01	body	NALLINO_TRANSLATION	source_text_line	page + manually delimited zone + ordinal source line/object	NOT_ASSERTED	superat (1) <i>(a)</i>.
AB01-PDF0110-body-L023	110	21	SRC01	body	NALLINO_TRANSLATION	source_text_line	page + manually delimited zone + ordinal source line/object	NOT_ASSERTED	<center>CAPUT IX.</center>
AB01-PDF0110-body-L024	110	21	SRC01	body	NALLINO_TRANSLATION	source_text_line	page + manually delimited zone + ordinal source line/object	NOT_ASSERTED	<center>De cognoscendo incremento diei longissimi per altitudinem poli.</center>
AB01-PDF0110-body-L025	110	21	SRC01	body	NALLINO_TRANSLATION	source_text_line	page + manually delimited zone + ordinal source line/object	NOT_ASSERTED	Dicit [auctor]: Si maximi diei incrementum, et diei brevissimi decrementum a die medio,
AB01-PDF0110-body-L026	110	21	SRC01	body	NALLINO_TRANSLATION	source_text_line	page + manually delimited zone + ordinal source line/object	NOT_ASSERTED	per altitudinem datam poli scire vis, sinum atque cosinum latitudinis loci, nec non sinum
AB01-PDF0110-body-L027	110	21	SRC01	body	NALLINO_TRANSLATION	source_text_line	page + manually delimited zone + ordinal source line/object	NOT_ASSERTED	atque cosinum obliquitatis eclipticae deprehende. Postea sinum latitudinis in sinum obliquitatis
AB01-PDF0110-body-L028	110	21	SRC01	body	NALLINO_TRANSLATION	source_text_line	page + manually delimited zone + ordinal source line/object	NOT_ASSERTED	multiplica; productum per cosinum obliquitatis divide et in semidiametrum multiplica; quod
AB01-PDF0110-body-L029	110	21	SRC01	body	NALLINO_TRANSLATION	source_text_line	page + manually delimited zone + ordinal source line/object	NOT_ASSERTED	exibit per cosinum latitudinis divide; quod tunc invenies in arcum converte, et arcus erit
AB01-PDF0110-body-L030	110	21	SRC01	body	NALLINO_TRANSLATION	source_text_line	page + manually delimited zone + ordinal source line/object	NOT_ASSERTED	dimidium incrementum longissimi diei. — Similiter dimidium decrementum diei brevissimi habe-
AB01-PDF0110-body-L031	110	21	SRC01	body	NALLINO_TRANSLATION	source_text_line	page + manually delimited zone + ordinal source line/object	NOT_ASSERTED	bis; quod duplicatum simul augmentum diei maximi et decrementum diei brevissimi est.
AB01-PDF0110-body-L032	110	21	SRC01	body	NALLINO_TRANSLATION	source_text_line	page + manually delimited zone + ordinal source line/object	NOT_ASSERTED	Quindecim horum graduum horam aequinoctialem efficiunt; gradus igitur inventos hoc
AB01-PDF0110-notes_left-L001	110	21	SRC01	notes_left	NALLINO_APPARATUS	source_text_line	page + manually delimited zone + ordinal source line/object	NOT_ASSERTED	(1) Plato haec addit: « Si autem haec per ali-
AB01-PDF0110-notes_left-L002	110	21	SRC01	notes_left	NALLINO_APPARATUS	source_text_line	page + manually delimited zone + ordinal source line/object	NOT_ASSERTED	« quam stellarum fixarum circa polum positarum, et
AB01-PDF0110-notes_left-L003	110	21	SRC01	notes_left	NALLINO_APPARATUS	source_text_line	page + manually delimited zone + ordinal source line/object	NOT_ASSERTED	« ipsae sunt, quae in ipsa regione nunquam occul-
AB01-PDF0110-notes_left-L004	110	21	SRC01	notes_left	NALLINO_APPARATUS	source_text_line	page + manually delimited zone + ordinal source line/object	NOT_ASSERTED	« tantur, inspicere volueris, ipsius altitudines cum
AB01-PDF0110-notes_left-L005	110	21	SRC01	notes_left	NALLINO_APPARATUS	source_text_line	page + manually delimited zone + ordinal source line/object	NOT_ASSERTED	« altius et inferius fuerit, quod contingit cum per
AB01-PDF0110-notes_left-L006	110	21	SRC01	notes_left	NALLINO_APPARATUS	source_text_line	page + manually delimited zone + ordinal source line/object	NOT_ASSERTED	« circulum medii caeli semel supra polum et semel
AB01-PDF0110-notes_right-L001	110	21	SRC01	notes_right	NALLINO_APPARATUS	source_text_line	page + manually delimited zone + ordinal source line/object	NOT_ASSERTED	« subtus polum transierit accipe, scilicet altitudines,
AB01-PDF0110-notes_right-L002	110	21	SRC01	notes_right	NALLINO_APPARATUS	source_text_line	page + manually delimited zone + ordinal source line/object	NOT_ASSERTED	« aut eas in unum collige, et collecti dimidium ac-
AB01-PDF0110-notes_right-L003	110	21	SRC01	notes_right	NALLINO_APPARATUS	source_text_line	page + manually delimited zone + ordinal source line/object	NOT_ASSERTED	« cipe, quodque fuerit, erit altitudo poli in regione
AB01-PDF0110-notes_right-L004	110	21	SRC01	notes_right	NALLINO_APPARATUS	source_text_line	page + manually delimited zone + ordinal source line/object	NOT_ASSERTED	« illa ». — Sed haec cum titulo capitis minime con-
AB01-PDF0110-notes_right-L005	110	21	SRC01	notes_right	NALLINO_APPARATUS	source_text_line	page + manually delimited zone + ordinal source line/object	NOT_ASSERTED	veniunt, et iam explicata sunt in VI capite (p. 15).
AB01-PDF0110-margins-L001	110	21	SRC01	margins	NALLINO_APPARATUS	source_marginal_register	page + manually delimited zone + ordinal source line/object	NOT_ASSERTED	p. 30.
AB01-PDF0110-margins-L002	110	21	SRC01	margins	NALLINO_APPARATUS	source_marginal_register	page + manually delimited zone + ordinal source line/object	NOT_ASSERTED	p. 31.
AB01-PDF0110-margins-L003	110	21	SRC01	margins	NALLINO_APPARATUS	source_marginal_register	page + manually delimited zone + ordinal source line/object	NOT_ASSERTED	5; 10; 15; 20; 25; 30; 35; 40
AB01-PDF0111-body-L001	111	22	SRC01	body	NALLINO_TRANSLATION	source_text_line	page + manually delimited zone + ordinal source line/object	NOT_ASSERTED	modo in horas converte, quas si 12 horis diei medii addideris, horas longissimi diei habebis;
AB01-PDF0111-body-L002	111	22	SRC01	body	NALLINO_TRANSLATION	source_text_line	page + manually delimited zone + ordinal source line/object	NOT_ASSERTED	si de 12 dempseris, horas diei brevissimi reperies.
AB01-PDF0111-body-L003	111	22	SRC01	body	NALLINO_TRANSLATION	source_text_line	page + manually delimited zone + ordinal source line/object	NOT_ASSERTED	Si augmentum diei in aliis quam his duobus eclipticae gradibus cognoscere vis, pro
AB01-PDF0111-body-L004	111	22	SRC01	body	NALLINO_TRANSLATION	source_text_line	page + manually delimited zone + ordinal source line/object	NOT_ASSERTED	obliquitate declinationem gradus dati adhibe; habebis differentiam diei in eo gradu, scilicet
AB01-PDF0111-body-L005	111	22	SRC01	body	NALLINO_TRANSLATION	source_text_line	page + manually delimited zone + ordinal source line/object	NOT_ASSERTED	diei augmentum si declinatio gradus fuerit borealis, decrementum si australis <i>(a)</i>.
AB01-PDF0111-body-L006	111	22	SRC01	body	NALLINO_TRANSLATION	source_text_line	page + manually delimited zone + ordinal source line/object	NOT_ASSERTED	<center>CAPUT X.</center>
AB01-PDF0111-body-L007	111	22	SRC01	body	NALLINO_TRANSLATION	source_text_line	page + manually delimited zone + ordinal source line/object	NOT_ASSERTED	<center>De cognoscenda altitudine per umbram et umbra per altitudinem,</center>
AB01-PDF0111-body-L008	111	22	SRC01	body	NALLINO_TRANSLATION	source_text_line	page + manually delimited zone + ordinal source line/object	NOT_ASSERTED	<center>sive calculis sive tabula.</center>
AB01-PDF0111-body-L009	111	22	SRC01	body	NALLINO_TRANSLATION	source_text_line	page + manually delimited zone + ordinal source line/object	NOT_ASSERTED	Dicit [auctor]: Si ex altitudine umbram cognoscere vis, sinum et cosinum altitudinis
AB01-PDF0111-body-L010	111	22	SRC01	body	NALLINO_TRANSLATION	source_text_line	page + manually delimited zone + ordinal source line/object	NOT_ASSERTED	deprehende, et gnomonem in partes aequales ad libitum tuum divide. Postea cosinum altitu-
AB01-PDF0111-body-L011	111	22	SRC01	body	NALLINO_TRANSLATION	source_text_line	page + manually delimited zone + ordinal source line/object	NOT_ASSERTED	dinis in partes gnomonis multiplica; quod exibit per sinum altitudinis divide, et habebis quan-
AB01-PDF0111-body-L012	111	22	SRC01	body	NALLINO_TRANSLATION	source_text_line	page + manually delimited zone + ordinal source line/object	NOT_ASSERTED	titatem extensionis umbrae super terram planam, iuxta numerum partium aequalium in quas
AB01-PDF0111-body-L013	111	22	SRC01	body	NALLINO_TRANSLATION	source_text_line	page + manually delimited zone + ordinal source line/object	NOT_ASSERTED	gnomonem diviseras. — Calculatorum exemplum sequentes, in hoc nostro libro gnomonem in
AB01-PDF0111-body-L014	111	22	SRC01	body	NALLINO_TRANSLATION	source_text_line	page + manually delimited zone + ordinal source line/object	NOT_ASSERTED	12 partes divisum posuimus; sed licet eum in plures vel pauciores partes ad libitum dividere,
AB01-PDF0111-body-L015	111	22	SRC01	body	NALLINO_TRANSLATION	source_text_line	page + manually delimited zone + ordinal source line/object	NOT_ASSERTED	nam umbrae partes nonnisi ad partes gnomonis referuntur. Umbrae longitudo igitur tot et
AB01-PDF0111-body-L016	111	22	SRC01	body	NALLINO_TRANSLATION	source_text_line	page + manually delimited zone + ordinal source line/object	NOT_ASSERTED	tot partium esse dicitur, iuxta rationem qua gnomon in tot et tot partes divisus est.
AB01-PDF0111-body-L017	111	22	SRC01	body	NALLINO_TRANSLATION	source_text_line	page + manually delimited zone + ordinal source line/object	NOT_ASSERTED	Si altitudinem per hanc umbram extensam scire vis, quadratum umbrae adde quadrato
AB01-PDF0111-body-L018	111	22	SRC01	body	NALLINO_TRANSLATION	source_text_line	page + manually delimited zone + ordinal source line/object	NOT_ASSERTED	partium gnomonis, scilicet 144 partibus si gnomon in 12 dividitur; radix summae est hypo-
AB01-PDF0111-body-L019	111	22	SRC01	body	NALLINO_TRANSLATION	source_text_line	page + manually delimited zone + ordinal source line/object	NOT_ASSERTED	tenusa trianguli umbrae. Deinde partes gnomonis in semidiametrum multiplica; productum,
AB01-PDF0111-body-L020	111	22	SRC01	body	NALLINO_TRANSLATION	source_text_line	page + manually delimited zone + ordinal source line/object	NOT_ASSERTED	iuxta ea quae statuimus (1), 720 erit. Hos 720 per hypotenusam trianguli umbrae divide;
AB01-PDF0111-body-L021	111	22	SRC01	body	NALLINO_TRANSLATION	source_text_line	page + manually delimited zone + ordinal source line/object	NOT_ASSERTED	quod exibit in arcum converte; arcus est quantitas altitudinis. Quam si aliter supputare vis,
AB01-PDF0111-body-L022	111	22	SRC01	body	NALLINO_TRANSLATION	source_text_line	page + manually delimited zone + ordinal source line/object	NOT_ASSERTED	umbram in semidiametrum multiplica et per hypotenusam trianguli umbrae divide; quod exi-
AB01-PDF0111-body-L023	111	22	SRC01	body	NALLINO_TRANSLATION	source_text_line	page + manually delimited zone + ordinal source line/object	NOT_ASSERTED	bit, in arcum conversum, erit distantia Solis vel alterius [eclipticae] gradus a zenith in circulo
AB01-PDF0111-body-L024	111	22	SRC01	body	NALLINO_TRANSLATION	source_text_line	page + manually delimited zone + ordinal source line/object	NOT_ASSERTED	altitudinis. Hunc arcum de 90° deme et altitudinem habebis.
AB01-PDF0111-body-L025	111	22	SRC01	body	NALLINO_TRANSLATION	source_text_line	page + manually delimited zone + ordinal source line/object	NOT_ASSERTED	Umbra erecta sive stans est extensae contrarium; longissima enim est tempore meri-
AB01-PDF0111-body-L026	111	22	SRC01	body	NALLINO_TRANSLATION	source_text_line	page + manually delimited zone + ordinal source line/object	NOT_ASSERTED	diano, brevissima oriente Sole. Hanc umbram si ex altitudine scire vis, sinum altitudinis in
AB01-PDF0111-body-L027	111	22	SRC01	body	NALLINO_TRANSLATION	source_text_line	page + manually delimited zone + ordinal source line/object	NOT_ASSERTED	partes gnomonis multiplica; productum per cosinum altitudinis divide; exibit quantitas umbrae
AB01-PDF0111-body-L028	111	22	SRC01	body	NALLINO_TRANSLATION	source_text_line	page + manually delimited zone + ordinal source line/object	NOT_ASSERTED	secundum partes in quas gnomon dividitur. — Si ex umbra erecta altitudinem scire cupis,
AB01-PDF0111-body-L029	111	22	SRC01	body	NALLINO_TRANSLATION	source_text_line	page + manually delimited zone + ordinal source line/object	NOT_ASSERTED	quadratum umbrae quadrato partium gnomonis adde; summae radix est hypotenusa trianguli
AB01-PDF0111-body-L030	111	22	SRC01	body	NALLINO_TRANSLATION	source_text_line	page + manually delimited zone + ordinal source line/object	NOT_ASSERTED	umbrae. Postea, si vis, gnomonis partes in semidiametrum multiplica et per hypotenusam tri-
AB01-PDF0111-body-L031	111	22	SRC01	body	NALLINO_TRANSLATION	source_text_line	page + manually delimited zone + ordinal source line/object	NOT_ASSERTED	anguli umbrae divide; quod exibit in arcum converte, qui est arcus circuli altitudinis inter
AB01-PDF0111-body-L032	111	22	SRC01	body	NALLINO_TRANSLATION	source_text_line	page + manually delimited zone + ordinal source line/object	NOT_ASSERTED	gradum Solis et zenith [loci]; eum de 90° deme; residuum est altitudo. Aut, si mavis, um-
AB01-PDF0111-body-L033	111	22	SRC01	body	NALLINO_TRANSLATION	source_text_line	page + manually delimited zone + ordinal source line/object	NOT_ASSERTED	bram in semidiametrum multiplicatam per hypotenusam trianguli umbrae divide; quod exibit
AB01-PDF0111-body-L034	111	22	SRC01	body	NALLINO_TRANSLATION	source_text_line	page + manually delimited zone + ordinal source line/object	NOT_ASSERTED	in arcum converte; arcus est altitudo quaesita <i>(a)</i>.
AB01-PDF0111-body-L035	111	22	SRC01	body	NALLINO_TRANSLATION	source_text_line	page + manually delimited zone + ordinal source line/object	NOT_ASSERTED	Si ex altitudine umbram extensam per tabulas (2) cognoscere vis, in columna altitu-
AB01-PDF0111-body-L036	111	22	SRC01	body	NALLINO_TRANSLATION	source_text_line	page + manually delimited zone + ordinal source line/object	NOT_ASSERTED	dinis gradum datum quaere, et numeros ei in columna umbrarum respondentes sume; sunt
AB01-PDF0111-body-L037	111	22	SRC01	body	NALLINO_TRANSLATION	source_text_line	page + manually delimited zone + ordinal source line/object	NOT_ASSERTED	quantitas umbrae illius altitudinis. Si ex umbra altitudinem scire vis, in columna digitorum
AB01-PDF0111-body-L038	111	22	SRC01	body	NALLINO_TRANSLATION	source_text_line	page + manually delimited zone + ordinal source line/object	NOT_ASSERTED	umbrae quantitatem datam quaere, et gradus ei in columna altitudinis respondentes accipe.
AB01-PDF0111-body-L039	111	22	SRC01	body	NALLINO_TRANSLATION	source_text_line	page + manually delimited zone + ordinal source line/object	NOT_ASSERTED	Si cum gradibus altitudinis vel cum digitis umbrae minuta quoque sunt, eadem interpolatione
AB01-PDF0111-body-L040	111	22	SRC01	body	NALLINO_TRANSLATION	source_text_line	page + manually delimited zone + ordinal source line/object	NOT_ASSERTED	utere quam in capite declinationis [cap. IV] explicavimus: id est, si cum altitudine minuta
AB01-PDF0111-notes_left-L001	111	22	SRC01	notes_left	NALLINO_APPARATUS	source_text_line	page + manually delimited zone + ordinal source line/object	NOT_ASSERTED	(1) Gnomon <m>=12^p</m>, R <m>=60^p</m>.
AB01-PDF0111-notes_right-L001	111	22	SRC01	notes_right	NALLINO_APPARATUS	source_text_line	page + manually delimited zone + ordinal source line/object	NOT_ASSERTED	(2) Tabulae sunt in fol. 179,r.
AB01-PDF0111-margins-L001	111	22	SRC01	margins	NALLINO_APPARATUS	source_marginal_register	page + manually delimited zone + ordinal source line/object	NOT_ASSERTED	p. 32.
AB01-PDF0111-margins-L002	111	22	SRC01	margins	NALLINO_APPARATUS	source_marginal_register	page + manually delimited zone + ordinal source line/object	NOT_ASSERTED	p. 33.
AB01-PDF0111-margins-L003	111	22	SRC01	margins	NALLINO_APPARATUS	source_marginal_register	page + manually delimited zone + ordinal source line/object	NOT_ASSERTED	5; 10; 15; 20; 25; 30; 35; 40
AB01-PDF0112-body-L001	112	23	SRC01	body	NALLINO_TRANSLATION	source_text_line	page + manually delimited zone + ordinal source line/object	NOT_ASSERTED	exstant, quanta pars e 60 sint inveni, deinde partem proportionalem e differentia inter gra-
AB01-PDF0112-body-L002	112	23	SRC01	body	NALLINO_TRANSLATION	source_text_line	page + manually delimited zone + ordinal source line/object	NOT_ASSERTED	dum integrum datum et gradum proxime superiorem sume, et de digitis integris umbrae
AB01-PDF0112-body-L003	112	23	SRC01	body	NALLINO_TRANSLATION	source_text_line	page + manually delimited zone + ordinal source line/object	NOT_ASSERTED	deme; crescente enim altitudine, umbra decrescit. Residuum est altitudinis datae umbra. —
AB01-PDF0112-body-L004	112	23	SRC01	body	NALLINO_TRANSLATION	source_text_line	page + manually delimited zone + ordinal source line/object	NOT_ASSERTED	Si cum umbra, cuius altitudinem quaeris, minuta sunt, quanta pars sint ex intervallo inter
AB01-PDF0112-body-L005	112	23	SRC01	body	NALLINO_TRANSLATION	source_text_line	page + manually delimited zone + ordinal source line/object	NOT_ASSERTED	umbram in tabula repertam et umbram tuam superiorem vide, atque partem proportiona-
AB01-PDF0112-body-L006	112	23	SRC01	body	NALLINO_TRANSLATION	source_text_line	page + manually delimited zone + ordinal source line/object	NOT_ASSERTED	lem e 60 minutis quibus gradus altitudinis ab aliis in tabula distant sume; eam deme de alti-
AB01-PDF0112-body-L007	112	23	SRC01	body	NALLINO_TRANSLATION	source_text_line	page + manually delimited zone + ordinal source line/object	NOT_ASSERTED	tudine quae umbrae in tabula repertae, et tua proxime inferiori, respondet. Residuum est
AB01-PDF0112-body-L008	112	23	SRC01	body	NALLINO_TRANSLATION	source_text_line	page + manually delimited zone + ordinal source line/object	NOT_ASSERTED	altitudo quaesita.
AB01-PDF0112-body-L009	112	23	SRC01	body	NALLINO_TRANSLATION	source_text_line	page + manually delimited zone + ordinal source line/object	NOT_ASSERTED	Si umbram erectam sive stantem ex altitudine per tabulas scire vis, interpolatione quam
AB01-PDF0112-body-L010	112	23	SRC01	body	NALLINO_TRANSLATION	source_text_line	page + manually delimited zone + ordinal source line/object	NOT_ASSERTED	nuper docuimus inveni umbram complementi altitudinis datae; ea est umbra erecta. Si ex
AB01-PDF0112-body-L011	112	23	SRC01	body	NALLINO_TRANSLATION	source_text_line	page + manually delimited zone + ordinal source line/object	NOT_ASSERTED	hac umbra altitudinem quaeris, accipe complementum altitudinis quae umbrae tuae in tabula
AB01-PDF0112-body-L012	112	23	SRC01	body	NALLINO_TRANSLATION	source_text_line	page + manually delimited zone + ordinal source line/object	NOT_ASSERTED	respondet.
AB01-PDF0112-body-L013	112	23	SRC01	body	NALLINO_TRANSLATION	source_text_line	page + manually delimited zone + ordinal source line/object	NOT_ASSERTED	In hac tabula umbrae iuxta divisionem duodecimalem gnomonis descriptae sunt; umbris
AB01-PDF0112-body-L014	112	23	SRC01	body	NALLINO_TRANSLATION	source_text_line	page + manually delimited zone + ordinal source line/object	NOT_ASSERTED	igitur uteris quae gnomoni 12 partes complectenti respondent.
AB01-PDF0112-body-L015	112	23	SRC01	body	NALLINO_TRANSLATION	source_text_line	page + manually delimited zone + ordinal source line/object	NOT_ASSERTED	<center>CAPUT XI.</center>
AB01-PDF0112-body-L016	112	23	SRC01	body	NALLINO_TRANSLATION	source_text_line	page + manually delimited zone + ordinal source line/object	NOT_ASSERTED	<center>De azimuth altitudinis et umbrae in circulo horizontis quocumque</center>
AB01-PDF0112-body-L017	112	23	SRC01	body	NALLINO_TRANSLATION	source_text_line	page + manually delimited zone + ordinal source line/object	NOT_ASSERTED	<center>loco et tempore cognoscendo.</center>
AB01-PDF0112-body-L018	112	23	SRC01	body	NALLINO_TRANSLATION	source_text_line	page + manually delimited zone + ordinal source line/object	NOT_ASSERTED	Dicit [auctor]: Si azimuth altitudinis et umbrae ad singulos signorum gradus quolibet
AB01-PDF0112-body-L019	112	23	SRC01	body	NALLINO_TRANSLATION	source_text_line	page + manually delimited zone + ordinal source line/object	NOT_ASSERTED	loco scire vis, ante omnia quaere sinum et cosinum declinationis illius gradus, declinationis
AB01-PDF0112-body-L020	112	23	SRC01	body	NALLINO_TRANSLATION	source_text_line	page + manually delimited zone + ordinal source line/object	NOT_ASSERTED	plagam in Caelo, sinum et cosinum latitudinis loci, nec non sinum et cosinum altitudinis ea
AB01-PDF0112-body-L021	112	23	SRC01	body	NALLINO_TRANSLATION	source_text_line	page + manually delimited zone + ordinal source line/object	NOT_ASSERTED	diei hora quam delegisti. Postea sinum declinationis illius gradus in semidiametrum multiplica;
AB01-PDF0112-body-L022	112	23	SRC01	body	NALLINO_TRANSLATION	source_text_line	page + manually delimited zone + ordinal source line/object	NOT_ASSERTED	productum per cosinum latitudinis loci divide; exibit sinus amplitudinis ortivae, cuius pla-
AB01-PDF0112-body-L023	112	23	SRC01	body	NALLINO_TRANSLATION	source_text_line	page + manually delimited zone + ordinal source line/object	NOT_ASSERTED	gam [respectu aequatoris], quae est plaga declinationis, deprehende. Quo facto, sinum alti-
AB01-PDF0112-body-L024	112	23	SRC01	body	NALLINO_TRANSLATION	source_text_line	page + manually delimited zone + ordinal source line/object	NOT_ASSERTED	tudinis in sinum latitudinis loci multiplica; productum per cosinum latitudinis loci divide;
AB01-PDF0112-body-L025	112	23	SRC01	body	NALLINO_TRANSLATION	source_text_line	page + manually delimited zone + ordinal source line/object	NOT_ASSERTED	habebis sinum differentiae horizontis, quae semper est australis. Cum sinus amplitudinis orti-
AB01-PDF0112-body-L026	112	23	SRC01	body	NALLINO_TRANSLATION	source_text_line	page + manually delimited zone + ordinal source line/object	NOT_ASSERTED	vae et sinus differentiae horizontis in una eademque plaga Caeli sint, alterum alteri adde;
AB01-PDF0112-body-L027	112	23	SRC01	body	NALLINO_TRANSLATION	source_text_line	page + manually delimited zone + ordinal source line/object	NOT_ASSERTED	cum in duabus diversis plagis, minorem de maiore deme; summam aut residuum in semidia-
AB01-PDF0112-body-L028	112	23	SRC01	body	NALLINO_TRANSLATION	source_text_line	page + manually delimited zone + ordinal source line/object	NOT_ASSERTED	metrum multiplica et per cosinum altitudinis divide; quod exibit in arcum converte; arcus
AB01-PDF0112-body-L029	112	23	SRC01	body	NALLINO_TRANSLATION	source_text_line	page + manually delimited zone + ordinal source line/object	NOT_ASSERTED	est azimuth altitudinis; et umbra tunc in gradu ad quem calculus factus est reperitur. Si
AB01-PDF0112-body-L030	112	23	SRC01	body	NALLINO_TRANSLATION	source_text_line	page + manually delimited zone + ordinal source line/object	NOT_ASSERTED	gradus inter ascendens et medium Caelum habetur, azimuth est in circulo horizontis a puncto
AB01-PDF0112-body-L031	112	23	SRC01	body	NALLINO_TRANSLATION	source_text_line	page + manually delimited zone + ordinal source line/object	NOT_ASSERTED	ascensus initii Arietis [et Librae] versus Caeli plagam [in qua utrique sinus vel eorum
AB01-PDF0112-body-L032	112	23	SRC01	body	NALLINO_TRANSLATION	source_text_line	page + manually delimited zone + ordinal source line/object	NOT_ASSERTED	longior reperti sunt; at si gradus inter medium Caelum et occidentem exstat, azimuth habe-
AB01-PDF0112-body-L033	112	23	SRC01	body	NALLINO_TRANSLATION	source_text_line	page + manually delimited zone + ordinal source line/object	NOT_ASSERTED	tur a puncto in quo occidunt initia Arietis et Librae, versus Caeli plagam] (1) quam invenisti <i>(a)</i>.
AB01-PDF0112-body-L034	112	23	SRC01	body	NALLINO_TRANSLATION	source_text_line	page + manually delimited zone + ordinal source line/object	NOT_ASSERTED	Alio modo etiam azimuth cognoscitur, scilicet angulis quibus ad parallaxim inveniendam
AB01-PDF0112-body-L035	112	23	SRC01	body	NALLINO_TRANSLATION	source_text_line	page + manually delimited zone + ordinal source line/object	NOT_ASSERTED	utimur; sed hoc infra explicabimus.
AB01-PDF0112-notes_full-L001	112	23	SRC01	notes_full	NALLINO_APPARATUS	source_text_line	page + manually delimited zone + ordinal source line/object	NOT_ASSERTED	(1) Verba uncis inclusa supplevi e versione Platonis.
AB01-PDF0112-margins-L001	112	23	SRC01	margins	NALLINO_APPARATUS	source_marginal_register	page + manually delimited zone + ordinal source line/object	NOT_ASSERTED	p. 34.
AB01-PDF0112-margins-L002	112	23	SRC01	margins	NALLINO_APPARATUS	source_marginal_register	page + manually delimited zone + ordinal source line/object	NOT_ASSERTED	5; 10; 15; 20; 25; 30; 35; 40
AB01-PDF0113-body-L001	113	24	SRC01	body	NALLINO_TRANSLATION	source_text_line	page + manually delimited zone + ordinal source line/object	NOT_ASSERTED	<center>CAPUT XII.</center>
AB01-PDF0113-body-L002	113	24	SRC01	body	NALLINO_TRANSLATION	source_text_line	page + manually delimited zone + ordinal source line/object	NOT_ASSERTED	<center>De linea meridiana sive azimuth meridiei.</center>
AB01-PDF0113-body-L003	113	24	SRC01	body	NALLINO_TRANSLATION	source_text_line	page + manually delimited zone + ordinal source line/object	NOT_ASSERTED	Dicit [auctor]: Si azimuth meridiei, scilicet lineam meridianam, quocumque loco et tempore
AB01-PDF0113-body-L004	113	24	SRC01	body	NALLINO_TRANSLATION	source_text_line	page + manually delimited zone + ordinal source line/object	NOT_ASSERTED	scire vis, et longitudinem Solis ignoras, te in locum cuius horizon pateat, et cuius superficies
AB01-PDF0113-body-L005	113	24	SRC01	body	NALLINO_TRANSLATION	source_text_line	page + manually delimited zone + ordinal source line/object	NOT_ASSERTED	plana, aequalis, in neutram partem declinans sit, confer. Ibi circulum cuiusvis diametri describe,
AB01-PDF0113-body-L006	113	24	SRC01	body	NALLINO_TRANSLATION	source_text_line	page + manually delimited zone + ordinal source line/object	NOT_ASSERTED	et in centro stilum ligneum, tenuem, acuminatum, sine curvaminibus, erige, cuius optima
AB01-PDF0113-body-L007	113	24	SRC01	body	NALLINO_TRANSLATION	source_text_line	page + manually delimited zone + ordinal source line/object	NOT_ASSERTED	longitudo est quartae partis diametri circuli; postea longinquitatem extremi stili a circumfe-
AB01-PDF0113-body-L008	113	24	SRC01	body	NALLINO_TRANSLATION	source_text_line	page + manually delimited zone + ordinal source line/object	NOT_ASSERTED	rentia quatuor oppositis locis metire, ut procul dubio scias eum in centro veraciter esse
AB01-PDF0113-body-L009	113	24	SRC01	body	NALLINO_TRANSLATION	source_text_line	page + manually delimited zone + ordinal source line/object	NOT_ASSERTED	erectum. Eius umbram ineunte die observa; tunc longa erit nec decrescere cessabit eo usque
AB01-PDF0113-body-L010	113	24	SRC01	body	NALLINO_TRANSLATION	source_text_line	page + manually delimited zone + ordinal source line/object	NOT_ASSERTED	quo ad circumferentiam pervenerit et fere in circulum intraverit; in hoc circumferentiae
AB01-PDF0113-body-L011	113	24	SRC01	body	NALLINO_TRANSLATION	source_text_line	page + manually delimited zone + ordinal source line/object	NOT_ASSERTED	loco punctum nota; erit signum extremitatis umbrae. Deinde umbram exspecta donec meridies
AB01-PDF0113-body-L012	113	24	SRC01	body	NALLINO_TRANSLATION	source_text_line	page + manually delimited zone + ordinal source line/object	NOT_ASSERTED	transeat et ipsa augeri incipiat usque eo quo ad circumferentiam pervenerit et de ea fere exierit.
AB01-PDF0113-body-L013	113	24	SRC01	body	NALLINO_TRANSLATION	source_text_line	page + manually delimited zone + ordinal source line/object	NOT_ASSERTED	Super hunc circumferentiae locum alterum signum pone; erit [signum extremitatis umbrae].
AB01-PDF0113-body-L014	113	24	SRC01	body	NALLINO_TRANSLATION	source_text_line	page + manually delimited zone + ordinal source line/object	NOT_ASSERTED	Arcum inter haec duo signa positum, medium divide, et a puncto medietatis lineam rectam
AB01-PDF0113-body-L015	113	24	SRC01	body	NALLINO_TRANSLATION	source_text_line	page + manually delimited zone + ordinal source line/object	NOT_ASSERTED	per centrum circuli transeuntem usque ad oppositam partem circumferentiae duc, et ad libitum
AB01-PDF0113-body-L016	113	24	SRC01	body	NALLINO_TRANSLATION	source_text_line	page + manually delimited zone + ordinal source line/object	NOT_ASSERTED	tuum protrahe; quod feceris regulam ponens super punctum medii arcus et super centrum,
AB01-PDF0113-body-L017	113	24	SRC01	body	NALLINO_TRANSLATION	source_text_line	page + manually delimited zone + ordinal source line/object	NOT_ASSERTED	atque lineam rectam per ea puncta ducens usque ad alteram circumferentiae partem. Haec
AB01-PDF0113-body-L018	113	24	SRC01	body	NALLINO_TRANSLATION	source_text_line	page + manually delimited zone + ordinal source line/object	NOT_ASSERTED	linea est linea meridiana. Cum igitur umbra stili super eam inciderit, erit tempus meridiei,
AB01-PDF0113-body-L019	113	24	SRC01	body	NALLINO_TRANSLATION	source_text_line	page + manually delimited zone + ordinal source line/object	NOT_ASSERTED	sive longa fuerit umbra sive brevis; linea autem est directio ab austro ad septentriones.
AB01-PDF0113-body-L020	113	24	SRC01	body	NALLINO_TRANSLATION	source_text_line	page + manually delimited zone + ordinal source line/object	NOT_ASSERTED	Deinde alteram lineam per centrum ad rectos angulos ducens, circulum in quatuor par-
AB01-PDF0113-body-L021	113	24	SRC01	body	NALLINO_TRANSLATION	source_text_line	page + manually delimited zone + ordinal source line/object	NOT_ASSERTED	tes aequales divide; haec linea est directio ab ortu ad occasum. Qua re super extremas
AB01-PDF0113-body-L022	113	24	SRC01	body	NALLINO_TRANSLATION	source_text_line	page + manually delimited zone + ordinal source line/object	NOT_ASSERTED	lineas nota horizontis plagas, scilicet orientem, occidentem, septentriones et meridiem. Tempus
AB01-PDF0113-body-L023	113	24	SRC01	body	NALLINO_TRANSLATION	source_text_line	page + manually delimited zone + ordinal source line/object	NOT_ASSERTED	quam maxime ad haec observanda aptum, illud est quo Sol ad alterutrum punctum solstitiale
AB01-PDF0113-body-L024	113	24	SRC01	body	NALLINO_TRANSLATION	source_text_line	page + manually delimited zone + ordinal source line/object	NOT_ASSERTED	appropinquat, tunc enim inter duas umbrae observationes Sol tardus in declinatione movetur.
AB01-PDF0113-body-L025	113	24	SRC01	body	NALLINO_TRANSLATION	source_text_line	page + manually delimited zone + ordinal source line/object	NOT_ASSERTED	Manifestum etiam est tempus meridiei, ob festinum Solis transitum [in declinatione], in cir-
AB01-PDF0113-body-L026	113	24	SRC01	body	NALLINO_TRANSLATION	source_text_line	page + manually delimited zone + ordinal source line/object	NOT_ASSERTED	culo meridiano praecise non posse determinari, sed tantum tempus meridianum vel tempus ei
AB01-PDF0113-body-L027	113	24	SRC01	body	NALLINO_TRANSLATION	source_text_line	page + manually delimited zone + ordinal source line/object	NOT_ASSERTED	proximum deprehendi <i>(a)</i>.
AB01-PDF0113-body-L028	113	24	SRC01	body	NALLINO_TRANSLATION	source_text_line	page + manually delimited zone + ordinal source line/object	NOT_ASSERTED	Circuli quem descripsimus haec est, Deo volente, imago:
AB01-PDF0113-body-L029	113	24	SRC01	body	NALLINO_TRANSLATION	source_object	page + manually delimited zone + ordinal source line/object	NOT_ASSERTED	<figureleft>AB01-PDF0113-F01</figureleft>
AB01-PDF0113-body-L030	113	24	SRC01	body	NALLINO_TRANSLATION	source_text_line	page + manually delimited zone + ordinal source line/object	NOT_ASSERTED	Dicit [auctor]: Super centrum E,
AB01-PDF0113-body-L031	113	24	SRC01	body	NALLINO_TRANSLATION	source_text_line	page + manually delimited zone + ordinal source line/object	NOT_ASSERTED	circulum describe, et eidem puncto E
AB01-PDF0113-body-L032	113	24	SRC01	body	NALLINO_TRANSLATION	source_text_line	page + manually delimited zone + ordinal source line/object	NOT_ASSERTED	stilum fige; locum extremae umbrae
AB01-PDF0113-body-L033	113	24	SRC01	body	NALLINO_TRANSLATION	source_text_line	page + manually delimited zone + ordinal source line/object	NOT_ASSERTED	antemeridianae A appella, pomeridia-
AB01-PDF0113-body-L034	113	24	SRC01	body	NALLINO_TRANSLATION	source_text_line	page + manually delimited zone + ordinal source line/object	NOT_ASSERTED	nae B; arcum AB in C medium divide,
AB01-PDF0113-body-L035	113	24	SRC01	body	NALLINO_TRANSLATION	source_text_line	page + manually delimited zone + ordinal source line/object	NOT_ASSERTED	et lineam usque ad punctum D duc
AB01-PDF0113-body-L036	113	24	SRC01	body	NALLINO_TRANSLATION	source_text_line	page + manually delimited zone + ordinal source line/object	NOT_ASSERTED	recta CED erit linea meridiana, pun-
AB01-PDF0113-body-L037	113	24	SRC01	body	NALLINO_TRANSLATION	source_text_line	page + manually delimited zone + ordinal source line/object	NOT_ASSERTED	ctum D plaga australis, C plaga bo-
AB01-PDF0113-body-L038	113	24	SRC01	body	NALLINO_TRANSLATION	source_text_line	page + manually delimited zone + ordinal source line/object	NOT_ASSERTED	realis. Arcum CAD in H medium di-
AB01-PDF0113-body-L039	113	24	SRC01	body	NALLINO_TRANSLATION	source_text_line	page + manually delimited zone + ordinal source line/object	NOT_ASSERTED	vide, et per puncta H, E rectam usque
AB01-PDF0113-body-L040	113	24	SRC01	body	NALLINO_TRANSLATION	source_text_line	page + manually delimited zone + ordinal source line/object	NOT_ASSERTED	ad G protrahe; erit G plaga orienta-
AB01-PDF0113-body-L041	113	24	SRC01	body	NALLINO_TRANSLATION	source_text_line	page + manually delimited zone + ordinal source line/object	NOT_ASSERTED	lis, H occidentalis; et quotiescumque
AB01-PDF0113-body-L042	113	24	SRC01	body	NALLINO_TRANSLATION	source_text_line	page + manually delimited zone + ordinal source line/object	NOT_ASSERTED	umbra stili super rectam EC inciderit,
AB01-PDF0113-body-L043	113	24	SRC01	body	NALLINO_TRANSLATION	layout_control	page + manually delimited zone + ordinal source line/object	NOT_ASSERTED	<endfigureleft/>
AB01-PDF0113-body-L044	113	24	SRC01	body	NALLINO_TRANSLATION	source_text_line	page + manually delimited zone + ordinal source line/object	NOT_ASSERTED	erit tempus meridiei.
AB01-PDF0113-margins-L001	113	24	SRC01	margins	NALLINO_APPARATUS	source_marginal_register	page + manually delimited zone + ordinal source line/object	NOT_ASSERTED	p. 35.
AB01-PDF0113-margins-L002	113	24	SRC01	margins	NALLINO_APPARATUS	source_marginal_register	page + manually delimited zone + ordinal source line/object	NOT_ASSERTED	p. 36.
AB01-PDF0113-margins-L003	113	24	SRC01	margins	NALLINO_APPARATUS	source_marginal_register	page + manually delimited zone + ordinal source line/object	NOT_ASSERTED	5; 10; 15; 20; 25; 30; 35; 40
AB01-PDF0114-body-L001	114	25	SRC01	body	NALLINO_TRANSLATION	source_text_line	page + manually delimited zone + ordinal source line/object	NOT_ASSERTED	Si autem Solis locum cognoscis, azimuth cuiuslibet altitudinis quovis diei tempore depre-
AB01-PDF0114-body-L002	114	25	SRC01	body	NALLINO_TRANSLATION	source_text_line	page + manually delimited zone + ordinal source line/object	NOT_ASSERTED	hende, et eo usque quo altitudo altitudinem datam aequaverit, observa; tunc umbrae locum,
AB01-PDF0114-body-L003	114	25	SRC01	body	NALLINO_TRANSLATION	source_text_line	page + manually delimited zone + ordinal source line/object	NOT_ASSERTED	in media eius latitudine, super circumferentiam puncto signa. Quadrantem circuli, in quem
AB01-PDF0114-body-L004	114	25	SRC01	body	NALLINO_TRANSLATION	source_text_line	page + manually delimited zone + ordinal source line/object	NOT_ASSERTED	punctum illud inciderit, in 90 gradus divide; et ab eodem puncto, versus partem oppositam
AB01-PDF0114-body-L005	114	25	SRC01	body	NALLINO_TRANSLATION	source_text_line	page + manually delimited zone + ordinal source line/object	NOT_ASSERTED	azimuth illius altitudinis procedens, gradus azimuth altitudinis numera; ubi finiverit numerus,
AB01-PDF0114-body-L006	114	25	SRC01	body	NALLINO_TRANSLATION	source_text_line	page + manually delimited zone + ordinal source line/object	NOT_ASSERTED	ibi erit punctum orientis aut occidentis, prout fuerit altitudinis tempus antemeridianum vel
AB01-PDF0114-body-L007	114	25	SRC01	body	NALLINO_TRANSLATION	source_text_line	page + manually delimited zone + ordinal source line/object	NOT_ASSERTED	pomeridianum. Ab hoc puncto rectam per centrum transeuntem duc, et alteram ad eam per-
AB01-PDF0114-body-L008	114	25	SRC01	body	NALLINO_TRANSLATION	source_text_line	page + manually delimited zone + ordinal source line/object	NOT_ASSERTED	pendicularem per centrum describens, circulum in quatuor quadrantes divide; in hac recta
AB01-PDF0114-body-L009	114	25	SRC01	body	NALLINO_TRANSLATION	source_text_line	page + manually delimited zone + ordinal source line/object	NOT_ASSERTED	habebis lineam meridianam, et in antecedenti lineam ortus et occasus. Similiter si circulus
AB01-PDF0114-body-L010	114	25	SRC01	body	NALLINO_TRANSLATION	source_text_line	page + manually delimited zone + ordinal source line/object	NOT_ASSERTED	hic, oriente aut occidente Sole, horizontem patentem habuerit, erit punctum ortus aut occa-
AB01-PDF0114-body-L011	114	25	SRC01	body	NALLINO_TRANSLATION	source_text_line	page + manually delimited zone + ordinal source line/object	NOT_ASSERTED	sus notum cognitione azimuth ortus vel occasus Solis in circulo horizontis, quem punctis
AB01-PDF0114-body-L012	114	25	SRC01	body	NALLINO_TRANSLATION	source_text_line	page + manually delimited zone + ordinal source line/object	NOT_ASSERTED	ABCD designavimus.
AB01-PDF0114-body-L013	114	25	SRC01	body	NALLINO_TRANSLATION	source_text_line	page + manually delimited zone + ordinal source line/object	NOT_ASSERTED	Lineam inter ortum et occasum, per quam linea a septentrionibus ad austrum depre-
AB01-PDF0114-body-L014	114	25	SRC01	body	NALLINO_TRANSLATION	source_text_line	page + manually delimited zone + ordinal source line/object	NOT_ASSERTED	henditur, aliter etiam invenire potes, scilicet per cognitionem altitudinis cuius azimuth nullam
AB01-PDF0114-body-L015	114	25	SRC01	body	NALLINO_TRANSLATION	source_text_line	page + manually delimited zone + ordinal source line/object	NOT_ASSERTED	ab ortu vel occasu aequinoctii declinationem habet (1); quae res tantum evenire potest cum
AB01-PDF0114-body-L016	114	25	SRC01	body	NALLINO_TRANSLATION	source_text_line	page + manually delimited zone + ordinal source line/object	NOT_ASSERTED	Sol in signis borealibus, ab initio Arietis ad finem Virginis, sit. Huius altitudinis cognitionem
AB01-PDF0114-body-L017	114	25	SRC01	body	NALLINO_TRANSLATION	source_text_line	page + manually delimited zone + ordinal source line/object	NOT_ASSERTED	hoc modo adipisceris: Solis locum in ecliptica et altitudinem meridianam die constituta depre-
AB01-PDF0114-body-L018	114	25	SRC01	body	NALLINO_TRANSLATION	source_text_line	page + manually delimited zone + ordinal source line/object	NOT_ASSERTED	hende; item altitudinis meridianae sinum et cosinum; denique azimuth ortus aut occasus
AB01-PDF0114-body-L019	114	25	SRC01	body	NALLINO_TRANSLATION	source_text_line	page + manually delimited zone + ordinal source line/object	NOT_ASSERTED	Solis iuxta Solis locum in ecliptica tempore meridiano illius diei. Hoc azimuth semper bore-
AB01-PDF0114-body-L020	114	25	SRC01	body	NALLINO_TRANSLATION	source_text_line	page + manually delimited zone + ordinal source line/object	NOT_ASSERTED	ale est, ut supra diximus (2). Eius sinum in sinum altitudinis [meridianae] multiplica; pro-
AB01-PDF0114-body-L021	114	25	SRC01	body	NALLINO_TRANSLATION	source_text_line	page + manually delimited zone + ordinal source line/object	NOT_ASSERTED	ductum per sinum azimuth una cum cosinu altitudinis collectum divide; quod exibit in arcum
AB01-PDF0114-body-L022	114	25	SRC01	body	NALLINO_TRANSLATION	source_text_line	page + manually delimited zone + ordinal source line/object	NOT_ASSERTED	converte; arcus erit altitudo cuius azimuth declinatione caret (3). Hac altitudine cognita, Solem
AB01-PDF0114-body-L023	114	25	SRC01	body	NALLINO_TRANSLATION	source_text_line	page + manually delimited zone + ordinal source line/object	NOT_ASSERTED	observa donec eius altitudo fiat ut altitudo reperta, et in media umbra stili super circumfe-
AB01-PDF0114-body-L024	114	25	SRC01	body	NALLINO_TRANSLATION	source_text_line	page + manually delimited zone + ordinal source line/object	NOT_ASSERTED	rentiam punctum signa, quod erit punctum orientis aut occidentis, iuxta tempus quo altitudi-
AB01-PDF0114-body-L025	114	25	SRC01	body	NALLINO_TRANSLATION	source_text_line	page + manually delimited zone + ordinal source line/object	NOT_ASSERTED	nem metitus eris. Idemque erit aequinoctii ortus aut occasus. In hoc puncto, duabus rectis
AB01-PDF0114-body-L026	114	25	SRC01	body	NALLINO_TRANSLATION	source_text_line	page + manually delimited zone + ordinal source line/object	NOT_ASSERTED	se in centro circuli ad angulos rectos secantibus, circulum in quatuor quadrantes divide, qui
AB01-PDF0114-body-L027	114	25	SRC01	body	NALLINO_TRANSLATION	source_text_line	page + manually delimited zone + ordinal source line/object	NOT_ASSERTED	horizontis plagas indicabunt.
AB01-PDF0114-body-L028	114	25	SRC01	body	NALLINO_TRANSLATION	source_text_line	page + manually delimited zone + ordinal source line/object	NOT_ASSERTED	Rei exemplum e IV climate praebeamus, ubi altitudo poli 36° 22′, et Sol in initio Can-
AB01-PDF0114-body-L029	114	25	SRC01	body	NALLINO_TRANSLATION	source_text_line	page + manually delimited zone + ordinal source line/object	NOT_ASSERTED	cri sit; erit tunc altitudo meridiana Solis 77° 13′, altitudo autem tempore mediae noctis 30° 3′
AB01-PDF0114-body-L030	114	25	SRC01	body	NALLINO_TRANSLATION	source_text_line	page + manually delimited zone + ordinal source line/object	NOT_ASSERTED	ab horizonte boreali, cum notum sit eam ut altitudinem gradus super Terram sibi oppositi in
AB01-PDF0114-body-L031	114	25	SRC01	body	NALLINO_TRANSLATION	source_text_line	page + manually delimited zone + ordinal source line/object	NOT_ASSERTED	linea medii Caeli esse, quae est 30° 3′. Hoc aliter etiam deprehendimus: altitudinem initii
AB01-PDF0114-body-L032	114	25	SRC01	body	NALLINO_TRANSLATION	source_text_line	page + manually delimited zone + ordinal source line/object	NOT_ASSERTED	Arietis in climate memorato duplicando, et de duplo altitudinem meridianam initii Cancri
AB01-PDF0114-body-L033	114	25	SRC01	body	NALLINO_TRANSLATION	source_text_line	page + manually delimited zone + ordinal source line/object	NOT_ASSERTED	demendo. Manifestum est altitudinem meridianam initii Arietis in eo climate 53° 38′ esse; de
AB01-PDF0114-body-L034	114	25	SRC01	body	NALLINO_TRANSLATION	source_text_line	page + manually delimited zone + ordinal source line/object	NOT_ASSERTED	cuius duplo 107° 16′ si 77° 13′ demantur, remanet eius altitudo in medio Caelo sub Terra
AB01-PDF0114-body-L035	114	25	SRC01	body	NALLINO_TRANSLATION	source_text_line	page + manually delimited zone + ordinal source line/object	NOT_ASSERTED	30° 3′. Et azimuth initii Cancri, cum in hoc climate oritur, videbimus in septentriones versus
AB01-PDF0114-body-L036	114	25	SRC01	body	NALLINO_TRANSLATION	source_text_line	page + manually delimited zone + ordinal source line/object	NOT_ASSERTED	30° 0′ (4) ab ortu Arietis esse.
AB01-PDF0114-body-L037	114	25	SRC01	body	NALLINO_TRANSLATION	source_text_line	page + manually delimited zone + ordinal source line/object	NOT_ASSERTED	Quae cum ita sint, circulum medii Caeli ABK, cuius centrum E, describamus; sit dia-
AB01-PDF0114-body-L038	114	25	SRC01	body	NALLINO_TRANSLATION	source_text_line	page + manually delimited zone + ordinal source line/object	NOT_ASSERTED	metrus BK dimidia pars horizontis, et punctum A zenith. Punctum A cum E iungamus; arcus
AB01-PDF0114-body-L039	114	25	SRC01	body	NALLINO_TRANSLATION	source_text_line	page + manually delimited zone + ordinal source line/object	NOT_ASSERTED	BA erit quadrans circuli inter zenith et horizontem, punctum E locus ascensus initii Arie-
AB01-PDF0114-body-L040	114	25	SRC01	body	NALLINO_TRANSLATION	source_text_line	page + manually delimited zone + ordinal source line/object	NOT_ASSERTED	tis, C locus ascensus initii Cancri, nam est EB dimidia pars australis horizontis, EK dimi-
AB01-PDF0114-notes_left-L001	114	25	SRC01	notes_left	NALLINO_APPARATUS	source_text_line	page + manually delimited zone + ordinal source line/object	NOT_ASSERTED	(1) Est altitudo quae in circulo verticali repe-
AB01-PDF0114-notes_left-L002	114	25	SRC01	notes_left	NALLINO_APPARATUS	source_text_line	page + manually delimited zone + ordinal source line/object	NOT_ASSERTED	ritur, per locum horizontis a quo initium Arietis
AB01-PDF0114-notes_left-L003	114	25	SRC01	notes_left	NALLINO_APPARATUS	source_text_line	page + manually delimited zone + ordinal source line/object	NOT_ASSERTED	ascendit transeunte. Ea al-Battānī utitur ad sciothe-
AB01-PDF0114-notes_left-L004	114	25	SRC01	notes_left	NALLINO_APPARATUS	source_text_line	page + manually delimited zone + ordinal source line/object	NOT_ASSERTED	ricum construendum; vide cap. LVI. — Alii eam ap-
AB01-PDF0114-notes_left-L005	114	25	SRC01	notes_left	NALLINO_APPARATUS	source_text_line	page + manually delimited zone + ordinal source line/object	NOT_ASSERTED	pellant altitudinem quae azimuth non habet.
AB01-PDF0114-notes_right-L001	114	25	SRC01	notes_right	NALLINO_APPARATUS	source_text_line	page + manually delimited zone + ordinal source line/object	NOT_ASSERTED	(2) Cfr. cap. VII, pag. 20.
AB01-PDF0114-notes_right-L002	114	25	SRC01	notes_right	NALLINO_APPARATUS	source_text_line	page + manually delimited zone + ordinal source line/object	NOT_ASSERTED	(3) Demonstratio geometrica parum infra repe-
AB01-PDF0114-notes_right-L003	114	25	SRC01	notes_right	NALLINO_APPARATUS	source_text_line	page + manually delimited zone + ordinal source line/object	NOT_ASSERTED	ritur.
AB01-PDF0114-notes_right-L004	114	25	SRC01	notes_right	NALLINO_APPARATUS	source_text_line	page + manually delimited zone + ordinal source line/object	NOT_ASSERTED	(4) Plato ut recepi; codex 30° 3′. Cfr. finem
AB01-PDF0114-notes_right-L005	114	25	SRC01	notes_right	NALLINO_APPARATUS	source_text_line	page + manually delimited zone + ordinal source line/object	NOT_ASSERTED	capitis.
AB01-PDF0114-margins-L001	114	25	SRC01	margins	NALLINO_APPARATUS	source_marginal_register	page + manually delimited zone + ordinal source line/object	NOT_ASSERTED	p. 37.
AB01-PDF0114-margins-L002	114	25	SRC01	margins	NALLINO_APPARATUS	source_marginal_register	page + manually delimited zone + ordinal source line/object	NOT_ASSERTED	5; 10; 15; 20; 25; 30; 35; 40
AB01-PDF0114-margins-L003	114	25	SRC01	margins	NALLINO_APPARATUS	source_marginal_register	page + manually delimited zone + ordinal source line/object	NOT_ASSERTED	Signature: 4
AB01-PDF0115-body-L001	115	26	SRC01	body	NALLINO_TRANSLATION	source_text_line	page + manually delimited zone + ordinal source line/object	NOT_ASSERTED	dia pars borealis, et EA linea quadrantis circuli qui per zenith loci et punctum ascensionis
AB01-PDF0115-body-L002	115	26	SRC01	body	NALLINO_TRANSLATION	source_text_line	page + manually delimited zone + ordinal source line/object	NOT_ASSERTED	initii Arietis transit. Punctum initii Cancri in circulo meridiano littera F signemus; arcus BF
AB01-PDF0115-body-L003	115	26	SRC01	body	NALLINO_TRANSLATION	source_text_line	page + manually delimited zone + ordinal source line/object	NOT_ASSERTED	erit altitudo meridiana Solis, et arcus FA distantia zenithalis Solis, idest altitudinis comple-
AB01-PDF0115-body-L004	115	26	SRC01	body	NALLINO_TRANSLATION	source_text_line	page + manually delimited zone + ordinal source line/object	NOT_ASSERTED	mentum. Super altitudinem Solis tempore mediae noctis punctum H notemus; arcus HK erit
AB01-PDF0115-body-L005	115	26	SRC01	body	NALLINO_TRANSLATION	source_text_line	page + manually delimited zone + ordinal source line/object	NOT_ASSERTED	arcus altitudinis mediae noctis sub Terra. Rectam HF transeuntem per punctum C, cum quo
AB01-PDF0115-body-L006	115	26	SRC01	body	NALLINO_TRANSLATION	source_text_line	page + manually delimited zone + ordinal source line/object	NOT_ASSERTED	initium Cancri ascendit, ducamus; punctum M, lineis HF et EA commune, est locus quo Sol,
AB01-PDF0115-body-L007	115	26	SRC01	body	NALLINO_TRANSLATION	source_text_line	page + manually delimited zone + ordinal source line/object	NOT_ASSERTED	cum ad eum pervenerit, super azimuth E erit, a quo initium Arietis ascendit; Sol tunc ab
AB01-PDF0115-body-L008	115	26	SRC01	body	NALLINO_TRANSLATION	source_text_line	page + manually delimited zone + ordinal source line/object	NOT_ASSERTED	azimuth ascensus aequinoctii non declinabit, nam linea a zenith loci ducta per locum M Solis
AB01-PDF0115-body-L009	115	26	SRC01	body	NALLINO_TRANSLATION	source_text_line	page + manually delimited zone + ordinal source line/object	NOT_ASSERTED	et per punctum E horizontis transit.
AB01-PDF0115-body-L010	115	26	SRC01	body	NALLINO_TRANSLATION	source_text_line	page + manually delimited zone + ordinal source line/object	NOT_ASSERTED	Manifestum est in hac figura lineam [E]C esse lineam azimuth ortus initii Cancri, scilicet
AB01-PDF0115-body-L011	115	26	SRC01	body	NALLINO_TRANSLATION	source_text_line	page + manually delimited zone + ordinal source line/object	NOT_ASSERTED	sinum azimuth. A puncto F lineam FG perpendicularem ad EB et lineae EA parallelam
AB01-PDF0115-body-L012	115	26	SRC01	body	NALLINO_TRANSLATION	source_text_line	page + manually delimited zone + ordinal source line/object	NOT_ASSERTED	ducamus; erit ipsa sinus altitudinis meridianae, quapropter remanebit GE sinus arcus FA,
AB01-PDF0115-body-L013	115	26	SRC01	body	NALLINO_TRANSLATION	source_text_line	page + manually delimited zone + ordinal source line/object	NOT_ASSERTED	qui est complementum altitudinis.
AB01-PDF0115-body-L014	115	26	SRC01	body	NALLINO_TRANSLATION	source_object	page + manually delimited zone + ordinal source line/object	NOT_ASSERTED	<figureleft>AB01-PDF0115-F01</figureleft>
AB01-PDF0115-body-L015	115	26	SRC01	body	NALLINO_TRANSLATION	source_text_line	page + manually delimited zone + ordinal source line/object	NOT_ASSERTED	Nunc quid sit linea EM, quae est sinus
AB01-PDF0115-body-L016	115	26	SRC01	body	NALLINO_TRANSLATION	source_text_line	page + manually delimited zone + ordinal source line/object	NOT_ASSERTED	altitudinis cuius azimuth declinatione caret,
AB01-PDF0115-body-L017	115	26	SRC01	body	NALLINO_TRANSLATION	source_text_line	page + manually delimited zone + ordinal source line/object	NOT_ASSERTED	scire volumus. Linea EM est aequalis lineae
AB01-PDF0115-body-L018	115	26	SRC01	body	NALLINO_TRANSLATION	source_text_line	page + manually delimited zone + ordinal source line/object	NOT_ASSERTED	perpendiculari DL, quam patet sinum esse ar-
AB01-PDF0115-body-L019	115	26	SRC01	body	NALLINO_TRANSLATION	source_text_line	page + manually delimited zone + ordinal source line/object	NOT_ASSERTED	cus BD, scilicet altitudinis quaesitae; circulus
AB01-PDF0115-body-L020	115	26	SRC01	body	NALLINO_TRANSLATION	source_text_line	page + manually delimited zone + ordinal source line/object	NOT_ASSERTED	enim ABK per zenith loci et punctum initii
AB01-PDF0115-body-L021	115	26	SRC01	body	NALLINO_TRANSLATION	source_text_line	page + manually delimited zone + ordinal source line/object	NOT_ASSERTED	Cancri transit. Cum triangulum rectangulum
AB01-PDF0115-body-L022	115	26	SRC01	body	NALLINO_TRANSLATION	source_text_line	page + manually delimited zone + ordinal source line/object	NOT_ASSERTED	FGC latera nota habeat, et simile sit parvo
AB01-PDF0115-body-L023	115	26	SRC01	body	NALLINO_TRANSLATION	source_text_line	page + manually delimited zone + ordinal source line/object	NOT_ASSERTED	triangulo MEC, — nam angulus MEC aequalis
AB01-PDF0115-body-L024	115	26	SRC01	body	NALLINO_TRANSLATION	source_text_line	page + manually delimited zone + ordinal source line/object	NOT_ASSERTED	est FGE, angulus CME aequalis GFC, angulus
AB01-PDF0115-body-L025	115	26	SRC01	body	NALLINO_TRANSLATION	source_text_line	page + manually delimited zone + ordinal source line/object	NOT_ASSERTED	denique GCF ambobus triangulis est commu-
AB01-PDF0115-body-L026	115	26	SRC01	body	NALLINO_TRANSLATION	source_text_line	page + manually delimited zone + ordinal source line/object	NOT_ASSERTED	nis, — ratio lineae FG ad GC est sicut ME
AB01-PDF0115-body-L027	115	26	SRC01	body	NALLINO_TRANSLATION	source_text_line	page + manually delimited zone + ordinal source line/object	NOT_ASSERTED	ad EC, et ratio EC ad CG ut EM ad GF atque
AB01-PDF0115-body-L028	115	26	SRC01	body	NALLINO_TRANSLATION	source_text_line	page + manually delimited zone + ordinal source line/object	NOT_ASSERTED	ut CM ad CF (1). Si de linea GF ratio CM ad
AB01-PDF0115-body-L029	115	26	SRC01	body	NALLINO_TRANSLATION	layout_control	page + manually delimited zone + ordinal source line/object	NOT_ASSERTED	<endfigureleft/>
AB01-PDF0115-body-L030	115	26	SRC01	body	NALLINO_TRANSLATION	source_text_line	page + manually delimited zone + ordinal source line/object	NOT_ASSERTED	CF (2) dematur, remanet ratio EM ad GF; similiter de GF quantitas CE lineae CG sumatur,
AB01-PDF0115-body-L031	115	26	SRC01	body	NALLINO_TRANSLATION	source_text_line	page + manually delimited zone + ordinal source line/object	NOT_ASSERTED	proveniet ratio EM ad GF <i>(b)</i>.
AB01-PDF0115-body-L032	115	26	SRC01	body	NALLINO_TRANSLATION	source_text_line	page + manually delimited zone + ordinal source line/object	NOT_ASSERTED	Numeris haec ita indicamus: Lineam EC, quam <m>30^p</m> esse patuit, in lineam GF, quae
AB01-PDF0115-body-L033	115	26	SRC01	body	NALLINO_TRANSLATION	source_text_line	page + manually delimited zone + ordinal source line/object	NOT_ASSERTED	<m>58^p\thinspace31′</m> complectitur et sinus est arcus BF, multiplica; exibunt <m>1755^p\thinspace30′</m> (3). Linea GE,
AB01-PDF0115-body-L034	115	26	SRC01	body	NALLINO_TRANSLATION	source_text_line	page + manually delimited zone + ordinal source line/object	NOT_ASSERTED	quae est cosinus altitudinis, <m>13^p\thinspace17′</m> complectitur (4); quamobrem summa linearum EC et EG,
AB01-PDF0115-body-L035	115	26	SRC01	body	NALLINO_TRANSLATION	source_text_line	page + manually delimited zone + ordinal source line/object	NOT_ASSERTED	scilicet tota GC, <m>43^p\thinspace17′</m> continet. Si igitur illos [<m>1755^p\thinspace30′</m>] per lineam GC diviserimus, exi-
AB01-PDF0115-body-L036	115	26	SRC01	body	NALLINO_TRANSLATION	source_text_line	page + manually delimited zone + ordinal source line/object	NOT_ASSERTED	bunt <m>40^p\thinspace33′</m> (5), quae est quantitas lineae EM quaesitae, lineae DL aequalis; arcus igitur
AB01-PDF0115-body-L037	115	26	SRC01	body	NALLINO_TRANSLATION	source_text_line	page + manually delimited zone + ordinal source line/object	NOT_ASSERTED	DB, qui est altitudo cuius azimuth declinatione caret, 42° 32′ complectitur. Quod, Deo volente,
AB01-PDF0115-body-L038	115	26	SRC01	body	NALLINO_TRANSLATION	source_text_line	page + manually delimited zone + ordinal source line/object	NOT_ASSERTED	inveniendum erat.
AB01-PDF0115-notes_left-L001	115	26	SRC01	notes_left	NALLINO_APPARATUS	source_text_line	page + manually delimited zone + ordinal source line/object	NOT_ASSERTED	(1) Quae sequuntur usque ad « EM ad GF » de-
AB01-PDF0115-notes_left-L002	115	26	SRC01	notes_left	NALLINO_APPARATUS	source_text_line	page + manually delimited zone + ordinal source line/object	NOT_ASSERTED	sunt apud Platonem.
AB01-PDF0115-notes_left-L003	115	26	SRC01	notes_left	NALLINO_APPARATUS	source_text_line	page + manually delimited zone + ordinal source line/object	NOT_ASSERTED	(2) Codex: « GC ad CM ».
AB01-PDF0115-notes_left-L004	115	26	SRC01	notes_left	NALLINO_APPARATUS	source_text_line	page + manually delimited zone + ordinal source line/object	NOT_ASSERTED	(3) Partes in codice 1750.
AB01-PDF0115-notes_right-L001	115	26	SRC01	notes_right	NALLINO_APPARATUS	source_text_line	page + manually delimited zone + ordinal source line/object	NOT_ASSERTED	(4) Plato addit: « eo quod est chorda arcus FA ».
AB01-PDF0115-notes_right-L002	115	26	SRC01	notes_right	NALLINO_APPARATUS	source_text_line	page + manually delimited zone + ordinal source line/object	NOT_ASSERTED	(5) <m>\text{EM}=\frac{30^p\times58^p31′}{43^p17′}=\frac{1755^p30′}{43^p17′}=\frac{105330′}{2597′}</m>
AB01-PDF0115-notes_right-L003	115	26	SRC01	notes_right	NALLINO_APPARATUS	source_text_line	page + manually delimited zone + ordinal source line/object	NOT_ASSERTED	<m>=40^p33′29″.</m>
AB01-PDF0115-margins-L001	115	26	SRC01	margins	NALLINO_APPARATUS	source_marginal_register	page + manually delimited zone + ordinal source line/object	NOT_ASSERTED	p. 38.
AB01-PDF0115-margins-L002	115	26	SRC01	margins	NALLINO_APPARATUS	source_marginal_register	page + manually delimited zone + ordinal source line/object	NOT_ASSERTED	5; 10; 15; 20; 25; 30; 35
AB01-PDF0116-body-L001	116	27	SRC01	body	NALLINO_TRANSLATION	source_text_line	page + manually delimited zone + ordinal source line/object	NOT_ASSERTED	<center>CAPUT XIII.</center>
AB01-PDF0116-body-L002	116	27	SRC01	body	NALLINO_TRANSLATION	source_text_line	page + manually delimited zone + ordinal source line/object	NOT_ASSERTED	<center>De cognoscendis ascensionibus signorum quocumque loco per calculum</center>
AB01-PDF0116-body-L003	116	27	SRC01	body	NALLINO_TRANSLATION	source_text_line	page + manually delimited zone + ordinal source line/object	NOT_ASSERTED	<center>et per tabulas; nec non de aliis operationibus quae per eas fiunt.</center>
AB01-PDF0116-body-L004	116	27	SRC01	body	NALLINO_TRANSLATION	source_text_line	page + manually delimited zone + ordinal source line/object	NOT_ASSERTED	Dicit [auctor]: Signorum ascensiones in circulo aequinoctiali iam supra memoravimus
AB01-PDF0116-body-L005	116	27	SRC01	body	NALLINO_TRANSLATION	source_text_line	page + manually delimited zone + ordinal source line/object	NOT_ASSERTED	[cap. V]; illic signa per medium Caelum et per horizontem transeunt eadem temporum aequi-
AB01-PDF0116-body-L006	116	27	SRC01	body	NALLINO_TRANSLATION	source_text_line	page + manually delimited zone + ordinal source line/object	NOT_ASSERTED	noctialium quantitate, qua per medium Caelum omnibus locis Terrae pariter transeunt. Sed
AB01-PDF0116-body-L007	116	27	SRC01	body	NALLINO_TRANSLATION	source_text_line	page + manually delimited zone + ordinal source line/object	NOT_ASSERTED	in locis a circulo aequinoctiali versus septentriones declivibus, ascensiones in variis horizonti-
AB01-PDF0116-body-L008	116	27	SRC01	body	NALLINO_TRANSLATION	source_text_line	page + manually delimited zone + ordinal source line/object	NOT_ASSERTED	bus inter se differunt; nam in locis latitudine praeditis, scilicet ab aequatore declinantibus,
AB01-PDF0116-body-L009	116	27	SRC01	body	NALLINO_TRANSLATION	source_text_line	page + manually delimited zone + ordinal source line/object	NOT_ASSERTED	ascensiones signorum variant, et maiores aut minores ascensionibus in medio Caelo, idest in
AB01-PDF0116-body-L010	116	27	SRC01	body	NALLINO_TRANSLATION	source_text_line	page + manually delimited zone + ordinal source line/object	NOT_ASSERTED	sphaera recta, fiunt. Si igitur aliquo loco signum maxima sua ascensione recta ascendit, nadir
AB01-PDF0116-body-L011	116	27	SRC01	body	NALLINO_TRANSLATION	source_text_line	page + manually delimited zone + ordinal source line/object	NOT_ASSERTED	illius signi eodem loco minima ascensione recta ascendit; ita ut quocumque loco occasus signi
AB01-PDF0116-body-L012	116	27	SRC01	body	NALLINO_TRANSLATION	source_text_line	page + manually delimited zone + ordinal source line/object	NOT_ASSERTED	fiat eadem quantitate qua eius nadir oritur.
AB01-PDF0116-body-L013	116	27	SRC01	body	NALLINO_TRANSLATION	source_text_line	page + manually delimited zone + ordinal source line/object	NOT_ASSERTED	Si arcum circuli aequinoctialis, cum datis eclipticae gradibus aliquo loco ascendentem,
AB01-PDF0116-body-L014	116	27	SRC01	body	NALLINO_TRANSLATION	source_text_line	page + manually delimited zone + ordinal source line/object	NOT_ASSERTED	scire vis, ascensiones rectas eclipticae ab initio Arietis ad gradum datum sume, earumque
AB01-PDF0116-body-L015	116	27	SRC01	body	NALLINO_TRANSLATION	source_text_line	page + manually delimited zone + ordinal source line/object	NOT_ASSERTED	sinum in sinum dimidii incrementi longissimi diei eo loco multiplica; productum per semidia-
AB01-PDF0116-body-L016	116	27	SRC01	body	NALLINO_TRANSLATION	source_text_line	page + manually delimited zone + ordinal source line/object	NOT_ASSERTED	metrum divide, et quod exibit in arcum converte; arcus est argumentum diversitatis diei in
AB01-PDF0116-body-L017	116	27	SRC01	body	NALLINO_TRANSLATION	source_text_line	page + manually delimited zone + ordinal source line/object	NOT_ASSERTED	quadrante, ab initio Arietis ad datum gradum. Hoc aliter etiam cognoscere potes: sinum
AB01-PDF0116-body-L018	116	27	SRC01	body	NALLINO_TRANSLATION	source_text_line	page + manually delimited zone + ordinal source line/object	NOT_ASSERTED	latitudinis loci in sinum declinationis gradus multiplica; productum per cosinum latitudinis
AB01-PDF0116-body-L019	116	27	SRC01	body	NALLINO_TRANSLATION	source_text_line	page + manually delimited zone + ordinal source line/object	NOT_ASSERTED	loci divide, postea in semidiametrum multiplica et per cosinum declinationis gradus divide;
AB01-PDF0116-body-L020	116	27	SRC01	body	NALLINO_TRANSLATION	source_text_line	page + manually delimited zone + ordinal source line/object	NOT_ASSERTED	quod exibit in arcum converte: arcus est diversitas diei in quadrante circuli <i>(a)</i>. — Hoc
AB01-PDF0116-body-L021	116	27	SRC01	body	NALLINO_TRANSLATION	source_text_line	page + manually delimited zone + ordinal source line/object	NOT_ASSERTED	argumentum de temporibus rectarum ascensionum ab initio Arietis ad gradum datum deme,
AB01-PDF0116-body-L022	116	27	SRC01	body	NALLINO_TRANSLATION	source_text_line	page + manually delimited zone + ordinal source line/object	NOT_ASSERTED	si declinatio gradus est borealis; vel temporibus illis adde, si declinatio est australis. Exibunt
AB01-PDF0116-body-L023	116	27	SRC01	body	NALLINO_TRANSLATION	source_text_line	page + manually delimited zone + ordinal source line/object	NOT_ASSERTED	ascensiones ab initio Arietis ad gradum datum, eo Terrae loco. — Scias autem ascensiones
AB01-PDF0116-body-L024	116	27	SRC01	body	NALLINO_TRANSLATION	source_text_line	page + manually delimited zone + ordinal source line/object	NOT_ASSERTED	Piscium ut Arietis esse, Virginis ut Librae, Aquarii ut Tauri, Capricorni ut Geminorum, Sagit-
AB01-PDF0116-body-L025	116	27	SRC01	body	NALLINO_TRANSLATION	source_text_line	page + manually delimited zone + ordinal source line/object	NOT_ASSERTED	tarii ut Cancri, Leonis ut Scorpii; qua re ad ascensiones omnes cognoscendas, sufficit eas de-
AB01-PDF0116-body-L026	116	27	SRC01	body	NALLINO_TRANSLATION	source_text_line	page + manually delimited zone + ordinal source line/object	NOT_ASSERTED	prehendere quae sunt gradibus inter initium Arietis et initium Cancri, scilicet ab 1° ad 90°.
AB01-PDF0116-body-L027	116	27	SRC01	body	NALLINO_TRANSLATION	source_text_line	page + manually delimited zone + ordinal source line/object	NOT_ASSERTED	Si ascensiones graduum singulorum aut collectorum in tabula describere cupis, portio-
AB01-PDF0116-body-L028	116	27	SRC01	body	NALLINO_TRANSLATION	source_text_line	page + manually delimited zone + ordinal source line/object	NOT_ASSERTED	nem diversitatis diei unius gradus, duorum, trium, quatuor et ceterorum usque ad 90° depre-
AB01-PDF0116-body-L029	116	27	SRC01	body	NALLINO_TRANSLATION	source_text_line	page + manually delimited zone + ordinal source line/object	NOT_ASSERTED	hende, ita ut diversitatem totius quadrantis cognoscas; quo facto ascensiones rectas primi
AB01-PDF0116-body-L030	116	27	SRC01	body	NALLINO_TRANSLATION	source_text_line	page + manually delimited zone + ordinal source line/object	NOT_ASSERTED	gradus Arietis sume et duobus locis scribe; deinde portionem [e diversitate] gradus de altero
AB01-PDF0116-body-L031	116	27	SRC01	body	NALLINO_TRANSLATION	source_text_line	page + manually delimited zone + ordinal source line/object	NOT_ASSERTED	loco deme et alteri loco adde; numerus deminutus indicat ascensiones primi gradus Arietis, au-
AB01-PDF0116-body-L032	116	27	SRC01	body	NALLINO_TRANSLATION	source_text_line	page + manually delimited zone + ordinal source line/object	NOT_ASSERTED	ctus ascensiones primi gradus Librae. Eum adde 180 gradibus, et habebis ascensiones ab initio
AB01-PDF0116-body-L033	116	27	SRC01	body	NALLINO_TRANSLATION	source_text_line	page + manually delimited zone + ordinal source line/object	NOT_ASSERTED	Arietis ad initium Librae; aut de 180° (1) deme, et habebis ascensiones ab initio Arietis ad
AB01-PDF0116-body-L034	116	27	SRC01	body	NALLINO_TRANSLATION	source_text_line	page + manually delimited zone + ordinal source line/object	NOT_ASSERTED	29° Virginis. Similiter ascensiones gradus Arietis de 360° deme; remanebunt ascensiones ab
AB01-PDF0116-body-L035	116	27	SRC01	body	NALLINO_TRANSLATION	source_text_line	page + manually delimited zone + ordinal source line/object	NOT_ASSERTED	Arietis initio ad 29° (2) Piscium. Idem fac cum portione [diversitatis] duorum graduum, trium,
AB01-PDF0116-body-L036	116	27	SRC01	body	NALLINO_TRANSLATION	source_text_line	page + manually delimited zone + ordinal source line/object	NOT_ASSERTED	quatuor et ceterorum usque ad 90°, ita ut, Deo volente, totum circulum dato graduum inter-
AB01-PDF0116-body-L037	116	27	SRC01	body	NALLINO_TRANSLATION	source_text_line	page + manually delimited zone + ordinal source line/object	NOT_ASSERTED	vallo dividas.
AB01-PDF0116-body-L038	116	27	SRC01	body	NALLINO_TRANSLATION	source_text_line	page + manually delimited zone + ordinal source line/object	NOT_ASSERTED	Nos ascensiones signorum in urbe ar-Raqqah cum intervallo unius gradus descripsimus;
AB01-PDF0116-body-L039	116	27	SRC01	body	NALLINO_TRANSLATION	source_text_line	page + manually delimited zone + ordinal source line/object	NOT_ASSERTED	in reliquis climatibus ad decades graduum, ob parvam differentiam quae inter ascensiones eo
AB01-PDF0116-body-L040	116	27	SRC01	body	NALLINO_TRANSLATION	source_text_line	page + manually delimited zone + ordinal source line/object	NOT_ASSERTED	intervallo descriptas habetur. In ascensionum tabulis, incrementa diei cum intervallo quartae
AB01-PDF0116-notes_left-L001	116	27	SRC01	notes_left	NALLINO_APPARATUS	source_text_line	page + manually delimited zone + ordinal source line/object	NOT_ASSERTED	(1) Codex 360°.
AB01-PDF0116-notes_right-L001	116	27	SRC01	notes_right	NALLINO_APPARATUS	source_text_line	page + manually delimited zone + ordinal source line/object	NOT_ASSERTED	(2) Plato 59.
AB01-PDF0116-margins-L001	116	27	SRC01	margins	NALLINO_APPARATUS	source_marginal_register	page + manually delimited zone + ordinal source line/object	NOT_ASSERTED	p. 39.
AB01-PDF0116-margins-L002	116	27	SRC01	margins	NALLINO_APPARATUS	source_marginal_register	page + manually delimited zone + ordinal source line/object	NOT_ASSERTED	p. 40.
AB01-PDF0116-margins-L003	116	27	SRC01	margins	NALLINO_APPARATUS	source_marginal_register	page + manually delimited zone + ordinal source line/object	NOT_ASSERTED	5; 10; 15; 20; 25; 30; 35; 40
AB01-PDF0117-body-L001	117	28	SRC01	body	NALLINO_TRANSLATION	source_text_line	page + manually delimited zone + ordinal source line/object	NOT_ASSERTED	partis unius horae aequinoctialis posuimus, ut ascensiones quae nobis opus sunt melius et ve-
AB01-PDF0117-body-L002	117	28	SRC01	body	NALLINO_TRANSLATION	source_text_line	page + manually delimited zone + ordinal source line/object	NOT_ASSERTED	rius cognoscantur quam ex ascensionibus cum intervallo dimidiae horae descriptis (1).
AB01-PDF0117-body-L003	117	28	SRC01	body	NALLINO_TRANSLATION	source_text_line	page + manually delimited zone + ordinal source line/object	NOT_ASSERTED	Si in tabulis ascensiones cuiuslibet gradus reperire vis, gradum illum in columna nume-
AB01-PDF0117-body-L004	117	28	SRC01	body	NALLINO_TRANSLATION	source_text_line	page + manually delimited zone + ordinal source line/object	NOT_ASSERTED	rorum singulorum in tabula ascensionum dati climatis quaere, aut in tabula ascensionum re-
AB01-PDF0117-body-L005	117	28	SRC01	body	NALLINO_TRANSLATION	source_text_line	page + manually delimited zone + ordinal source line/object	NOT_ASSERTED	ctarum; quod ei respondet in columna temporum ascensionalium, indicat ascensiones ab initio
AB01-PDF0117-body-L006	117	28	SRC01	body	NALLINO_TRANSLATION	source_text_line	page + manually delimited zone + ordinal source line/object	NOT_ASSERTED	Arietis ad gradum datum, si ascensiones climatis adhibuisti, aut ascensiones ab initio Capri-
AB01-PDF0117-body-L007	117	28	SRC01	body	NALLINO_TRANSLATION	source_text_line	page + manually delimited zone + ordinal source line/object	NOT_ASSERTED	corni ad eum gradum, si ascensionibus rectis usus es (2). Si una cum gradibus etiam minuta
AB01-PDF0117-body-L008	117	28	SRC01	body	NALLINO_TRANSLATION	source_text_line	page + manually delimited zone + ordinal source line/object	NOT_ASSERTED	habes, quanta pars e 60 sint, si numeri cum intervallo unius gradus sunt descripti, vide;
AB01-PDF0117-body-L009	117	28	SRC01	body	NALLINO_TRANSLATION	source_text_line	page + manually delimited zone + ordinal source line/object	NOT_ASSERTED	partem proportionalem e differentia inter ascensiones illas et ascensiones in tabula proxime
AB01-PDF0117-body-L010	117	28	SRC01	body	NALLINO_TRANSLATION	source_text_line	page + manually delimited zone + ordinal source line/object	NOT_ASSERTED	superiores sume, et ascensionibus gradus integrorum adde. Si gradus autem per decades distri-
AB01-PDF0117-body-L011	117	28	SRC01	body	NALLINO_TRANSLATION	source_text_line	page + manually delimited zone + ordinal source line/object	NOT_ASSERTED	buti sunt, quanta pars unius decadis sint gradus minutaque redundantia vide; partem pro-
AB01-PDF0117-body-L012	117	28	SRC01	body	NALLINO_TRANSLATION	source_text_line	page + manually delimited zone + ordinal source line/object	NOT_ASSERTED	portionalem e differentia inter ascensiones decadum datarum et decadis statim superioris sume,
AB01-PDF0117-body-L013	117	28	SRC01	body	NALLINO_TRANSLATION	source_text_line	page + manually delimited zone + ordinal source line/object	NOT_ASSERTED	atque ascensionibus decadum integrarum adde.
AB01-PDF0117-body-L014	117	28	SRC01	body	NALLINO_TRANSLATION	source_text_line	page + manually delimited zone + ordinal source line/object	NOT_ASSERTED	Si ab ascensionibus cupis gradus signorum cognoscere, — idque appellatur ascensionum
AB01-PDF0117-body-L015	117	28	SRC01	body	NALLINO_TRANSLATION	source_text_line	page + manually delimited zone + ordinal source line/object	NOT_ASSERTED	arcuatio et conversio ad gradus aequalitatis (3), qui sunt ipsi gradus signorum, — in tabula
AB01-PDF0117-body-L016	117	28	SRC01	body	NALLINO_TRANSLATION	source_text_line	page + manually delimited zone + ordinal source line/object	NOT_ASSERTED	ascensionum rectarum aut obliquarum tempora ascensionalia data, vel tempora iis quam
AB01-PDF0117-body-L017	117	28	SRC01	body	NALLINO_TRANSLATION	source_text_line	page + manually delimited zone + ordinal source line/object	NOT_ASSERTED	maxime proxima sed minora quaere, et gradus iis in columna numerorum respondentes sume.
AB01-PDF0117-body-L018	117	28	SRC01	body	NALLINO_TRANSLATION	source_text_line	page + manually delimited zone + ordinal source line/object	NOT_ASSERTED	Postea tempora in tabula reperta de temporibus datis deme; residuum in 60 minuta mul-
AB01-PDF0117-body-L019	117	28	SRC01	body	NALLINO_TRANSLATION	source_text_line	page + manually delimited zone + ordinal source line/object	NOT_ASSERTED	tiplica, si numeri graduum cum intervallo unius gradus sunt descripti, aut in 600 minuta, si
AB01-PDF0117-body-L020	117	28	SRC01	body	NALLINO_TRANSLATION	source_text_line	page + manually delimited zone + ordinal source line/object	NOT_ASSERTED	numeri sunt ad decades; productum per differentiam inter ascensiones inventas et ascensiones
AB01-PDF0117-body-L021	117	28	SRC01	body	NALLINO_TRANSLATION	source_text_line	page + manually delimited zone + ordinal source line/object	NOT_ASSERTED	in tabula eas statim sequentes divide; gradus et minuta quae exibunt gradibus iam inventis
AB01-PDF0117-body-L022	117	28	SRC01	body	NALLINO_TRANSLATION	source_text_line	page + manually delimited zone + ordinal source line/object	NOT_ASSERTED	adde; et iuxta id per quod operatus eris habebis tunc quantitatem illius signi ascendentem
AB01-PDF0117-body-L023	117	28	SRC01	body	NALLINO_TRANSLATION	source_text_line	page + manually delimited zone + ordinal source line/object	NOT_ASSERTED	aut culminantem. — Vel, si mavis, residuum inventum vide quanta pars ex differentia ascen-
AB01-PDF0117-body-L024	117	28	SRC01	body	NALLINO_TRANSLATION	source_text_line	page + manually delimited zone + ordinal source line/object	NOT_ASSERTED	sionum sit; partem proportionalem ex intervallo numerorum sume, atque gradibus iam
AB01-PDF0117-body-L025	117	28	SRC01	body	NALLINO_TRANSLATION	source_text_line	page + manually delimited zone + ordinal source line/object	NOT_ASSERTED	repertis adde.
AB01-PDF0117-body-L026	117	28	SRC01	body	NALLINO_TRANSLATION	source_text_line	page + manually delimited zone + ordinal source line/object	NOT_ASSERTED	Si per tabulas scire vis arcum diurnum et nocturnum, scilicet quantitatem circuli aequi-
AB01-PDF0117-body-L027	117	28	SRC01	body	NALLINO_TRANSLATION	source_text_line	page + manually delimited zone + ordinal source line/object	NOT_ASSERTED	noctialis ab ortu ad occasum Solis vel ab occasu ad crastinum ortum ascendentem, die data
AB01-PDF0117-body-L028	117	28	SRC01	body	NALLINO_TRANSLATION	source_text_line	page + manually delimited zone + ordinal source line/object	NOT_ASSERTED	gradum Solis inveni; tempora ascensionum ei respondentia sume in climate, quod latitudini
AB01-PDF0117-body-L029	117	28	SRC01	body	NALLINO_TRANSLATION	source_text_line	page + manually delimited zone + ordinal source line/object	NOT_ASSERTED	tuae urbis aequale vel saltem quam maxime vicinum est; ea tempora de ascensionibus illius
AB01-PDF0117-body-L030	117	28	SRC01	body	NALLINO_TRANSLATION	source_text_line	page + manually delimited zone + ordinal source line/object	NOT_ASSERTED	climatis, gradui respondentibus qui gradui Solis oppositus est, deme; residuum est arcus diur-
AB01-PDF0117-body-L031	117	28	SRC01	body	NALLINO_TRANSLATION	source_text_line	page + manually delimited zone + ordinal source line/object	NOT_ASSERTED	nus. Si ascensiones gradus Solis maiores sunt ascensionibus gradus oppositi, 360° adde ascen-
AB01-PDF0117-body-L032	117	28	SRC01	body	NALLINO_TRANSLATION	source_text_line	page + manually delimited zone + ordinal source line/object	NOT_ASSERTED	sionibus nadir, et de summa ascensiones Solis deme; residuum erit arcus diurnus. Arcum
AB01-PDF0117-body-L033	117	28	SRC01	body	NALLINO_TRANSLATION	source_text_line	page + manually delimited zone + ordinal source line/object	NOT_ASSERTED	nocturnum habebis de 360° arcum diurnum demendo.
AB01-PDF0117-body-L034	117	28	SRC01	body	NALLINO_TRANSLATION	source_text_line	page + manually delimited zone + ordinal source line/object	NOT_ASSERTED	Si aliter arcum diurnum cognoscere vis, tempora ascensionum obliquarum et ascensionum
AB01-PDF0117-body-L035	117	28	SRC01	body	NALLINO_TRANSLATION	source_text_line	page + manually delimited zone + ordinal source line/object	NOT_ASSERTED	rectarum gradus Solis accipe, postquam de iis 90 gradus detracti sunt, ut ab Arietis initio
AB01-PDF0117-body-L036	117	28	SRC01	body	NALLINO_TRANSLATION	source_text_line	page + manually delimited zone + ordinal source line/object	NOT_ASSERTED	incipiant; differentiam inter ea inveni, quam, si tempora ascensionalia climatis maiora [ascen-
AB01-PDF0117-body-L037	117	28	SRC01	body	NALLINO_TRANSLATION	source_text_line	page + manually delimited zone + ordinal source line/object	NOT_ASSERTED	sionibus rectis] sunt, de 90° deme, at si minora, 90 gradibus adde. Exibit arcus semidiurnus,
AB01-PDF0117-body-L038	117	28	SRC01	body	NALLINO_TRANSLATION	source_text_line	page + manually delimited zone + ordinal source line/object	NOT_ASSERTED	qui duplicatus arcum diurnum efficit. Hanc differentiam ascensionalem scias portionem esse
AB01-PDF0117-body-L039	117	28	SRC01	body	NALLINO_TRANSLATION	source_text_line	page + manually delimited zone + ordinal source line/object	NOT_ASSERTED	diversitatis diei quae ad gradum Solis pertinet; eam, si gradus Solis in signis borealibus est,
AB01-PDF0117-notes_left-L001	117	28	SRC01	notes_left	NALLINO_APPARATUS	source_text_line	page + manually delimited zone + ordinal source line/object	NOT_ASSERTED	(1) Tabulae sunt in fol. 181,v. et seqq.
AB01-PDF0117-notes_left-L002	117	28	SRC01	notes_left	NALLINO_APPARATUS	source_text_line	page + manually delimited zone + ordinal source line/object	NOT_ASSERTED	(2) Ascensionum rectarum initium in primo
AB01-PDF0117-notes_left-L003	117	28	SRC01	notes_left	NALLINO_APPARATUS	source_text_line	page + manually delimited zone + ordinal source line/object	NOT_ASSERTED	puncto Capricorni auctor ponit; cfr. cap. V, pag. 14.
AB01-PDF0117-notes_left-L004	117	28	SRC01	notes_left	NALLINO_APPARATUS	source_text_line	page + manually delimited zone + ordinal source line/object	NOT_ASSERTED	(3) Si circulus declinationis eclipticam et aequa-
AB01-PDF0117-notes_left-L005	117	28	SRC01	notes_left	NALLINO_APPARATUS	source_text_line	page + manually delimited zone + ordinal source line/object	NOT_ASSERTED	torem secat, gradus eclipticae ab aequinoctio ad
AB01-PDF0117-notes_left-L006	117	28	SRC01	notes_left	NALLINO_APPARATUS	source_text_line	page + manually delimited zone + ordinal source line/object	NOT_ASSERTED	circulum appellantur <i>gradus aequalitatis</i> respectu
AB01-PDF0117-notes_right-L001	117	28	SRC01	notes_right	NALLINO_APPARATUS	source_text_line	page + manually delimited zone + ordinal source line/object	NOT_ASSERTED	arcus aequinoctialis inter initium Arietis et circu-
AB01-PDF0117-notes_right-L002	117	28	SRC01	notes_right	NALLINO_APPARATUS	source_text_line	page + manually delimited zone + ordinal source line/object	NOT_ASSERTED	lum declinationis, scilicet respectu ascensionis rectae.
AB01-PDF0117-notes_right-L003	117	28	SRC01	notes_right	NALLINO_APPARATUS	source_text_line	page + manually delimited zone + ordinal source line/object	NOT_ASSERTED	Vide <n>al-Ġaghmīnī</n>, p. 238; <n>Aboul Hhassan</n>,
AB01-PDF0117-notes_right-L004	117	28	SRC01	notes_right	NALLINO_APPARATUS	source_text_line	page + manually delimited zone + ordinal source line/object	NOT_ASSERTED	cap. XXXII, p. 218. In Tabulis Alphonsinis vocantur
AB01-PDF0117-notes_right-L005	117	28	SRC01	notes_right	NALLINO_APPARATUS	source_text_line	page + manually delimited zone + ordinal source line/object	NOT_ASSERTED	<i>gradus aequales</i>.
AB01-PDF0117-margins-L001	117	28	SRC01	margins	NALLINO_APPARATUS	source_marginal_register	page + manually delimited zone + ordinal source line/object	NOT_ASSERTED	p. 41.
AB01-PDF0117-margins-L002	117	28	SRC01	margins	NALLINO_APPARATUS	source_marginal_register	page + manually delimited zone + ordinal source line/object	NOT_ASSERTED	p. 42.
AB01-PDF0117-margins-L003	117	28	SRC01	margins	NALLINO_APPARATUS	source_marginal_register	page + manually delimited zone + ordinal source line/object	NOT_ASSERTED	5; 10; 15; 20; 25; 30; 35
AB01-PDF0118-body-L001	118	29	SRC01	body	NALLINO_TRANSLATION	source_text_line	page + manually delimited zone + ordinal source line/object	NOT_ASSERTED	adde 90 gradibus; si in signis australibus, de 90° deme; exibit arcus semidiurnus, scilicet pars
AB01-PDF0118-body-L002	118	29	SRC01	body	NALLINO_TRANSLATION	source_text_line	page + manually delimited zone + ordinal source line/object	NOT_ASSERTED	circuli aequinoctialis ab ortu ad culminationem Solis tempore meridiano. Eius duplum est ar-
AB01-PDF0118-body-L003	118	29	SRC01	body	NALLINO_TRANSLATION	source_text_line	page + manually delimited zone + ordinal source line/object	NOT_ASSERTED	cus diurnus.
AB01-PDF0118-body-L004	118	29	SRC01	body	NALLINO_TRANSLATION	source_text_line	page + manually delimited zone + ordinal source line/object	NOT_ASSERTED	Si numerum horarum aequinoctialium diei vel noctis scire vis, arcum diurnum vel arcum
AB01-PDF0118-body-L005	118	29	SRC01	body	NALLINO_TRANSLATION	source_text_line	page + manually delimited zone + ordinal source line/object	NOT_ASSERTED	nocturnum per 15 divide; exibunt horae arcus delecti. Quibus de 24 detractis, remanent ho-
AB01-PDF0118-body-L006	118	29	SRC01	body	NALLINO_TRANSLATION	source_text_line	page + manually delimited zone + ordinal source line/object	NOT_ASSERTED	rae alterius arcus.
AB01-PDF0118-body-L007	118	29	SRC01	body	NALLINO_TRANSLATION	source_text_line	page + manually delimited zone + ordinal source line/object	NOT_ASSERTED	Si tempora horarum temporalium diei vel noctis scire cupis, quae semper 12 sunt et
AB01-PDF0118-body-L008	118	29	SRC01	body	NALLINO_TRANSLATION	source_text_line	page + manually delimited zone + ordinal source line/object	NOT_ASSERTED	horae obliquae etiam appellantur, arcum diurnum vel nocturnum per 12 divide; exeunt tem-
AB01-PDF0118-body-L009	118	29	SRC01	body	NALLINO_TRANSLATION	source_text_line	page + manually delimited zone + ordinal source line/object	NOT_ASSERTED	pora horarum. Si tempora horaria alterius arcus de 30° demis, invenis alterius tempora ho-
AB01-PDF0118-body-L010	118	29	SRC01	body	NALLINO_TRANSLATION	source_text_line	page + manually delimited zone + ordinal source line/object	NOT_ASSERTED	raria; nam haec 30 sunt tempora duarum horarum aequinoctialium, et quod e temporibus
AB01-PDF0118-body-L011	118	29	SRC01	body	NALLINO_TRANSLATION	source_text_line	page + manually delimited zone + ordinal source line/object	NOT_ASSERTED	unius horae noctis vel diei deficit, alteri additur.
AB01-PDF0118-body-L012	118	29	SRC01	body	NALLINO_TRANSLATION	source_text_line	page + manually delimited zone + ordinal source line/object	NOT_ASSERTED	Si tempora horaria aliter scire cupis, accipe sextam partem residui diversitatis diei, quod
AB01-PDF0118-body-L013	118	29	SRC01	body	NALLINO_TRANSLATION	source_text_line	page + manually delimited zone + ordinal source line/object	NOT_ASSERTED	iam in hoc capite memoravimus; si Sol vel gradus datus in hemisphaerio boreali est, 15° adde
AB01-PDF0118-body-L014	118	29	SRC01	body	NALLINO_TRANSLATION	source_text_line	page + manually delimited zone + ordinal source line/object	NOT_ASSERTED	sextae parti illi; si in hemisphaerio australi, eam partem de 15° deme. Exibunt tempora ho-
AB01-PDF0118-body-L015	118	29	SRC01	body	NALLINO_TRANSLATION	source_text_line	page + manually delimited zone + ordinal source line/object	NOT_ASSERTED	raria diei.
AB01-PDF0118-body-L016	118	29	SRC01	body	NALLINO_TRANSLATION	source_text_line	page + manually delimited zone + ordinal source line/object	NOT_ASSERTED	Si per tabulam tempora horarum diei scire vis, in tabulam ascensionum climatis tuae urbis,
AB01-PDF0118-body-L017	118	29	SRC01	body	NALLINO_TRANSLATION	source_text_line	page + manually delimited zone + ordinal source line/object	NOT_ASSERTED	in columnam numerorum singulorum intra cum gradu Solis vel eclipticae, et horarum tempora
AB01-PDF0118-body-L018	118	29	SRC01	body	NALLINO_TRANSLATION	source_text_line	page + manually delimited zone + ordinal source line/object	NOT_ASSERTED	ei respondentia in tabula illius signi in quo datus gradus habetur, sume; haec sunt tempora
AB01-PDF0118-body-L019	118	29	SRC01	body	NALLINO_TRANSLATION	source_text_line	page + manually delimited zone + ordinal source line/object	NOT_ASSERTED	horaria diei. — Si tempora horaria noctis cupis, tempora quae nadir gradus Solis respondent
AB01-PDF0118-body-L020	118	29	SRC01	body	NALLINO_TRANSLATION	source_text_line	page + manually delimited zone + ordinal source line/object	NOT_ASSERTED	in tabula eodem modo sume, et habebis tempora horaria noctis. — Alia etiam ab aliis depre-
AB01-PDF0118-body-L021	118	29	SRC01	body	NALLINO_TRANSLATION	source_text_line	page + manually delimited zone + ordinal source line/object	NOT_ASSERTED	hendi possunt, nam alia e 30° detracta, alia efficiunt.
AB01-PDF0118-body-L022	118	29	SRC01	body	NALLINO_TRANSLATION	source_text_line	page + manually delimited zone + ordinal source line/object	NOT_ASSERTED	Si a temporibus horariis arcum diurnum aut nocturnum discere vis, tempora illius quem
AB01-PDF0118-body-L023	118	29	SRC01	body	NALLINO_TRANSLATION	source_text_line	page + manually delimited zone + ordinal source line/object	NOT_ASSERTED	vis in 6 (1) multiplica; habebis arcum semidiurnum aut seminocturnum, iuxta id quod
AB01-PDF0118-body-L024	118	29	SRC01	body	NALLINO_TRANSLATION	source_text_line	page + manually delimited zone + ordinal source line/object	NOT_ASSERTED	supputaveris. Arcum inventum duplicans, arcum totum diei aut noctis habebis. Si gradus (2)
AB01-PDF0118-body-L025	118	29	SRC01	body	NALLINO_TRANSLATION	source_text_line	page + manually delimited zone + ordinal source line/object	NOT_ASSERTED	temporum in 12 multiplicas, exit arcus diurnus aut nocturnus gradus dati.
AB01-PDF0118-body-L026	118	29	SRC01	body	NALLINO_TRANSLATION	source_text_line	page + manually delimited zone + ordinal source line/object	NOT_ASSERTED	Si horas aequinoctiales in temporales convertere vis, horas aequinoctiales in 15 multiplica
AB01-PDF0118-body-L027	118	29	SRC01	body	NALLINO_TRANSLATION	source_text_line	page + manually delimited zone + ordinal source line/object	NOT_ASSERTED	et per tempora horaria diei aut noctis divide; exibunt horae temporales diei vel noctis, prout
AB01-PDF0118-body-L028	118	29	SRC01	body	NALLINO_TRANSLATION	source_text_line	page + manually delimited zone + ordinal source line/object	NOT_ASSERTED	fuerint illae aequinoctiales diurnae aut nocturnae. Si vis horas temporales in aequinoctiales
AB01-PDF0118-body-L029	118	29	SRC01	body	NALLINO_TRANSLATION	source_text_line	page + manually delimited zone + ordinal source line/object	NOT_ASSERTED	convertere, horas diurnas in tempora horaria diei, nocturnas in tempora horaria noctis mul-
AB01-PDF0118-body-L030	118	29	SRC01	body	NALLINO_TRANSLATION	source_text_line	page + manually delimited zone + ordinal source line/object	NOT_ASSERTED	tiplica; productum per 15 divide; provenient horae aequinoctiales una cum fractionibus, si,
AB01-PDF0118-body-L031	118	29	SRC01	body	NALLINO_TRANSLATION	source_text_line	page + manually delimited zone + ordinal source line/object	NOT_ASSERTED	Deo volente, fractiones remanserint.
AB01-PDF0118-body-L032	118	29	SRC01	body	NALLINO_TRANSLATION	source_text_line	page + manually delimited zone + ordinal source line/object	NOT_ASSERTED	<center>CAPUT XIV.</center>
AB01-PDF0118-body-L033	118	29	SRC01	body	NALLINO_TRANSLATION	source_text_line	page + manually delimited zone + ordinal source line/object	NOT_ASSERTED	<center>De cognoscenda per observationes latitudine locorum terrestrium</center>
AB01-PDF0118-body-L034	118	29	SRC01	body	NALLINO_TRANSLATION	source_text_line	page + manually delimited zone + ordinal source line/object	NOT_ASSERTED	Dicit [auctor]: Si cuiuslibet loci latitudinem, quae idem est ac eius longinquitas ab aequa-
AB01-PDF0118-body-L035	118	29	SRC01	body	NALLINO_TRANSLATION	source_text_line	page + manually delimited zone + ordinal source line/object	NOT_ASSERTED	tore vel etiam altitudo poli borealis eo loco, scire vis, altitudinem meridianam Solis, idest eo
AB01-PDF0118-body-L036	118	29	SRC01	body	NALLINO_TRANSLATION	source_text_line	page + manually delimited zone + ordinal source line/object	NOT_ASSERTED	tempore quo Sol per lineam meridianam transit, quadrante vel cognitione umbrae inveni, et de-
AB01-PDF0118-body-L037	118	29	SRC01	body	NALLINO_TRANSLATION	source_text_line	page + manually delimited zone + ordinal source line/object	NOT_ASSERTED	clinationem gradus Solis eodem tempore deprehende, quam, si borealis est, de altitudine demes,
AB01-PDF0118-body-L038	118	29	SRC01	body	NALLINO_TRANSLATION	source_text_line	page + manually delimited zone + ordinal source line/object	NOT_ASSERTED	at si australis altitudini addes; exibit altitudo initii Arietis vel initii Librae eo loco. Eam de
AB01-PDF0118-notes_left-L001	118	29	SRC01	notes_left	NALLINO_APPARATUS	source_text_line	page + manually delimited zone + ordinal source line/object	NOT_ASSERTED	(1) Plato: 60.
AB01-PDF0118-notes_left-L002	118	29	SRC01	notes_left	NALLINO_APPARATUS	source_text_line	page + manually delimited zone + ordinal source line/object	NOT_ASSERTED	(2) Parva Arabicarum litterarum mutatione,
AB01-PDF0118-notes_right-L001	118	29	SRC01	notes_right	NALLINO_APPARATUS	source_text_line	page + manually delimited zone + ordinal source line/object	NOT_ASSERTED	pro <ar>اجزا</ar> Plato legit <ar>احد</ar> « unum ». Ambae lectiones
AB01-PDF0118-notes_right-L002	118	29	SRC01	notes_right	NALLINO_APPARATUS	source_text_line	page + manually delimited zone + ordinal source line/object	NOT_ASSERTED	bonae sunt.
AB01-PDF0118-margins-L001	118	29	SRC01	margins	NALLINO_APPARATUS	source_marginal_register	page + manually delimited zone + ordinal source line/object	NOT_ASSERTED	p. 43.
AB01-PDF0118-margins-L002	118	29	SRC01	margins	NALLINO_APPARATUS	source_marginal_register	page + manually delimited zone + ordinal source line/object	NOT_ASSERTED	p. 44.
AB01-PDF0118-margins-L003	118	29	SRC01	margins	NALLINO_APPARATUS	source_marginal_register	page + manually delimited zone + ordinal source line/object	NOT_ASSERTED	5; 10; 15; 20; 25; 30; 35; 40
AB01-PDF0119-body-L001	119	30	SRC01	body	NALLINO_TRANSLATION	source_text_line	page + manually delimited zone + ordinal source line/object	NOT_ASSERTED	90° deme, et habebis latitudinem loci <i>(a)</i>. — Latitudo loci quae e tabula latitudinum ur-
AB01-PDF0119-body-L002	119	30	SRC01	body	NALLINO_TRANSLATION	source_text_line	page + manually delimited zone + ordinal source line/object	NOT_ASSERTED	bium (1) deprehenditur, veritati tantum est propinqua, nec ita certa ut latitudo observationibus
AB01-PDF0119-body-L003	119	30	SRC01	body	NALLINO_TRANSLATION	source_text_line	page + manually delimited zone + ordinal source line/object	NOT_ASSERTED	cognita (2).
AB01-PDF0119-body-L004	119	30	SRC01	body	NALLINO_TRANSLATION	source_text_line	page + manually delimited zone + ordinal source line/object	NOT_ASSERTED	<center>CAPUT XV.</center>
AB01-PDF0119-body-L005	119	30	SRC01	body	NALLINO_TRANSLATION	source_text_line	page + manually delimited zone + ordinal source line/object	NOT_ASSERTED	<center>De cognoscenda altitudine meridiana Solis quacumque die.</center>
AB01-PDF0119-body-L006	119	30	SRC01	body	NALLINO_TRANSLATION	source_text_line	page + manually delimited zone + ordinal source line/object	NOT_ASSERTED	Dicit [auctor]: Si qualibet die altitudinem meridianam Solis cognoscere vis, declinationem
AB01-PDF0119-body-L007	119	30	SRC01	body	NALLINO_TRANSLATION	source_text_line	page + manually delimited zone + ordinal source line/object	NOT_ASSERTED	gradus Solis, cum borealis sit, de latitudine loci deme, aut, si australis, latitudini adde; quod
AB01-PDF0119-body-L008	119	30	SRC01	body	NALLINO_TRANSLATION	source_text_line	page + manually delimited zone + ordinal source line/object	NOT_ASSERTED	exibit de 90° detrahe, et residuum erit altitudo Solis tempore meridiano. Si autem declinatio
AB01-PDF0119-body-L009	119	30	SRC01	body	NALLINO_TRANSLATION	source_text_line	page + manually delimited zone + ordinal source line/object	NOT_ASSERTED	maior est latitudine loci, Solem a septentrionibus zenith loci esse scias; qua re declinationem
AB01-PDF0119-body-L010	119	30	SRC01	body	NALLINO_TRANSLATION	source_text_line	page + manually delimited zone + ordinal source line/object	NOT_ASSERTED	deme de latitudine 90 gradibus aucta; habebis altitudinem super horizontem borealem.
AB01-PDF0119-body-L011	119	30	SRC01	body	NALLINO_TRANSLATION	source_text_line	page + manually delimited zone + ordinal source line/object	NOT_ASSERTED	Aliter etiam altitudinem meridianam Solis cognoscere potes. Latitudinem loci de 90° deme
AB01-PDF0119-body-L012	119	30	SRC01	body	NALLINO_TRANSLATION	source_text_line	page + manually delimited zone + ordinal source line/object	NOT_ASSERTED	ut altitudinem initii Arietis habeas; postea declinationem, si borealis est, altitudini illi adde,
AB01-PDF0119-body-L013	119	30	SRC01	body	NALLINO_TRANSLATION	source_text_line	page + manually delimited zone + ordinal source line/object	NOT_ASSERTED	vel, si australis, de ea deme; exibit altitudo meridiana Solis. Quae, si 90° superaverit de 180°
AB01-PDF0119-body-L014	119	30	SRC01	body	NALLINO_TRANSLATION	source_text_line	page + manually delimited zone + ordinal source line/object	NOT_ASSERTED	dematur; residuum erit altitudo super horizontem borealem <i>(a)</i>.
AB01-PDF0119-body-L015	119	30	SRC01	body	NALLINO_TRANSLATION	source_text_line	page + manually delimited zone + ordinal source line/object	NOT_ASSERTED	<center>CAPUT XVI.</center>
AB01-PDF0119-body-L016	119	30	SRC01	body	NALLINO_TRANSLATION	source_text_line	page + manually delimited zone + ordinal source line/object	NOT_ASSERTED	<center>De cognoscendis horis diei transactis per observationem Solis,</center>
AB01-PDF0119-body-L017	119	30	SRC01	body	NALLINO_TRANSLATION	source_text_line	page + manually delimited zone + ordinal source line/object	NOT_ASSERTED	<center>et de inveniendo ascendente.</center>
AB01-PDF0119-body-L018	119	30	SRC01	body	NALLINO_TRANSLATION	source_text_line	page + manually delimited zone + ordinal source line/object	NOT_ASSERTED	Dicit [auctor]: Si dimetiendo Sole horas praeteritas diei scire cupis, Solis altitudinem me-
AB01-PDF0119-body-L019	119	30	SRC01	body	NALLINO_TRANSLATION	source_text_line	page + manually delimited zone + ordinal source line/object	NOT_ASSERTED	ridianam et arcum semidiurnum ea die cognosce; sinum versum huius arcus, ut in capite de
AB01-PDF0119-body-L020	119	30	SRC01	body	NALLINO_TRANSLATION	source_text_line	page + manually delimited zone + ordinal source line/object	NOT_ASSERTED	chordis [cap. III] explicavimus, inveni; denique vel quadrante vel umbra altitudinem Solis me-
AB01-PDF0119-body-L021	119	30	SRC01	body	NALLINO_TRANSLATION	source_text_line	page + manually delimited zone + ordinal source line/object	NOT_ASSERTED	tire. Sinum altitudinis Solis eo tempore in sinum versum arcus semidiurni multiplica, et quod
AB01-PDF0119-body-L022	119	30	SRC01	body	NALLINO_TRANSLATION	source_text_line	page + manually delimited zone + ordinal source line/object	NOT_ASSERTED	exierit per sinum altitudinis meridianae divide: quod ex divisione prodibit, a sinu verso arcus
AB01-PDF0119-body-L023	119	30	SRC01	body	NALLINO_TRANSLATION	source_text_line	page + manually delimited zone + ordinal source line/object	NOT_ASSERTED	semidiurni deme; residui autem arcum versum, iuxta ea quae de sinibus versis arcuandis
AB01-PDF0119-body-L024	119	30	SRC01	body	NALLINO_TRANSLATION	source_text_line	page + manually delimited zone + ordinal source line/object	NOT_ASSERTED	[cap. III] diximus, inveni. Si observatio horis antemeridianis facta est, hunc arcum versum de
AB01-PDF0119-body-L025	119	30	SRC01	body	NALLINO_TRANSLATION	source_text_line	page + manually delimited zone + ordinal source line/object	NOT_ASSERTED	arcu semidiurno deme; si horis pomeridianis, arcui semidiurno adde; exibit arcus revolutio-
AB01-PDF0119-body-L026	119	30	SRC01	body	NALLINO_TRANSLATION	source_text_line	page + manually delimited zone + ordinal source line/object	NOT_ASSERTED	nis sphaerae ab ortu Solis ad tempus observationis <i>(a)</i>. Quem si per tempora horaria diei, a
AB01-PDF0119-body-L027	119	30	SRC01	body	NALLINO_TRANSLATION	source_text_line	page + manually delimited zone + ordinal source line/object	NOT_ASSERTED	gradu Solis cognoscenda, diviseris, habebis horas temporales diei praeteritas; si vero per 15°
AB01-PDF0119-body-L028	119	30	SRC01	body	NALLINO_TRANSLATION	source_text_line	page + manually delimited zone + ordinal source line/object	NOT_ASSERTED	diviseris, habebis horas aequinoctiales.
AB01-PDF0119-body-L029	119	30	SRC01	body	NALLINO_TRANSLATION	source_text_line	page + manually delimited zone + ordinal source line/object	NOT_ASSERTED	Si ascendens per id quod spherae [ab initio diei] revolutum est scire vis, arcum revolu-
AB01-PDF0119-body-L030	119	30	SRC01	body	NALLINO_TRANSLATION	source_text_line	page + manually delimited zone + ordinal source line/object	NOT_ASSERTED	tionis adde temporibus ascensionum quae gradui Solis in eo climate respondent; ex hac summa,
AB01-PDF0119-body-L031	119	30	SRC01	body	NALLINO_TRANSLATION	source_text_line	page + manually delimited zone + ordinal source line/object	NOT_ASSERTED	eo modo quem in anteriore libri parte [cap. XIII] docuimus, ascendens cognosces.
AB01-PDF0119-body-L032	119	30	SRC01	body	NALLINO_TRANSLATION	source_text_line	page + manually delimited zone + ordinal source line/object	NOT_ASSERTED	Si vis (3) potes arcum versum [supra] inventum, scilicet distantiam Solis a linea medii
AB01-PDF0119-body-L033	119	30	SRC01	body	NALLINO_TRANSLATION	source_text_line	page + manually delimited zone + ordinal source line/object	NOT_ASSERTED	Caeli, per tempora horaria diei dividere; quod exibit, de sex horis deme, si observatio ante
AB01-PDF0119-body-L034	119	30	SRC01	body	NALLINO_TRANSLATION	source_text_line	page + manually delimited zone + ordinal source line/object	NOT_ASSERTED	meridiem fuerit, vel sex horis adde, si post meridiem; exibunt horae temporales transactae,
AB01-PDF0119-body-L035	119	30	SRC01	body	NALLINO_TRANSLATION	source_text_line	page + manually delimited zone + ordinal source line/object	NOT_ASSERTED	quas in horas aequinoctiales convertere poteris.
AB01-PDF0119-notes_left-L001	119	30	SRC01	notes_left	NALLINO_APPARATUS	source_text_line	page + manually delimited zone + ordinal source line/object	NOT_ASSERTED	(1) Vide tabulas in fol. 172,v.–175,v.
AB01-PDF0119-notes_left-L002	119	30	SRC01	notes_left	NALLINO_APPARATUS	source_text_line	page + manually delimited zone + ordinal source line/object	NOT_ASSERTED	(2) Plato addit: « Est iterum alius modus id
AB01-PDF0119-notes_left-L003	119	30	SRC01	notes_left	NALLINO_APPARATUS	source_text_line	page + manually delimited zone + ordinal source line/object	NOT_ASSERTED	« addiscendi per stellas scilicet fixas, quod veritati
AB01-PDF0119-notes_right-L001	119	30	SRC01	notes_right	NALLINO_APPARATUS	source_text_line	page + manually delimited zone + ordinal source line/object	NOT_ASSERTED	« fere appropinquat, si Deus voluerit ». Sed forte
AB01-PDF0119-notes_right-L002	119	30	SRC01	notes_right	NALLINO_APPARATUS	source_text_line	page + manually delimited zone + ordinal source line/object	NOT_ASSERTED	est interpolatio.
AB01-PDF0119-notes_right-L003	119	30	SRC01	notes_right	NALLINO_APPARATUS	source_text_line	page + manually delimited zone + ordinal source line/object	NOT_ASSERTED	(3) Scilicet horas temporales cognoscere.
AB01-PDF0119-margins-L001	119	30	SRC01	margins	NALLINO_APPARATUS	source_marginal_register	page + manually delimited zone + ordinal source line/object	NOT_ASSERTED	p. 45.
AB01-PDF0119-margins-L002	119	30	SRC01	margins	NALLINO_APPARATUS	source_marginal_register	page + manually delimited zone + ordinal source line/object	NOT_ASSERTED	5; 10; 15; 20; 25; 30; 35; 40
