anchor	printed_page	section	transcription
AB01-PDF0638-body-L001	189	body	ADNOTATIONES
AB01-PDF0640-body-L001	191	body	ADNOTATIONES
AB01-PDF0640-body-L002	191	body	*Ad pag. 1–3.* — **Tabulae regum peregrinorum.**
AB01-PDF0640-body-L003	191	body	In titulo (1) lectionem codicis servavi; censeo tamen al-Battānī تاريخ pro بتاريخ scripsisse,
AB01-PDF0640-body-L004	191	body	scilicet « et ab eo [incipit] chronologia Almagesti », sicut etiam apud {sp:al-Bīrūnī}, *Chron.*
AB01-PDF0640-body-L005	191	body	p. 88 text., 101 vers., scriptum invenimus. Re vera in *Almagesto* {sp:Ptolemaeus} semper fere
AB01-PDF0640-body-L006	191	body	annis aerae Nabonassaris utitur.
AB01-PDF0640-body-L007	191	body	Graece et Franco-Gallice exstant hae tabulae, a Ptolemaeo usque ad Antoninum mor-
AB01-PDF0640-body-L008	191	body	tuum, ab ignoto Graeco usque ad Constantinopolim a Turcis captam perductae, in libro *Chro-*
AB01-PDF0640-body-L009	191	body	*nologie de* {sp:Ptolémée}: *table chronologique des règnes, apparition des étoiles fixes de*
AB01-PDF0640-body-L010	191	body	C. {sp:Ptolémée}, {sp:Théon} etc. [*publiées et*] *traduites par Halma,* Paris 1819, 2{sup:e} partie, p. 3–5.
AB01-PDF0640-body-L011	191	body	Usque ad Diocletianum regem optime tabulas edidit etiam {sp:Ideler}, *Handbuch der mathe-*
AB01-PDF0640-body-L012	191	body	*matischen und technischen Chronologie,* Berlin 1825–26, t. I, p. 111–14; regum Assyriae
AB01-PDF0640-body-L013	191	body	(quorum ultimus Nabonadius) illustravit Eb. {sp:Schrader}, *Die keilinschriftliche babylonische*
AB01-PDF0640-body-L014	191	body	*Königsliste,* in Sitzungsberichte der k. preussischen Akad. der Wissenschaften zu Berlin, 1887,
AB01-PDF0640-body-L015	191	body	nr. XXXI, p. 579–607.
AB01-PDF0640-body-L016	191	body	Apud {sp:Ptolemaeum} Graecumque eius continuatorem ita reges distinguuntur: *Assyrio-*
AB01-PDF0640-body-L017	191	body	*rum et Medorum,* Ἀσσυρίων καὶ Μηδῶν βασιλεῖς, usque ad Nabonadium mortuum; *Persarum,*
AB01-PDF0640-body-L018	191	body	Περσῶν βασιλεῖς, a Cyro ad Alexandrum Macedonem; *anni regum Macedonum,* ἔτη βασιλέων
AB01-PDF0640-body-L019	191	body	Μακεδόνων, a Philippo ad Cleopatram; *regum Romanorum,* Ῥωμαίων βασιλέων, ab Augusto ad
AB01-PDF0640-body-L020	191	body	quartum Constantini annum absolutum; *regum Christianorum Romanorum,* Χριστιανῶν Ῥω-
AB01-PDF0640-body-L021	191	body	μαίων βασιλέων, inde ab initio quinti anni Constantini.
AB01-PDF0640-body-L022	191	body	Eadem tabula Albateniana, usque ad Basilium imperatorem porrecta, apud {sp:al-Bīrūnī},
AB01-PDF0640-body-L023	191	body	*Chron.,* p. 88–89 et 92–96 text., 101 et 103–105 vers.
AB01-PDF0640-body-L024	191	body	Ex aliis fontibus manant tabulae regum ab Augusto ad Heraclium apud {sp:aṭ-Ṭabarī},
AB01-PDF0640-body-L025	191	body	*Annales,* ser. I, t. II, p. 741–44; {sp:Ibn al-Athīr}, *Annales,* Kahirae 1301–02 heg., t. I,
AB01-PDF0640-notes_left-L001	191	notes_left	(1) Textus Arabicus harum tabularum est t. III,
AB01-PDF0640-notes_left-L002	191	notes_left	p. 228-31. In versione Hispanica hae tabulae omit-
AB01-PDF0640-notes_right-L001	191	notes_right	tuntur, praeter (f. 29,r.) conspectum intervallorum,
AB01-PDF0640-notes_right-L002	191	notes_right	quem infra, p. 197, edam.
AB01-PDF0641-body-L001	192	body	p. 139–40 (ed. Tornberg I, p. 228–230); {sp:Ḥamzah al-Iṣfahānī}, *Annales* ed. Gottwaldt,
AB01-PDF0641-body-L002	192	body	p. 67–69; {sp:Abū ’l-fidā’}, *Ta’rīkh,* Constantinopoli 1286 heg., t. I, p. 63–69; — atque tabulae
AB01-PDF0641-body-L003	192	body	ab Augusto ad Constantinum Porphyrogenitum (m. 959 Chr.) apud {sp:Ḥamzah} p. 76-79, et {sp:Ibn}
AB01-PDF0641-body-L004	192	body	{sp:al-Athīr} I, p. 141–48 (ed. Tornberg I, p. 230-42).
AB01-PDF0641-body-L005	192	body	Albatenii tabulas regum (ut etiam geographicas) ab archetypo Graeco per versionem ali-
AB01-PDF0641-body-L006	192	body	quam *Syro-christianam* provenisse existimo. Syriacam originem redolent « *Bukhtanaṣṣar*
AB01-PDF0641-body-L007	192	body	« *tertius,* qui est Hierosolymorum expugnator » pro Ναβοκολάσσαρος (1); *Belshaṣṣar* (2) pro
AB01-PDF0641-body-L008	192	body	Νηρικασολάσσαρος (3); *Darius Medus* pro Ναβονάδιος; *Akhashwīros* pro Ξέρξης; *Arnabā* pro
AB01-PDF0641-body-L009	192	body	(Ptolemaeo) Λάγος; corruptela nominis *Alexandri* [Severi] *filii Mammaeae,* de qua p. 194
AB01-PDF0641-body-L010	192	body	agam; demum vox *al-ḥanīf,* Iuliano adposita, qua Παραβάτης « apostata » vertitur. — Ille
AB01-PDF0641-body-L011	192	body	*Syriacus* scriptor sub Leone Isaurico (717–741) floruisse videtur, quia ultimus regum est
AB01-PDF0641-body-L012	192	body	Theodosius III, anno 717 Chr. mortuus.
AB01-PDF0641-body-L013	192	body	Non desunt parvae a textu Graeco discrepantiae. Regno prioris Artaxerxis 41 annos
AB01-PDF0641-body-L014	192	body	{sp:Ptolemaeus} tribuit; {sp:al-Battānī} et {sp:al-Bīrūnī} 43, ita ut summa usque ad Ochum mor-
AB01-PDF0641-body-L015	192	body	tuum duobus augeatur annis. Regna Arogi, Darii filii Arsakh, Alexandri Macedonis, 2 + 4
AB01-PDF0641-body-L016	192	body	+ 8 = 14 annos apud {sp:Ptolemaeum} complectuntur; 10 + 6 + 6 = 22 (seu ى 10 pro ب 2,
AB01-PDF0641-body-L017	192	body	و 6 pro د 4, و 6 pro ح 8) apud {sp:al-Battānī}; 2 + 6 + 8 = 16 apud {sp:al-Bīrūnī}; qua re
AB01-PDF0641-body-L018	192	body	regnorum summa usque ad Alexandrum mortuum 424 in *Canone* {sp:Ptolemaei}, 434 apud
AB01-PDF0641-body-L019	192	body	{sp:al-Battānī}, 428 apud {sp:al-Bīrūnī}. Miro modo p. 231 textus (t. II, p. 3 vers.) ac in Hispa-
AB01-PDF0641-body-L020	192	body	nica versione intervallum a Bukhtanaṣṣar ad Alexandrum mortuum تكد 424 annorum statuitur,
AB01-PDF0641-body-L021	192	body	quod in versione تلد 434 ad fidem tabulae regum legendum putavi. — Error in sequentibus
AB01-PDF0641-body-L022	192	body	evanescit, cum a Philippo (Aridaeo) nova incipiat numeratio, scilicet aera ab Alexandro mortuo
AB01-PDF0641-body-L023	192	body	appellata (vide t. I, p. 242–43).
AB01-PDF0641-body-L024	192	body	Postea omnia bene congruunt cum *Canone Ptolemaico* usque ad Antoninum mortuum;
AB01-PDF0641-body-L025	192	body	post quem {sp:al-Battānī} et {sp:al-Bīrūnī} Commodum cum 32 annis collocant, in unum regna
AB01-PDF0641-body-L026	192	body	Marci Antonini (19 annorum) et Commodi (13) colligentes. Item regna Severi (18) ac Antonini
AB01-PDF0641-body-L027	192	body	Caracallae (7) in unum conflant; sed annorum summae nulla discrepantia manifeste afficiun-
AB01-PDF0641-body-L028	192	body	tur. Rursus a *Canone* differunt in regnis Philippi Decii et Galli (6 + 1 + 3 loco 7 + 1 + 2);
AB01-PDF0641-body-L029	192	body	summa vero non immutatur. Diocletiano 21 annos pro 20 tribuunt; parvaeque in sequentibus
AB01-PDF0641-body-L030	192	body	annis discrepantiae insunt, quae tamen paulatim ita vicissim compensantur ut annorum sum-
AB01-PDF0641-body-L031	192	body	mae ad Iulianum paganum mortuum apud Graecum et Arabes aequentur. Constantino Pogo-
AB01-PDF0641-body-L032	192	body	nato (Leontio apud {sp:al-Battānī}) 17 annos Graecus tribuit loco 16, sed Philippico 2 loco 3;
AB01-PDF0641-body-L033	192	body	summa igitur ad Theodosium mortuum 1040 est apud omnes (4).
AB01-PDF0641-notes_left-L001	192	notes_left	(1) Ναβουχοδονόσωρ apud {sp:Georgium Syn-}
AB01-PDF0641-notes_left-L002	192	notes_left	{sp:cellum}, ed. G. Dindorf, I, p. 393.
AB01-PDF0641-notes_left-L003	192	notes_left	(2) Hebraice *Bēlshaṣṣar* בֵּלְשַׁאצַּר est ultimus
AB01-PDF0641-notes_left-L004	192	notes_left	Chaldaeorum rex (*Bēl-shar-uṣur*), Nabonidi filius;
AB01-PDF0641-notes_left-L005	192	notes_left	*Bēlṭĕshaṣṣar* בֵּלְטְשַׁאצַּר nomen Danielis in re-
AB01-PDF0641-notes_left-L006	192	notes_left	gia Babyloniae aula. Ambo Βαλτάσαρ apud Septua-
AB01-PDF0641-notes_left-L007	192	notes_left	ginta, ܒܠܛܫܨܪ in Syriaca Bibliorum versione (quod
AB01-PDF0641-notes_left-L008	192	notes_left	{sp:Payne Smith}, *Thesaurus Syriacus,* s. v., *Bliṭ-*
AB01-PDF0641-notes_left-L009	192	notes_left	*shāṣār* vel *Blīṭshāṣār* legit, {sp:Bar Bahlūl} contra
AB01-PDF0641-notes_left-L010	192	notes_left	rectius, ut me {sp:I. Guidi} docet, Belṭshāṣār). Nomen
AB01-PDF0641-notes_left-L011	192	notes_left	regis Belshaṣṣar ut {sp:al-Battānī} praebent {sp:Ḥamzah}
AB01-PDF0641-notes_left-L012	192	notes_left	p. 94, ac {sp:aṭ-Ṭabarī} ser. I, t. I, p. 216; t. II, p. 652
AB01-PDF0641-notes_left-L013	192	notes_left	(ubi editor male بلتشصر recepit); ex librariorum cor-
AB01-PDF0641-notes_right-L001	192	notes_right	ruptela بلتنصر apud {sp:Ibn Khaldūn}, ed. Būlāq 1284
AB01-PDF0641-notes_right-L002	192	notes_right	heg., t. II, p. 117. Apud {sp:Ibn al-Athīr} بلتاصر; {sp:Euty-}
AB01-PDF0641-notes_right-L003	192	notes_right	{sp:chium} (*Contextio gemmarum, sive Eutychii Pa-*
AB01-PDF0641-notes_right-L004	192	notes_right	*triarchae Alexandrini Annales ed. Edw. Pocockio,*
AB01-PDF0641-notes_right-L005	192	notes_right	Oxoniae 1659, t. I, p. 257) بلتاسر; sed fortasse in
AB01-PDF0641-notes_right-L006	192	notes_right	ambobus ـتـ est ex ـشـ corrupta. Ad formam Syriacam,
AB01-PDF0641-notes_right-L007	192	notes_right	{sp:al-Bīrūnī} l. c. et {sp:Abū ’l-faraǵ} ed. Ṣālḥānī,
AB01-PDF0641-notes_right-L008	192	notes_right	Beyrūt 1890, p. 78, بلطشاصر.
AB01-PDF0641-notes_right-L009	192	notes_right	(3) Νιριγασολάσαρος et Βαλτάσαρ apud {sp:Syn-}
AB01-PDF0641-notes_right-L010	192	notes_right	{sp:cellum}.
AB01-PDF0641-notes_right-L011	192	notes_right	(4) Perperam 1042 in editione Halma; error a
AB01-PDF0641-notes_right-L012	192	notes_right	summa Constantii incipit, ubi 994 pro 992 editor
AB01-PDF0641-notes_right-L013	192	notes_right	scripsit.
AB01-PDF0642-body-L001	193	body	At quamquam ***numerorum*** ordo *Albatenianus* cum Graeco et al-Bīrūnī congruit, in
AB01-PDF0642-body-L002	193	body	***nominibus*** quibusdam confusio inest in codice Escurialensi, quam auferre nolui. Permutantur
AB01-PDF0642-body-L003	193	body	enim apud {sp:al-Battānī} nomina (non numeri) Secundi Interregni et Mesesimordaci, Theodo-
AB01-PDF0642-body-L004	193	body	sii magni et Valentis; praeterea, post duos Constantinos qui Heraclio subsequuntur, {sp:Graecus}
AB01-PDF0642-body-L005	193	body	et {sp:al-Bīrūnī} hoc ordine regum nomina praebent: Constantinum Pogonatum pro Leontio, Iu-
AB01-PDF0642-body-L006	193	body	stinianum posteriorem pro Tiberio, Leontium pro Iustiniano, Tiberium pro Philippico I, Iustinianum
AB01-PDF0642-body-L007	193	body	pro Constantino, Philippicum, Anastasium, Theodosium. Ceterum in codice Escurialensi haec
AB01-PDF0642-body-L008	193	body	nomina adeo sunt corrupta ut in eis legendis non raro dubitatio oriatur; qua re affirmare
AB01-PDF0642-body-L009	193	body	non ausim omnes has nominum permutationes ab al-Battānī provenire.
AB01-PDF0642-body-L010	193	body	Restat ut de nominibus quibusdam agam.
AB01-PDF0642-body-L011	193	body	*Darius Medus,* i. e. Nabonadius, in textu est Darius *al-ādharī,* seu « e provincia Ādhar-
AB01-PDF0642-body-L012	193	body	« bayǵān »; etiam in tabula geographica t. II, p. 35, nr. 69, haec regio censetur *Mediae* Pto-
AB01-PDF0642-body-L013	193	body	lemaei respondere. In archetypo Syriaco procul dubio *mādāyā* ܡܕܝܐ erat, quod {sp:al-Bīrūnī},
AB01-PDF0642-body-L014	193	body	*Chron.,* p. 89 text., 101 vers. servavit: « Darius (دريوس) *al-Mādāy* primus ». Apud {sp:aṭ-Ṭa-}
AB01-PDF0642-body-L015	193	body	{sp:barī}, *Annales,* ser. I, t. II, p. 649 et 652 occurrit Darius (داريوش) *al-Mādhawī,* quod utro-
AB01-PDF0642-body-L016	193	body	bique dicitur nomen relativum a maiore eius quodam Mādhī vocato; apud {sp:Eutychium}
AB01-PDF0642-body-L017	193	body	t. I, p. 257, « Darius... *al-Mādī,* scilicet e progenie Mādānī » داريوش بن امرير المادي اعني من ولد ماداني;
AB01-PDF0642-body-L018	193	body	apud {sp:Abū ’l-faraǵ} ed. Ṣālḥānī, p. 78 et 80, Darius (داريوش) *al-Mādī,* et in eiusdem Chro-
AB01-PDF0642-body-L019	193	body	nico Syriaco: *Mādāyā.* — Ex alio fonte, Persico nempe, alibi {sp:al-Bīrūnī}, *Chron.,* p. 111
AB01-PDF0642-body-L020	193	body	text., 115 vers., *Dārā al-Māhī* i. e. ex regione Māh, quae est forma Persica recentior ve-
AB01-PDF0642-body-L021	193	body	tustissimi nominis *Māda* (Media). — In textu Arabico داريوس, optime cum Graeco Δαρεῖος con-
AB01-PDF0642-body-L022	193	body	venientem, recepi ut codex habet; sed vix dubito {sp:al-Battānī} in fonte suo داريوش *Dārīwash*
AB01-PDF0642-body-L023	193	body	invenisse, ut fere omnes Arabum historici scriptores habent, iuxta Syriacam et Hebraicam
AB01-PDF0642-body-L024	193	body	formam *Dāryāwesh* (in inscriptionibus cuneatis Persicis *Dārayawaush,* Babylonicis *Dāri-*
AB01-PDF0642-body-L025	193	body	*yāmush*).
AB01-PDF0642-body-L026	193	body	*Arogus* in textu غيرون et apud {sp:al-Bīrūnī}, *Chron.,* p. 89 text., 101 vers. مرون; quae
AB01-PDF0642-body-L027	193	body	vix orta videntur ex Ἀρωγός *Canonis Ptolemaici,* vel ex Ἄρσης (varr. Ἄρσις, Ναρσῆς, Ὀάρσης)
AB01-PDF0642-body-L028	193	body	ut ab aliis rex ille vocatur. Erat filius Artaxersis III (Ochi); qua re ex Ἄρσις Ὤχου (1) in-
AB01-PDF0642-body-L029	193	body	terdum *Arsisochus* conflatus est. Apud {sp:Eutychium} t. I, p. 266, {sp:al-Khāzinī} f. 106,v.,
AB01-PDF0642-body-L030	193	body	{sp:Abū ’l-faraǵ} p. 89, ipsumque {sp:al-Bīrūnī}, *Chron.,* p. 111 text., 115 vers. (sed ex alio
AB01-PDF0642-body-L031	193	body	fonte), *Arsīs.*
AB01-PDF0642-body-L032	193	body	*Darius* [*filius*] *Arsakh* (ارسخ) in *Canone Ptolemaico* est *Darius tertius.* Plerumque ab
AB01-PDF0642-body-L033	193	body	Arabibus, e Persico fonte, *Dārā filius Dārā* vocatus. {sp:Al-Bīrūnī} tamen (*Chron.* p. 89 text.,
AB01-PDF0642-body-L034	193	body	101 vers.) *Darius filius Arsīkh* (ارسيخ), et in eiusdem inedito *Canone Mas‘ūdico* (teste {sp:Sa-}
AB01-PDF0642-body-L035	193	body	{sp:chau} in notis ad vers. *Chron.* p. 400) *Darius filius Arsaq* ارسق; {sp:Abū ’l-faraǵ} ed. Ṣāl-
AB01-PDF0642-body-L036	193	body	ḥānī p. 91, *Darius filius Arshak* ارشك, ut in eiusdem *Chronico Syriaco,* ed. Bruns et Kirsch,
AB01-PDF0642-body-L037	193	body	Lipsiae 1789, p. 38 text., 36 vers. (ܕܪܝܘܫ ܒܪ ܐܪܫܟ). — False omnino {sp:Eutychius} I, 266,
AB01-PDF0642-body-L038	193	body	*Darius filius Arsīs*; et Aethiopica historiae Arabis {sp:Elmacini} (al-Makīn) redactio *Dārā filius*
AB01-PDF0642-body-L039	193	body	*Arsēs* ዳራ፡ ወልደ፡ አርሴስ፡ (2). — Apud {sp:al-Mas‘ūdī}, *Prairies* II, p. 100, nomen occurrit
AB01-PDF0642-body-L040	193	body	دارو اليسع, quod, non improbabili coniectura, {sp:J. Marquart} (3) putat al-Bīrūnicum *Darium*
AB01-PDF0642-notes_left-L001	193	notes_left	(1) Ut apud {sp:Eusebii} *Chronicorum cano-*
AB01-PDF0642-notes_left-L002	193	notes_left	*num libri duo edd. A. Maius et Ioh. Zohrabus,* Me-
AB01-PDF0642-notes_left-L003	193	notes_left	diolani 1818, p. 107. — Apud {sp:Syncellum} Ναρσῆς
AB01-PDF0642-notes_left-L004	193	notes_left	Ὤχου ἀδελφός.
AB01-PDF0642-notes_left-L005	193	notes_left	(2) Apud L. {sp:Goldschmidt}, *Die abessini-*
AB01-PDF0642-notes_right-L001	193	notes_right	*schen Handschriften der Stadtbibliothek zu Frank-*
AB01-PDF0642-notes_right-L002	193	notes_right	*furt am Main,* Berlin 1897, nr. 21, p. 75.
AB01-PDF0642-notes_right-L003	193	notes_right	(3) *Die Assyriaka des Ktesias,* in Philologus,
AB01-PDF0642-notes_right-L004	193	notes_right	VI Supplementband, 2. Hälfte, Göttingen 1893, p. 653,
AB01-PDF0642-notes_right-L005	193	notes_right	adn. 634.
AB01-PDF0643-body-L001	194	body	*filium Arsīkh* esse, et Graeco Δαρεῖος Ἀρσάμου respondere; Ἀρσάμης enim (Persice *Arshāma*)
AB01-PDF0643-body-L002	194	body	erat Darii III avus. Si ita res se habet, error in scriptura Syriaca explicatur, cum ex ܐܪܣܡ
AB01-PDF0643-body-L003	194	body	*Arsam* facile ܐܪܣܟ *Arsak* et ܐܪܣܚ *Arṡaḥ* (*Arsakh*) oriantur.
AB01-PDF0643-body-L004	194	body	*Philippus pater Dhū ’l-qarnayn,* loco Philippi *Aridaei* qui Alexandri Magni erat fra-
AB01-PDF0643-body-L005	194	body	ter uterinus. Error apud Arabes haud infrequens; cfr. t. I, p. 243. — De nomine Dhū ’l-qar-
AB01-PDF0643-body-L006	194	body	nayn t. I, p. {sc:lxxiv}.
AB01-PDF0643-body-L007	194	body	*Alexander conditor* est in *Canone Ptolemaico* Ἀλέξανδρος ἄλλος. Sicut in linea praece-
AB01-PDF0643-body-L008	194	body	denti Philippum Aridaeum cum Macedone confuderat, ita nunc {sp:al-Battānī} vel eius fons
AB01-PDF0643-body-L009	194	body	nomine Conditoris (*al-bannā’*) Alexandrum alterum appellat quod, ut recte habet {sp:al-Bī-}
AB01-PDF0643-body-L010	194	body	{sp:rūnī} (1), ad Alexandrum Magnum spectat. Hic enim ὁ κτίστης « [Alexandriae] conditor » in
AB01-PDF0643-body-L011	194	body	*Tabulis Manualibus* {sp:Ptolemaei} (ed. Halma p. 2) ac {sp:Theonis} (ed. Halma t. I, p. 27)
AB01-PDF0643-body-L012	194	body	vocatur. — Eadem confusio apud {sp:Kūshiyār al-Ǵīlī} ({sp:Ideler}, *Handb. d. mathem. u. techn.*
AB01-PDF0643-body-L013	194	body	*Chronol.,* II, 626), et {sp:Ḥāǵǵī Khalīfah} ed. Flügel III, 470, nr. 6471, qui Theonem dicit
AB01-PDF0643-body-L014	194	body	« in opere suo astronomico, Canone appellato et ab observationibus illis deducto, aeram adhi-
AB01-PDF0643-body-L015	194	body	« buisse Philippi Romani, Conditoris, fratris τοῦ Dhū ’l-qarnayn » (استعمل في زيجه المسمّى بالقانون
AB01-PDF0643-body-L016	194	body	المحصول من الرصد المذكور تاريخ فيلبس الرومي البناء اخي ذي القرنين). Quem locum {sp:J. Lippert}, *Studien*
AB01-PDF0643-body-L017	194	body	*auf dem Gebiete der griechisch-arabischen Uebersetzungslitteratur,* Braunschweig 1894,
AB01-PDF0643-body-L018	194	body	p. 41, adn. 2, commemorans, non iniuria affirmat illud « Philippum conditorem » corruptum
AB01-PDF0643-body-L019	194	body	esse ex aliquo Graeco textu Φίλιππος ὁ μετ’ Ἀλέξανδρον τὸν κτίστην « Philippus qui [fuit] post
AB01-PDF0643-body-L020	194	body	Alexandrum conditorem ».
AB01-PDF0643-body-L021	194	body	*Ptolemaeus Lepus.* Melius erat « Ptolemaeum *Arnabā* » scribere, ut est in codice Escu-
AB01-PDF0643-body-L022	194	body	rialensi (اربيا, l. ارنبا). In textu edendo t. III, p. 229, ارنب *arnab,* i. e. « lepus », emendandum
AB01-PDF0643-body-L023	194	body	putavi; vix recte, nam si auctor « leporem » voluisset voci *arnab* articulum *al-* praeposuisset.
AB01-PDF0643-body-L024	194	body	Similiter « Ptolemaeus filius *Arnabā* » apud {sp:al-Bīrūnī}, *Chron.,* p. 92 text. Eius pater enim
AB01-PDF0643-body-L025	194	body	Graece Λάγος « lepus » vocabatur; quod nomen a Syriaco interprete optime *arnĕbā* versum,
AB01-PDF0643-body-L026	194	body	ab {sp:al-Battānī} et {sp:al-Bīrūnī} (seu potius ab utriusque fonte Arabico) pro Graeca voce ha-
AB01-PDF0643-body-L027	194	body	bitum est. Recte alii Arabes *al-arnab,* ut {sp:Ḥamzah} p. 66 text. « Ptolemaeus filius Leporis »;
AB01-PDF0643-body-L028	194	body	{sp:Eutychius} I, 298 « Ptolemaeus qui lepus cognominatur » (بطليموس ويلقّب الارنب); {sp:al-Khā-}
AB01-PDF0643-body-L029	194	body	{sp:zinī} f. 117,r. « Ptolemaeus مثوس (?) filius Lūghūs Leporis »; {sp:Abū ’l-faraǵ} p. 98 « Ptole-
AB01-PDF0643-body-L030	194	body	« maeus filius Lāghūs id est filius Leporis ». — Interdum الارنب *al-arnab* corrumpitur الاريب
AB01-PDF0643-body-L031	194	body	*al-arīb* « intelligens, callidus, astutus »; vide adnot. de Goeje ad {sp:al-Mas‘ūdī}, *at-Tanbīh,*
AB01-PDF0643-body-L032	194	body	p. 114 (locus libri *Mafātīḥ* ibi adductus nunc in edit. van Vloten est p. 113: بطليموس الاريب
AB01-PDF0643-body-L033	194	body	بن اديب).
AB01-PDF0643-body-L034	194	body	*Ptolemaeus Cleopatra.* Pro viro interdum habetur; vide quae narrat {sp:al-Bīrūnī}, *Chron.,*
AB01-PDF0643-body-L035	194	body	p. 92 text., 103 vers.
AB01-PDF0643-body-L036	194	body	*Alexander filius Mammaeae,* Ἀλέξανδρος Μαμαίας, seu Alexander Severus, est in cod.
AB01-PDF0643-body-L037	194	body	Escur. *Aleksandros Brnmā* (برنما), in codicibus {sp:al-Bīrūnī}, *Chron.* p. 94 text., *Aleksandros*
AB01-PDF0643-body-L038	194	body	*Bzymā* (بزيما), quod originem Syriacam ostendit. Primus enim Arabicus huius tabulae interpres
AB01-PDF0643-body-L039	194	body	Syriacum ܒܰܪ ܡܳܡܳܐ *bar Māmā* « filium Mammaeae » pro unico vocabulo habuit, Alexandri
AB01-PDF0643-body-L040	194	body	cognomine; qua re برمما *Barmamā* scripsit, a librariis postea varie corruptum. — Forma Syriaca
AB01-PDF0643-body-L041	194	body	genuina nominis Μαμαία est ܡܡܐ *Māmā,* in inscriptionibus Phoeniciis ממה, in Palmyrenis ממי
AB01-PDF0643-body-L042	194	body	(cfr. {sp:Nöldeke}, *Beiträge zur semitischen Sprachwissenschaft,* Strassburg 1904, p. 94); qua
AB01-PDF0643-notes_left-L001	194	notes_left	(1) *Chron.* 92 (omissum in vers. p. 103), et 28
AB01-PDF0643-notes_left-L002	194	notes_left	text. (32 vers.). — Unde {sp:al-Maqrīzī}, *al-Mawā‘iẓ*
AB01-PDF0643-notes_right-L001	194	notes_right	*wa ’l-i‘tibār,* Būlāq 1270 hegirae, I, 260, l. 5 a f.:
AB01-PDF0643-notes_right-L002	194	notes_right	الاسكندر البناء المقدوني « Alexander conditor Macedon ».
AB01-PDF0644-body-L001	195	body	re optime {sp:Abū ’l-faraǵ} ed. Ṣālḥānī p. 126, e Syriacis fontibus recepit « *Aleksandrūs,* cuius
AB01-PDF0644-body-L002	195	body	« matris nomen erat *Māmā* ». — Traditio autem Arabica quae ex *Graeco* manat, genitivum
AB01-PDF0644-body-L003	195	body	Graecum Μαμαίας servat, quem pro Alexandri cognomine habuit; ita {sp:al-Mas‘ūdī}, *Prai-*
AB01-PDF0644-body-L004	195	body	*ries* II, 306, *al-Iskandar Māmayās;* {sp:al-Mas‘ūdī}, *at-Tanbīh* p. 133, « *al-Ikṣandros*
AB01-PDF0644-body-L005	195	body	(الاكصندرس) et cognominatur *Māmayās* », sicut etiam {sp:Ibn al-Athīr}, ed. Kahirensis, t. I,
AB01-PDF0644-body-L006	195	body	p. 143 (perperam 145 impressum) in altero regum catalogo habet.
AB01-PDF0644-body-L007	195	body	*Decius.* In *Canone* Δέκιος, et apud *historicos* Arabum scriptores *Dāqiyūs, Daqyūs, Dī-*
AB01-PDF0644-body-L008	195	body	*qiyūs.* Sed {sp:al-Battānī} *Dāqiyānūs,* ut semper hic rex vocatur in *Arabico-Muslimicis* re-
AB01-PDF0644-body-L009	195	body	dactionibus fabulosae narrationis de « gente cavernae » (*ahl al-kahf*) i. e. de septem Dormien-
AB01-PDF0644-body-L010	195	body	tibus Ephesi; *Deqyānūs* apud {sp:al-Ḥasan al-Qummī an-Naysābūrī}, *Tafsīr* (in marg.
AB01-PDF0644-body-L011	195	body	*tafsīr* aṭ-Ṭabarī) t. XV, p. 114; {sp:ath-Tha‘labī}, *‘Arā’is al-maǵālis,* Kahirae 1297 heg.,
AB01-PDF0644-body-L012	195	body	p. 369 sqq.; {sp:az-Zamakhsharī}, *al-Kashshāf,* Kahirae 1307 heg., t. I, p. 567; {sp:al-Bay-}
AB01-PDF0644-body-L013	195	body	{sp:ḍāwī} ed. Fleischer, t. I, p. 559 seq.; {sp:ad-Damīrī}, *Ḥayāt al-ḥayawān,* Kahirae 1311 heg.,
AB01-PDF0644-body-L014	195	body	t. II, p. 240–45 (s. v. كلب); [Pseudo-] {sp:Ibn Iyās}, *Badā’i‘ az-zuhūr,* Kahirae 1310 heg.,
AB01-PDF0644-body-L015	195	body	p. 182–85, etc. — {sp:Aṭ-Ṭabarī} in *Annalibus,* ser. I, t. II, p. 778 (de septem Dormientibus
AB01-PDF0644-body-L016	195	body	agens) ac magno in Qoranum *Commentario* t. XV, p. 123–26, 128, 134–38, *Daqīnūs* دقينوس.
AB01-PDF0644-body-L017	195	body	Nomen exstat in vico *Shahr-i-Daqyānūs* « Deciani urbs » quo sunt ruinae urbis Ǵiruft (vide
AB01-PDF0644-body-L018	195	body	tabulas geographicas nr. 255). — Miro modo *Daqyūs* a *Daqyānūs* distinguit lexicon *Qāmūs*
AB01-PDF0644-body-L019	195	body	inscriptum eiusque Commentarius *Tāǵ al-‘arūs,* ed. altera, t. IV, p. 152: {ar:(دقيوس بالفتح) اسم}
AB01-PDF0644-body-L020	195	body	{ar:(ملك) اعجمي (اتخذ مسجدًا على اصحاب الكهف) زاد الصاغاني (ودقيانوس) اسم (ملك هربوا منه) وقصتهم مذكورة}. — In scri-
AB01-PDF0644-body-L021	195	body	ptis Syriacis ܕܩܝܘܣ vel ܕܩܝܣ *Deqyūs;* unde *Daqyūs* in historia *Arabico-Christiana* septem
AB01-PDF0644-body-L022	195	body	Dormientium apud {sp:I. Guidi}, *Testi orientali inediti sopra i Sette Dormienti di Efeso,* in
AB01-PDF0644-body-L023	195	body	Memorie dell’Accad. dei Lincei, Classe di scienze morali, ser. III, t. XII, 1884, p. 391, adn. 1;
AB01-PDF0644-body-L024	195	body	tamen *Deqyānūs* in alia narratione *Arabico-Christiana* apud {sp:Guidi} p. 301. In *Synaxario*
AB01-PDF0644-body-L025	195	body	Arabico-Coptico Iacobitarum *Dākiyūs* ({sp:Guidi} p. 426), ex fonte Graeco, cum quo Aethiopicum
AB01-PDF0644-body-L026	195	body	ዳክዮስ፡ *Dākyōs* congruit, semper in libris sub Zar’a Yā‘qōb (1434–1468 Chr.) conscriptis
AB01-PDF0644-body-L027	195	body	occurrens (apud {sp:Guidi} p. 406–19 et 429), vel cum ዳኬዎስ፡ *Dākēwōs* Synaxarii Aethiopici
AB01-PDF0644-body-L028	195	body	(apud {sp:Guidi} p. 427). — Formam *Dāqiyānūs* vel *Deqyānūs* vel *Daqīnūs* puto e scriptura
AB01-PDF0644-body-L029	195	body	Syriaca ortam, ob ܕܩܝܘܣ male ܕܩܝܢܘܣ lectum (1).
AB01-PDF0644-body-L030	195	body	*Iulianus* « *paganus* » (p. 2 et 3). Arabice *al-ḥanīf,* eodem sensu quo vox Syriaca *ḥanpā;*
AB01-PDF0644-body-L031	195	body	in Graeco παραβάτης « apostata ». De illa verbi *ḥanīf* significatione vide Glossarium De Goeje
AB01-PDF0644-body-L032	195	body	ad {sp:al-Mas‘ūdī}, *at-Tanbīh,* p. {sc:xvii–xviii}.
AB01-PDF0644-body-L033	195	body	*Heraclius* (*Hiraqlis* et *Hiraql*) « *sapiens* » (p. 2 et 3). In codice صاحب العرب *ṣāḥib al-*
AB01-PDF0644-body-L034	195	body	*-‘arab* « dominus arabum », quod t. III, p. 230 ac 231 servavi, licet nullo modo explicare
AB01-PDF0644-body-L035	195	body	possem; item versio Hispanica paulum infra adducenda: « Hercules *el de los Alaraues* ». Le-
AB01-PDF0644-body-L036	195	body	gendum duco صاحب العرف *ṣāḥib al-‘irf* « dominus cognitionis, cognitione praeditus »; littera ف
AB01-PDF0644-body-L037	195	body	in scriptura maghrebina punctum inferne habet, qua re facillime cum ب confunditur. Coniec-
AB01-PDF0644-body-L038	195	body	tura mea innititur {sp:al-Bīrūnī}, *Chron.,* p. 96 text., 105 vers., ubi *Hiraqlis al-ḥakīm* « He-
AB01-PDF0644-body-L039	195	body	« raclius sapiens ». Cur ita vocatus non bene intelligo; in Graeco Ἡράκλειος tantum. Fortasse
AB01-PDF0644-body-L040	195	body	quod Heraclius imperator de rebus astronomicis scripsit; fragmentum eius chronologicum me-
AB01-PDF0644-body-L041	195	body	moravi t. I, p. 244–45. Anno 618 Chr. luculentam in Tabulas Manuales Ptolemaei expositio-
AB01-PDF0644-notes_left-L001	195	notes_left	(1) Cfr. M. J. {sp:de Goeje} sententiam: « Daaren-
AB01-PDF0644-notes_left-L002	195	notes_left	« tegen hebben de Arabische, naar mijne meening
AB01-PDF0644-notes_left-L003	195	notes_left	« uit oude Syrische bronnen afkomstige, berichten
AB01-PDF0644-notes_left-L004	195	notes_left	« Dakianus » (*De legende der Zevenslapers van Efe-*
AB01-PDF0644-notes_right-L001	195	notes_right	*ze,* in Verslagen en Mededeelingen der kon. Akad.
AB01-PDF0644-notes_right-L002	195	notes_right	van Wetenschappen, Afdeeling Letterkunde, 4{sup:e} reeks,
AB01-PDF0644-notes_right-L003	195	notes_right	deel III, Amsterdam 1900, p. 12).
AB01-PDF0645-body-L001	196	body	nem composuit, qua supputationes Solis, Lunae, quinque planetarum docuit, sicut apparet ex
AB01-PDF0645-body-L002	196	body	{sp:Iac. Morellii} *Bibliotheca manuscripta Graeca et Latina,* Bassani 1802, p. 205–06 et 209;
AB01-PDF0645-body-L003	196	body	cfr. etiam {sp:Stephani} philosophi (priore VIII Chr. saeculi medietate) fragmentum de arte ma-
AB01-PDF0645-body-L004	196	body	thematica editum in *Catalogo codicum astrologorum Graecorum,* fasc. II, Brussellis 1900,
AB01-PDF0645-body-L005	196	body	p. 182: Ὅ τε γὰρ Πτολομαῖος [sic] τοῖς ἀπὸ τοῦ Ναβουχοδόνοσορ ἔτεσιν ἐχρήσατο καὶ μησὶν Αἰγυ-
AB01-PDF0645-body-L006	196	body	πτιακοῖς, ὁ δέ γε Θέων καὶ Ἡράκλειος καὶ ὁ Ἀμμώνιος τοῖς τοῦ Φιλίππου καὶ μησὶν Αἰγυπτιακοῖς.
AB01-PDF0645-body-L007	196	body	— Aḥmad ibn ‘Abd al-ḥalīm {sp:Ibn Taymiyyah} in libro *takhǵīl ahl al-inǵīl* « vituperationis
AB01-PDF0645-body-L008	196	body	« asseclarum Evangelii » (1), Heraclium imperatorem affirmat insignem astrologum fuisse, ac
AB01-PDF0645-body-L009	196	body	e stellarum motibus adventum « Regis circumcisionis », nempe Muḥammad, cognovisse; sed,
AB01-PDF0645-body-L010	196	body	iuxta vetustiores Arabicas traditiones (2), eum Heraclius in somnio viderat. Narrant alii He-
AB01-PDF0645-body-L011	196	body	raclium, epistula Prophetae accepta, ad novam religionem se populumque suum convertere
AB01-PDF0645-body-L012	196	body	primo voluisse, sed principum populique minas irritum tale consilium fecisse (3). — Philoso-
AB01-PDF0645-body-L013	196	body	phorum concilium apud Heraclium (*Hiraql*) regem, eorumque de musica sententias, ex aucto-
AB01-PDF0645-body-L014	196	body	ritate اموس (Ammonii?) commemorat {sp:al-Kindī} (IX saec. Chr.) in inedito de musica libello,
AB01-PDF0645-body-L015	196	body	tract. II, cap. IV, apud {sp:Steinschneider} ad {sp:Baldi} p. 437 (extr. 12, cum additamentis). —
AB01-PDF0645-body-L016	196	body	Demum non impossibilis censenda est aliqua cum mythico *Hiraql* (Heraclio aut Hercule) con-
AB01-PDF0645-body-L017	196	body	fusio, quem {sp:Ibn al-Qifṭī} (in adnot. Flügel ad *Fihrist,* t. II, p. 125) dicit « sapientem (*ḥa-*
AB01-PDF0645-body-L018	196	body	« *kīm*) Babylonium, unum e septem sapientibus » qui olim septem templis Babylonis praefuis-
AB01-PDF0645-body-L019	196	body	sent. Huic Hiraql tribuit {sp:an-Nadīm}, *al-Fihrist,* p. 270 et 285, librum *ad-dawāyir wa*
AB01-PDF0645-body-L020	196	body	*’d-dawālīb* « de rotis [omnimodis] et rotis aquariis » (4); eidem aut alii Hiraql magnum de
AB01-PDF0645-body-L021	196	body	*alchymia* librum ipse {sp:an-Nadīm}, p. 353. l. 24, atque p. 354, l. 27, et {sp:Ḥāǵǵī Khalīfah}
AB01-PDF0645-body-L022	196	body	ed. Flügel, t. V, p. 171 (cfr. etiam {sp:Steinschneider}, *Die arabischen Uebersetzungen aus*
AB01-PDF0645-body-L023	196	body	*dem Griechischen,* in Zeitschr. d. deutsch. morgenl. Gesellsch., t. L, 1896, p. 362, ubi alchy-
AB01-PDF0645-body-L024	196	body	miae scriptor dicitur, quo fundamento nescio, ipse Heraclius imperator esse). — In Bibliotheca
AB01-PDF0645-body-L025	196	body	Nationali Parisiensi codex Arabicus XIII saeculi Chr. asservatur, quem Catalogus impressus
AB01-PDF0645-body-L026	196	body	(nr. 178, 3{sup:o}) ita describit: « Comment Sibylle (سبلا) fille de Héraclius (هرقل), chef des philosophes,
AB01-PDF0645-body-L027	196	body	« expliqua le songe que cent hommes eurent, la même nuit, dans la ville de Rome, sous le
AB01-PDF0645-body-L028	196	body	« règne d’Auguste César ». — Mythicus Hercules est cuius imago in codice quodam Graeco
AB01-PDF0645-body-L029	196	body	Bononiensi occurrit, subscripta Ἀστρονόμος ὁ Ἱρακλῇς (*Catal. codd. astrologorum Graecorum,*
AB01-PDF0645-body-L030	196	body	fasc. IV, 1903, p. 45); cfr. {sp:Bouché-Leclercq}, *L’astrologie grecque,* p. 577: « C’est bien
AB01-PDF0645-notes_left-L001	196	notes_left	(1) Apud L. {sp:Marraccium}, *Alcorani textus*
AB01-PDF0645-notes_left-L002	196	notes_left	*universus,* Patavii 1698, t. I (Prodromus ad refuta-
AB01-PDF0645-notes_left-L003	196	notes_left	tionem Alcorani), pars I, p. 44. — Heraclium tan-
AB01-PDF0645-notes_left-L004	196	notes_left	quam verum Prophetam Mahometum coluisse affir-
AB01-PDF0645-notes_left-L005	196	notes_left	mat idem {sp:Ibn Taymiyyah}, *ar-risālah al-qu-*
AB01-PDF0645-notes_left-L006	196	notes_left	*bruṣiyyah,* Kahirae 1319 heg., p. 15. — Obiit auctor
AB01-PDF0645-notes_left-L007	196	notes_left	primo diluculo (*saḥar*) diei Lunae 20 dhū ’l-qa‘dah
AB01-PDF0645-notes_left-L008	196	notes_left	728, i. e. ultima nocte inter diem Dominicam 25 et
AB01-PDF0645-notes_left-L009	196	notes_left	diem Lunae 26 Septembris 1328 (« Dienstag 22. Dū
AB01-PDF0645-notes_left-L010	196	notes_left	« ’lqa‘da = 29 Sept. » apud {sp:Brockelmann} II,
AB01-PDF0645-notes_left-L011	196	notes_left	p. 101 falsum, ac e {sp:Schreiner}, ZDMG, LII, 1898,
AB01-PDF0645-notes_left-L012	196	notes_left	p. 562 repetitum; falsum quoque « primo diluculo
AB01-PDF0645-notes_left-L013	196	notes_left	« diei Lunae 10 dhū ’l-qa‘dah » apud {sp:Ibn al-Ālūsī},
AB01-PDF0645-notes_left-L014	196	notes_left	*Ǵalā’ al-‘aynayn,* Būlāq 1298 heg., p. 9, unde flu-
AB01-PDF0645-notes_left-L015	196	notes_left	xit in biographiam antepositam libro {sp:Ibn Taymiy-}
AB01-PDF0645-notes_left-L016	196	notes_left	{sp:yah}, *al-wāsiṭah bayn al-khalq wa ’l-ḥaqq,* Ka-
AB01-PDF0645-notes_left-L017	196	notes_left	hirae 1318 heg., p. 8).
AB01-PDF0645-notes_right-L001	196	notes_right	(2) *Kitāb al-Aghānī* t. VI, p. 94; {sp:aṭ-Ṭabarī},
AB01-PDF0645-notes_right-L002	196	notes_right	*Annales,* ser. I, t. III, p. 1561 sq.
AB01-PDF0645-notes_right-L003	196	notes_right	(3) *Aghānī* VI, p. 94–96 (cfr. XV, p. 58, l. 14-15);
AB01-PDF0645-notes_right-L004	196	notes_right	{sp:aṭ-Ṭabarī}, l. c., p. 1562-68; {sp:Ibn Sa‘d} apud
AB01-PDF0645-notes_right-L005	196	notes_right	{sp:Wellhausen}, *Skizzen,* t. IV (Berlin 1899) p. 2
AB01-PDF0645-notes_right-L006	196	notes_right	text., 98 vers.; {sp:al-Wāqidī}, vers. Wellhausen,
AB01-PDF0645-notes_right-L007	196	notes_right	p. 329; {sp:Ibn al-Athīr}, Kahirae 1301-02, t. II,
AB01-PDF0645-notes_right-L008	196	notes_right	p. 101–02 (ed. Tornberg II, p. 162-63); {sp:al-Bukhārī},
AB01-PDF0645-notes_right-L009	196	notes_right	Būlāq 1289 heg., t. I, p. 3-5, II, p. 130-31 (ǵihād),
AB01-PDF0645-notes_right-L010	196	notes_right	III, p. 93-94 (tafsīr, ad Qor. III, 57).
AB01-PDF0645-notes_right-L011	196	notes_right	(4) *Dawāyir* verti « rotas omnimodas »; cfr.
AB01-PDF0645-notes_right-L012	196	notes_right	*Le livre des appareils pneumatiques et des machi-*
AB01-PDF0645-notes_right-L013	196	notes_right	*nes hydrauliques de* {sp:Philon de Byzance} *édité*
AB01-PDF0645-notes_right-L014	196	notes_right	*d’après les versions arabes et traduit par Carra*
AB01-PDF0645-notes_right-L015	196	notes_right	*de Vaux,* in Notices et extraits des mss. de la
AB01-PDF0645-notes_right-L016	196	notes_right	Bibliothèque Nationale, t. XXXVIII, Paris 1902, p. 29,
AB01-PDF0645-notes_right-L017	196	notes_right	30, 231.
AB01-PDF0646-body-L001	197	body	« l’Hercules de Tyr que Nonnus appelle ἀστροχίτων (XL, 408, 579), πρόμος ἄστρων (ibid. 567).
AB01-PDF0646-body-L002	197	body	« Cet Hercule fait un cours d’histoire à Bacchus et lui fait cadeau de sa robe constellée, la
AB01-PDF0646-body-L003	197	body	« vêtement légendaire des astrologues ».
AB01-PDF0646-body-L004	197	body	Conspectum intervallorum iuxta *Hispanicam* versionem (f. 29,r.) nunc praebebo: « Lo
AB01-PDF0646-body-L005	197	body	« que a entre Nabuchodonosor el primero fata la muerte de Alexandro el primero .CCCC. et
AB01-PDF0646-body-L006	197	body	« .XXIIII. (1) annos egipcianos. ⸿ Et depues [sic] regno Phelippo padre de Alexandre el
AB01-PDF0646-body-L007	197	body	« Macedonio. et ouo entrel. et entrel començamiento del regnado de Augusto el primero ce-
AB01-PDF0646-body-L008	197	body	« sar .CC. et .LXIIII. (2) annos. ⸿ Et desde que regno Cesar Augusto el romano. fata el co-
AB01-PDF0646-body-L009	197	body	« mençamiento del regno de Dioclecianos el xristiano .CCC. et .XIII. annos. ⸿ Et desde que
AB01-PDF0646-body-L010	197	body	« regno Dioclecianos fata el començamiento del regno de Bolianoz (3) .LXXVII. annos. ⸿ Et
AB01-PDF0646-body-L011	197	body	« despues mataron (4) a Bolianoz. et tornosse el regno a los xristianos assi como fue. (5) Et
AB01-PDF0646-body-L012	197	body	« fue del començamiento del regno de Dioclecianos. fata el comienço que regno Hercules el
AB01-PDF0646-body-L013	197	body	« de los Alaraues .CCC. et .XXVI. (6) annos. ⸿ Et desi regnaron los Alaraues del comença-
AB01-PDF0646-body-L014	197	body	« miento de la alhigera. fata que regno Mauya que fue de fiios de Vmaya. depues [sic] de
AB01-PDF0646-body-L015	197	body	« la muerte de Ahly aben Abitali (7) .XXXIX. annos. et finco el regnado en los fijos de
AB01-PDF0646-body-L016	197	body	« Vmaya. fata que se torno a los fijos de Alahbez a complimiento de .C. et .XXVII. annos
AB01-PDF0646-body-L017	197	body	« de la alhigera ».
AB01-PDF0646-body-L018	197	body	*Ad pag. 4-6.* — **Tabula khalifarum.**
AB01-PDF0646-body-L019	197	body	Eadem (8), usque ad al-Muṭī‘ mortuum (336 heg.) porrecta apud {sp:al-Mas‘ūdī}, *Prai-*
AB01-PDF0646-body-L020	197	body	*ries,* t. IX, p. 38–49, qui se {sp:al-Battānī} praesertim secutum esse fatetur; eadem etiam, usque
AB01-PDF0646-body-L021	197	body	ad al-Muktafī mortuum (334 heg.) perducta, at summis annorum omissis et non sine erro-
AB01-PDF0646-body-L022	197	body	ribus, apud {sp:Ḥamzah} p. 156–58 text. Iuvat nonnulla ex {sp:al-Mas‘ūdī} l. c., p. 38–39 referre:
AB01-PDF0646-body-L023	197	body	« In anteriore huius libri parte iam peculiare caput constitueramus pro regum chronologia ....
AB01-PDF0646-body-L024	197	body	« usque ad hoc tempus, deducta e supputatione atque ex iis quae narrantur in libris biogra-
AB01-PDF0646-body-L025	197	body	« phiarum, historiarum ac eorum qui historiae khalifarum et regum vacaverunt. Sed illo loco
AB01-PDF0646-body-L026	197	body	« non exposueramus quae in astronomicis operibus (*fī kutub az-zīǵāt*) narrant astronomi
AB01-PDF0646-body-L027	197	body	« (*aṣḥāb an-nuǵūm*) sua temporum ratione innitentes. Hoc igitur capite omnia quae illi in
AB01-PDF0646-body-L028	197	body	« astronomicis operibus statuerint ab hegira ad nostrum tempus memorabimus, ut libri utilitas
AB01-PDF0646-body-L029	197	body	« augeatur et cognitio discrepantiae inter historicos ac caelestium rerum scriptores deprehen-
AB01-PDF0646-body-L030	197	body	« datur ». Postea, p. 48–49: « Inter hanc et historicorum biographorumque chronologiam di-
AB01-PDF0646-body-L031	197	body	« screpantia (*tafāwut*) est ob incrementa (*ziyādāt*) mensium et dierum. In chronologia ab he-
AB01-PDF0646-body-L032	197	body	« gira ad hoc tempus statuenda usi sumus iis quae in operibus astronomicis invenimus; nam
AB01-PDF0646-body-L033	197	body	« qui huic [rerum caelestium] arti vacant tempora illa accurate servant (*yurā‘ūn*) eorumque
AB01-PDF0646-body-L034	197	body	« cognitionem absolutissime definitam (*‘alà ’t-taḥdīd*) adipiscuntur. Quae retulimus, ex opere
AB01-PDF0646-body-L035	197	body	« astronomico Abū ‘Abd Allāh Muḥammad ibn Ǵābir {sp:al-Battānī} (9) aliisque astronomicis
AB01-PDF0646-body-L036	197	body	« operibus sumpsimus ». — De tabulis chronologicis vide etiam {sp:al-Mas‘ūdī}, *at-Tanbīh,* p. 329.
AB01-PDF0646-notes_left-L001	197	notes_left	(1) Legit تكد ut in cod. Escurialensi; vide su-
AB01-PDF0646-notes_left-L002	197	notes_left	pra p. 192.
AB01-PDF0646-notes_left-L003	197	notes_left	(2) Perperam legit رصد pro رضد 294.
AB01-PDF0646-notes_left-L004	197	notes_left	(3) Legit بليانس, ut cod. Escur. hac pagina ha-
AB01-PDF0646-notes_left-L005	197	notes_left	bet, pro يليانس (cod. Esc. f. 155,r. يوليانس); omisit *al-*
AB01-PDF0646-notes_left-L006	197	notes_left	*-ḥanīf* « paganum ».
AB01-PDF0646-notes_left-L007	197	notes_left	(4) Legit قتل « interfectus est » pro ملك « re-
AB01-PDF0646-notes_left-L008	197	notes_left	gnavit ».
AB01-PDF0646-notes_right-L001	197	notes_right	(5) Textum corruptum manifeste interpretari
AB01-PDF0646-notes_right-L002	197	notes_right	nescivit; postea duorum annorum intervallum omisit.
AB01-PDF0646-notes_right-L003	197	notes_right	(6) Legit سكو ut cod. Escur.
AB01-PDF0646-notes_right-L004	197	notes_right	(7) I. e. ‘Alī ibn Abī Ṭālib; deest incisum in
AB01-PDF0646-notes_right-L005	197	notes_right	cod. Escur.
AB01-PDF0646-notes_right-L006	197	notes_right	(8) Textus Arabicus in t. III, p. 231-34. In ver-
AB01-PDF0646-notes_right-L007	197	notes_right	sione Hispanica omissae.
AB01-PDF0646-notes_right-L008	197	notes_right	(9) In edit. البناني, qua re in versione Gallica
AB01-PDF0646-notes_right-L009	197	notes_right	*Bennani.*
AB01-PDF0647-body-L001	198	body	Anni et menses huius tabulae lunares sunt, iuxta Muslimorum calendarium. De hegira
AB01-PDF0647-body-L002	198	body	die Iovis constituta in adnot. ad tabulam p. 7 dicam.
AB01-PDF0647-body-L003	198	body	« *Khalifarum iustorum* » nomen in inscriptionibus servavi, sicut in codice inveneram.
AB01-PDF0647-body-L004	198	body	Sed plerumque nonnisi quatuor priores khalifae ita vocantur; nec impossibile est nomen, ab
AB01-PDF0647-body-L005	198	body	{sp:al-Battānī} quatuor illis dumtaxat praepositum, amanuensium errore etiam reliquis omnibus
AB01-PDF0647-body-L006	198	body	tributum esse.
AB01-PDF0647-body-L007	198	body	*Banū Hāshim,* in initio p. 5 memorati, tribus vel gens sunt a qua khalifae ‘Abbāsidae
AB01-PDF0647-body-L008	198	body	originem ducebant.
AB01-PDF0647-body-L009	198	body	Discrepantiae ab {sp:al-Mas‘ūdī} minimi sunt momenti, ut ex earum conspectu patebit:
AB01-PDF0647-body-T01	198	body	\\RawBlock{\\hspace*{14mm}\\begin{tabular}{@{}l@{\\hspace{6mm}}r@{\\hspace{2.2mm}}r@{\\hspace{2.2mm}}r@{\\hspace{3mm}}|@{\\hspace{3mm}}r@{\\hspace{2.2mm}}r@{\\hspace{2.2mm}}r@{\\hspace{3mm}}||@{\\hspace{3mm}}r@{\\hspace{2.2mm}}r@{\\hspace{2.2mm}}r@{\\hspace{3mm}}|@{\\hspace{3mm}}r@{\\hspace{2.2mm}}r@{\\hspace{2.2mm}}r@{}}\
& \\multicolumn{6}{c||}{\\Name{al-Battānī} p. 4} & \\multicolumn{6}{c}{\\Name{al-Mas‘ūdī} IX, 42}\\\\[3pt]\
‘Omar ibn ‘Abd al-Malik & 2\\sa & 5\\sm & \\textit{13}\\sd & 100\\sa & 6\\sm & \\textit{26}\\sd & 2\\sa & 5\\sm & \\textit{15}\\sd & 100\\sa & 6\\sm & \\textit{28}\\sd\\\\\
Yazīd ibn ‘Abd al-Malik & 4 & 0 & 1 & 104 & 6 & \\textit{27} & 4 & 0 & 1 & 104 & 6 & \\textit{29}\\\\\
Hishām ibn ‘Abd al-Malik & 19 & 8 & \\textit{9} & 124 & 3 & 6 & 19 & 8 & \\textit{7} & 124 & 3 & 6\\\\[8pt]\
& \\multicolumn{6}{c||}{\\Name{al-Battānī} p. 5} & \\multicolumn{6}{c}{\\Name{al-Mas‘ūdī} IX, 46}\\\\[3pt]\
al-Mutawakkil & 14\\sa & 9\\sm & \\textit{9}\\sd & 246\\sa & 9\\sm & \\textit{3}\\sd & 14\\sa & 9\\sm & \\textit{7}\\sd & 246\\sa & 9\\sm & \\textit{1}\\sd\\\\\
al-Muntaṣir & 0 & 6 & 0 & 247 & 3 & \\textit{3} & 0 & 6 & 0 & 247 & 3 & \\textit{1}\\\\\
al-Musta‘īn & 2 & 9 & 3 & 250 & 0 & \\textit{6} & 2 & 9 & 3 & 250 & 0 & \\textit{4}\\\\\
usque ad al-Mu‘tazz & 0 & 0 & \\textit{8} & 250 & 0 & 14 & 0 & 0 & \\textit{10} & 250 & 0 & 14\\\\\
\\end{tabular}}
AB01-PDF0647-body-L010	198	body	Omnes qui post *al-Muktafī* memorantur (Italicis seu inclinatis litteris expressi), quoniam
AB01-PDF0647-body-L011	198	body	seriore aetate quam {sp:Albatenii} fuerunt, manifeste ab aliquo lectore additi sunt, qui in an-
AB01-PDF0647-body-L012	198	body	norum *al-Muqtadir* summa perperam 18 dies loco 11 posuit et reliquas summas igitur etiam
AB01-PDF0647-body-L013	198	body	vitiavit. Nec parvae sunt in his interpolatis discrepantiae ab {sp:al-Mas‘ūdī}.
AB01-PDF0647-body-L014	198	body	Sed fortasse ultimus khalifa ab {sp:al-Battānī} memoratus erat *al-Mu‘taḍid;* numeri enim
AB01-PDF0647-body-L015	198	body	sequentis al-Muktafī cum {sp:al-Mas‘ūdī} IX, 47 non congruunt:
AB01-PDF0647-body-L016	198	body	{sp:al-Battānī} 6\\sa\\ 6\\sm\\ *4*\\sd\\ \\ |\\ \\ 294\\sa\\ *9*\\sm\\ *26*\\sd\\ \\ ||\\ \\ {sp:al-Mas‘ūdī} 6\\sa\\ 6\\sm\\ *20*\\sd\\ \\ |\\ \\ 294\\sa\\ *10*\\sm\\ *12*\\sd
AB01-PDF0647-body-L017	198	body	Historici scriptores, sicut {sp:aṭ-Ṭabarī}, ser. III, t. V, p. 2280, {sp:al-Mas‘ūdī}, *at-Tanbīh,*
AB01-PDF0647-body-L018	198	body	p. 371 (ubi وستّة اشهر inserendum), aliique, khalifatum al-Muktafī 6 annorum, 6 mensium, 19
AB01-PDF0647-body-L019	198	body	dierum faciunt.
AB01-PDF0647-body-L020	198	body	Rogo demum ut p. 5, ult. l., pro codicis كح 28 restituantur كج 23 anni.
AB01-PDF0647-body-L021	198	body	*Ad pag. 7.* — **Signa annorum Arabicorum.**
AB01-PDF0647-body-L022	198	body	Tabulam auctor memorat t. I, p. 71 (cap. XXXII), explicat p. 145 (adp. A).
AB01-PDF0647-body-L023	198	body	Duae signorum rationes occurrunt; altera, quam I vocabo, in sinistra paginae parte, al-
AB01-PDF0647-body-L024	198	body	tera (II) in dextera. Mihi II, in Hispanica versione (f. 29,r.) omissa, *spuria* videtur; inutilis
AB01-PDF0647-body-L025	198	body	prorsus cum iam I praebeatur, et altera minus commoda, quia ad signum anni dati reperien-
AB01-PDF0647-body-L026	198	body	dum necesse est signo illius anni in tabula scripto signum mensis al-muḥarram semper ad-
AB01-PDF0647-body-L027	198	body	dere. Signum primi anni hegirae erit nempe 7 + 5 = 5, signum secundi 4 + 5 = 2, etc.
AB01-PDF0647-body-L028	198	body	Iuxta rationem I signum anni iam in tabula est, nec additio requiritur nisi ad invenienda signa
AB01-PDF0647-body-L029	198	body	mensium qui primo (al-muḥarram) subsequuntur. {sp:Al-Battānī}, l. c., rationem I exponit; II ne
AB01-PDF0647-body-L030	198	body	memorat quidem (1).
AB01-PDF0647-notes-L001	198	notes	(1) Tertia ratio ex opere {sp:Maslamah al-Maǵrīṭī}, in tabulis spuriis f. 240,v. et 241,r.
AB01-PDF0648-body-L001	199	body	Signa annorum collectorum iustis esse unitate minora {sp:al-Battānī} monet; cur ita fa-
AB01-PDF0648-body-L002	199	body	ctum exposui t. I, p. 323.
AB01-PDF0648-body-L003	199	body	« Anni collecti » (*sinūn maǵmū‘ah*) significant, apud astronomos Arabicos, summam an-
AB01-PDF0648-body-L004	199	body	norum ab epocha aerae, non annorum spatium a quocumque temporis momento numeratum.
AB01-PDF0648-body-L005	199	body	« Anni singuli » vel, ut Arabice vocantur, « expansi » (*sinūn mabsūṭah*), sunt anni singilla-
AB01-PDF0648-body-L006	199	body	tim sumpti, a quocumque tempore numerati. Nomina annorum *collectorum* et *expansorum*
AB01-PDF0648-body-L007	199	body	e scriptis Arabicis in *Tabulas Toletanas, Alphonsinas* aliasque multas aevi medii et recen-
AB01-PDF0648-body-L008	199	body	tiores irrepserunt.
AB01-PDF0648-body-L009	199	body	Apud Arabes, ut apud Latinos veteres et astronomos omnes, hebdomada a die dominica
AB01-PDF0648-body-L010	199	body	(feria prima) orditur; sabbatum (feria septima) hebdomadam concludit.
AB01-PDF0648-body-L011	199	body	{sp:Al-Battānī} epocham hegirae ponit *die Iovis* (feria quinta) 15 Iulii 622 Chr. Ex astro-
AB01-PDF0648-body-L012	199	body	nomis Arabicis (1) quos inspexi, soli {sp:Ḥabash} et {sp:al-Khāzinī} (f. 22,v. etc.) usum civilem
AB01-PDF0648-body-L013	199	body	Muslimicum sequuntur epochae hegirae die Veneris (feria sexta) 16 Iulii constituendae. Iuvat
AB01-PDF0648-body-L014	199	body	quae {sp:Ḥabash} f. 2,v. narrat suis ipsis verbis referre: « Cum sacrarum traditionum narrato-
AB01-PDF0648-body-L015	199	body	« res (2) et viros computandi peritissimos invenissem novilunium (مستهَلّ) al-muḥarram anni quo
AB01-PDF0648-body-L016	199	body	« Arabicus (3) Propheta Muḥammad (propitius est salutemque aeternam praestat ei Deus et
AB01-PDF0648-body-L017	199	body	« purae genti eius domus) feria quinta ponere, investigavi verumne hoc esset (يصحّ) iuxta com-
AB01-PDF0648-body-L018	199	body	« putationem. Coniunctionem luminarium ad novilunium al-muḥarram anni primi hegirae re-
AB01-PDF0648-body-L019	199	body	« peri fuisse Mekkah in urbe post mediam noctem cuius mane (صبيحة) feria quarta [i. e. dies
AB01-PDF0648-body-L020	199	body	« Mercurii] fuit, ac supputando inveni apparitionem Lunae novae in Mekkah fuisse nocte diei
AB01-PDF0648-body-L021	199	body	« Veneris novilunium al-muḥarram anni hegirae. Igitur nihil invenimus quod feriam quintam
AB01-PDF0648-body-L022	199	body	« [diem Iovis] indicaret in coniunctione aut in apparitione; unde nobis patuit gentem illam
AB01-PDF0648-body-L023	199	body	« al-muḥarram a nocte diei Iovis iuxta usum communem dumtaxat computasse, toto calculo
AB01-PDF0648-body-L024	199	body	« suo mensem dhū ’l-ḥiǵǵah elapsum [statuendo] 29 dierum fuisse (4). Igitur ad apparitionem
AB01-PDF0648-body-L025	199	body	« Lunae novae reversi sumus, et initium al-muḥarram anni primi hegirae constituimus nocte
AB01-PDF0648-body-L026	199	body	« diei Veneris in Mekkah, [cuius] mane dies XXVIII mensis afrawardīn-māh anni 44 ab
AB01-PDF0648-body-L027	199	body	« Abarwīz (5) rege, et 9 annis ac 338 diebus ante Yazdaǵird regem. Item nocte cuius mane
AB01-PDF0648-notes_left-L001	199	notes_left	(1) Sicut astronomi, ita astrologi diem Iovis
AB01-PDF0648-notes_left-L002	199	notes_left	15 Iulii 622 pro epocha aerae habere solent; e qui-
AB01-PDF0648-notes_left-L003	199	notes_left	bus {sp:al-Kindī} apud O. {sp:Loth}, *al-Kindî als As-*
AB01-PDF0648-notes_left-L004	199	notes_left	*trolog,* in Morgenländische Forschungen, Festschrift
AB01-PDF0648-notes_left-L005	199	notes_left	an H. L. Fleischer, Leipzig 1875, p. 294. — Cum 3624
AB01-PDF0648-notes_left-L006	199	notes_left	dierum faciant intervallum inter aeras hegirae et
AB01-PDF0648-notes_left-L007	199	notes_left	Iezdegerdis, patet in eadem sententia versari {sp:Al-}
AB01-PDF0648-notes_left-L008	199	notes_left	{sp:bumasar} [Abū Ma‘shar] *de magnis coniunctio-*
AB01-PDF0648-notes_left-L009	199	notes_left	*nibus,* Venetiis 1515, tract. IV in fine, ac tract. VIII,
AB01-PDF0648-notes_left-L010	199	notes_left	diff. 2; et {sp:Alchabitium} [al-Qabīṣī], diff. IV,
AB01-PDF0648-notes_left-L011	199	notes_left	cap. VI, fol. dd 3,r. edit. 1485, vel f. 17,r. edit. 1521
AB01-PDF0648-notes_left-L012	199	notes_left	(titulos ambarum dedi t. I, p. 309, adn. 1).
AB01-PDF0648-notes_left-L013	199	notes_left	(2) *Ruwāt al-ḥadīth,* i. e. qui dicta et facta
AB01-PDF0648-notes_left-L014	199	notes_left	Prophetae eiusque sociorum diligentissime collecta
AB01-PDF0648-notes_left-L015	199	notes_left	tradebant.
AB01-PDF0648-notes_left-L016	199	notes_left	(3) Ex ipso *Qorano* apparet Qoranum esse « *li-*
AB01-PDF0648-notes_left-L017	199	notes_left	*brum Arabicum* », vel « *claro Arabico sermone*
AB01-PDF0648-notes_left-L018	199	notes_left	*scriptum* », omnesque Prophetas qui ante Muḥam-
AB01-PDF0648-notes_left-L019	199	notes_left	mad fuerint ad alias quam Arabicam nationes mis-
AB01-PDF0648-notes_left-L020	199	notes_left	sos. Unde nomen « *Prophetae Arabici* » quo saepe
AB01-PDF0648-notes_right-L001	199	notes_right	Muḥammad vocatur, praesertim in initio ac fine car-
AB01-PDF0648-notes_right-L002	199	notes_right	minum interiectorum popularibus iisque longissimis
AB01-PDF0648-notes_right-L003	199	notes_right	narrationibus *Sīrat Banī Hilāl* inscriptis ac res ge-
AB01-PDF0648-notes_right-L004	199	notes_right	stas gentis Banī Hilāl concelebrantibus (in editt.
AB01-PDF0648-notes_right-L005	199	notes_right	Berytensibus, a Christianis factis, illi primi ultimi-
AB01-PDF0648-notes_right-L006	199	notes_right	que versus omittuntur).
AB01-PDF0648-notes_right-L007	199	notes_right	(4) Triginta dierum fuerat iuxta peculiarem
AB01-PDF0648-notes_right-L008	199	notes_right	{sp:Ḥabash} intercalandi rationem, qua ultimus annus
AB01-PDF0648-notes_right-L009	199	notes_right	cycli tricennalis pro bisextili habetur; cfr. t. I, p. 323.
AB01-PDF0648-notes_right-L010	199	notes_right	Ab hegira novus ciclus orditur.
AB01-PDF0648-notes_right-L011	199	notes_right	(5) Chosroes II, cuius regnum a die 27 Iunii
AB01-PDF0648-notes_right-L012	199	notes_right	590 Chr. supputatum esse certissime constat; vide
AB01-PDF0648-notes_right-L013	199	notes_right	{sp:Tabari}’s *Geschichte der Perser und Araber zur*
AB01-PDF0648-notes_right-L014	199	notes_right	*Zeit der Sasaniden übers. von Th. Nöldeke,* Lei-
AB01-PDF0648-notes_right-L015	199	notes_right	den 1879, p. 430-31, {sp:Th. Nöldeke}, *Zur persi-*
AB01-PDF0648-notes_right-L016	199	notes_right	*schen Chronologie,* in ZDMG., t. L, 1896, p. 141, et
AB01-PDF0648-notes_right-L017	199	notes_right	etiam tabulas omnes Sāsānidarum regum apud {sp:al-}
AB01-PDF0648-notes_right-L018	199	notes_right	{sp:-Bīrūnī}, *Chron.,* p. 121-31 text., 123-28 vers. Ergo
AB01-PDF0648-notes_right-L019	199	notes_right	16 Iulii 622 fuit XXVIII dies mensis afrawardīn anni 32
AB01-PDF0648-notes_right-L020	199	notes_right	(non 44 ut in codice Ḥabash) a Chosroe II rege.
AB01-PDF0649-body-L001	200	body	« fuit XVI dies tammūz [Iulii] anni 933 Alexandri; et a primo die tishrīn prioris (1) ad XV
AB01-PDF0649-body-L002	200	body	« tammūz, toto XV computato, 288 dies fuerunt. Item mane XXIII diei mensis kiyahk
AB01-PDF0649-body-L003	200	body	« anni 1389 a Bukhtanaṣṣar; et a primo die tūt ad XXII kiyahk, die XXII computato,
AB01-PDF0649-body-L004	200	body	« 112 dies fuerunt, qui, additis quinque epagomenis (*al-ayyām al-lawāḥiq*), 117 fiunt. Hos
AB01-PDF0649-body-L005	200	body	« quinque propterea adiecimus quia a [mense Persico] daymāh (2) numeramus, [ex quo] cum
AB01-PDF0649-body-L006	200	body	« 12 elapsi sunt annus Coptorum perfectus est ».
AB01-PDF0649-body-L007	200	body	Iuxta civilem Muslimorum usum dies ab occasu Solis computatur, ita ut nox ad sequens
AB01-PDF0649-body-L008	200	body	mane pertineat. Astronomi diem a meridie supputant (t. I, p. 221); ergo nox diei Veneris iuxta
AB01-PDF0649-body-L009	200	body	usum civilem fit apud eos nox diei Iovis. Diei discrepantia in epocha hegirae ita explicatur.
AB01-PDF0649-body-L010	200	body	{sp:Ḥabash} autem aliis calculis fretus est.
AB01-PDF0649-body-L011	200	body	Usum mensium lunarium Mekkanis Propheta praecepisse videtur anno 9 hegirae, quo
AB01-PDF0649-body-L012	200	body	*Qorani* IX, 36–37 versiculos probabiliter edidit (3); praecepta anno sequenti in ultima sua
AB01-PDF0649-body-L013	200	body	contione iteravit (4). Quo calendario {sp:Mekkani} antea uterentur non liquet; doctissimorum
AB01-PDF0649-body-L014	200	body	virorum coniecturas vide apud A. {sp:Caussin de Perceval}, *Mémoire sur le calendrier*
AB01-PDF0649-body-L015	200	body	*arabe avant l’Islamisme* (Journal Asiatique, ser. IV, t. 1, 1843, p. 342–79); {sp:Mahmoud}
AB01-PDF0649-body-L016	200	body	{sp:Effendi}, *Mémoire sur le calendrier arabe avant l’Islamisme et sur la naissance et l’âge*
AB01-PDF0649-body-L017	200	body	*du prophète Mohammad* (Journ. Asiat., V, 11, 1858, p. 109–92); A. {sp:Sprenger}, *Ueber den*
AB01-PDF0649-body-L018	200	body	*Kalender der Araber vor Muḥammad* (Zeitschr. d. deutsch. morgenländ. Gesellsch., t. XIII,
AB01-PDF0649-body-L019	200	body	1859, p. 134-75); J. {sp:Wellhausen}, *Reste arabischen Heidentums,* ed. altera, Berlin 1897,
AB01-PDF0649-body-L020	200	body	p. 94–101; H. {sp:Winckler}, *Altorientalische Forschungen,* ser. II, t. II (1900), p. 324–50,
AB01-PDF0649-body-L021	200	body	374–81. Suam ipsam sententiam postea {sp:Winckler} (5) paulo mutavit, affirmans Prophetae
AB01-PDF0649-body-L022	200	body	tempore Mekkanos calendarium *solare* habuisse, a Christianis Arabiae australis, Abrahah duce,
AB01-PDF0649-body-L023	200	body	post 525 Chr. allatum; Prophetam autem, post Mekkam anno 8 heg. captam, vetustissimum
AB01-PDF0649-body-L024	200	body	calendarium Mekkanorum *lunare* restituisse quod ad cultum Dei lunaris Hubal olim perti-
AB01-PDF0649-body-L025	200	body	nuisset.
AB01-PDF0649-body-L026	200	body	Nonnulli, quos {sp:aṭ-Ṭabarī} (*Annales,* ser. I, t. III, p. 1250–56) recenset, epocham aerae
AB01-PDF0649-body-L027	200	body	ab ipso Muḥammad institutam dicunt; plurimi, rectius quidem, a khalifa ‘Omar anno 16 (vel
AB01-PDF0649-body-L028	200	body	17 vel 18). Epocha est I dies al-muḥarram anni quo Propheta, ab urbe Mekkah secedens,
AB01-PDF0649-body-L029	200	body	al-Madīnah pervenit; quod, iuxta Arabicos et nostros astronomos, die Lunae 8 rabī‘ prioris
AB01-PDF0649-body-L030	200	body	iuxta usum civilem (20 Sept. 622) fuit vel die Dominica 7 eiusdem (19 Sept.) iuxta astronomicam
AB01-PDF0649-body-L031	200	body	temporum rationem. Vide {sp:Mahmoud Effendi}, l. c., p. 121; {sp:Loth}, *al-Kindî als Astrolog,*
AB01-PDF0649-body-L032	200	body	p. 293–94; {sp:al-Bīrūnī}, *Chron.,* p. 330 text., 327–28 vers. Errant Arabes illi qui diem 12
AB01-PDF0649-body-L033	200	body	rabī‘ I deligunt.
AB01-PDF0649-body-L034	200	body	De codicis erroribus in annis bisextilibus designandis dixi t. I, p. 323, II; omnia ad {sp:Al-}
AB01-PDF0649-body-L035	200	body	{sp:batenii} mentem restitui.
AB01-PDF0649-notes_left-L001	200	notes_left	(1) Seu Octobris; iuxta communem usum (ab
AB01-PDF0649-notes_left-L002	200	notes_left	*Albateniano* diversum) annos Seleucidarum a I Octo-
AB01-PDF0649-notes_left-L003	200	notes_left	bris computat.
AB01-PDF0649-notes_left-L004	200	notes_left	(2) Aera Nabonassaris die I daymāh incepit.
AB01-PDF0649-notes_left-L005	200	notes_left	(3) Iuxta {sp:Nöldeke}, *Geschichte des Qorâns,*
AB01-PDF0649-notes_left-L006	200	notes_left	Göttingen 1860, p. 166.
AB01-PDF0649-notes_left-L007	200	notes_left	(4) {sp:Ibn Hishām}, ed. Wüstenfeld, p. 968–69;
AB01-PDF0649-notes_left-L008	200	notes_left	{sp:aṭ-Ṭabarī}, *Annales,* ser. I, t. IV, p. 1753-54; om-
AB01-PDF0649-notes_left-L009	200	notes_left	nesque sacrarum traditionum scriptores. De tota ea
AB01-PDF0649-notes_left-L010	200	notes_left	contione, varie tradita partimque fortasse ficta, cfr.
AB01-PDF0649-notes_left-L011	200	notes_left	{sp:Snouck Hurgronje}, *Het mekkaansche feest,*
AB01-PDF0649-notes_right-L001	200	notes_right	Leiden 1880, p. 43–45. — Nullam certam rationem
AB01-PDF0649-notes_right-L002	200	notes_right	in chronologia rerum a Propheta gestarum habuisse
AB01-PDF0649-notes_right-L003	200	notes_right	vetustissimos historiae scriptores iure monet {sp:Ed.}
AB01-PDF0649-notes_right-L004	200	notes_right	{sp:Sachau}, p. {sc:xxxv} praefationis suae in I partem
AB01-PDF0649-notes_right-L005	200	notes_right	tomi III operis {sp:Ibn Saad}, *Biographien Muham-*
AB01-PDF0649-notes_right-L006	200	notes_right	*meds, seiner Gefährten und der späteren Träger*
AB01-PDF0649-notes_right-L007	200	notes_right	*des Islams hrsg. von E. Sachau,* Leiden 1904 sqq.
AB01-PDF0649-notes_right-L008	200	notes_right	(5) *Arabisch-Semitisch-Orientalisch, kultur-*
AB01-PDF0649-notes_right-L009	200	notes_right	*geschichtlich-mythologische Untersuchung,* Berlin
AB01-PDF0649-notes_right-L010	200	notes_right	1901-02, p. 81–90 (= Mitteilungen der vorderasiati-
AB01-PDF0649-notes_right-L011	200	notes_right	schen Gesellschaft, VI Jahrg., 1901, fasc. 4–5).
AB01-PDF0650-body-L001	201	body	*Ad pag. 8.* — **Signa mensium annorumque Romanorum.**
AB01-PDF0650-body-L002	201	body	Huius tabulae, t. I, p. 71 (cap. XXXII) memoratae, auctor usum explanavit in adp. B
AB01-PDF0650-body-L003	201	body	(t. I, p. 146). Cur signa unitate sint deminuta et cur anni per 28 dividendi exposui t. I, p. 323.
AB01-PDF0650-body-L004	201	body	In tabulis similibus apud {sp:al-Bīrūnī}, *Chron.,* p. 195 text., 175 vers., et {sp:Oloug Beg},
AB01-PDF0650-body-L005	201	body	p. 18 text., 17 vers., nulla deminutione signa afficiuntur, et aerae initium prima die Octobris,
AB01-PDF0650-body-L006	201	body	ut communis est mos, non Septembris constituitur.
AB01-PDF0650-body-L007	201	body	Columna bisextilium praebet sexagesimas partes diei. Cum annus Romanus 365 {sfrac:1/4} die-
AB01-PDF0650-body-L008	201	body	rum seu 365 {sfrac:15/60} sit, sexagesimae sibi ipsis adiectae diem integrum intercalandum quarto
AB01-PDF0650-body-L009	201	body	quoque anno conficiunt.
AB01-PDF0650-body-L010	201	body	Nomina Latina mensium puto ab *interpolatore Arabico-occidentali* addita. Nunquam ab
AB01-PDF0650-body-L011	201	body	{sp:al-Battānī} in capitibus de chronologia memorantur; differunt etiam a nominibus apud scri-
AB01-PDF0650-body-L012	201	body	ptores *Arabico-orientales* (1) occurrentibus, scilicet: *yānuwāriyūs, fībruwāriyūs, marṭi-*
AB01-PDF0650-body-L013	201	body	*yūs, abrīliyūs, māyūs, yūniyūs, yūliyūs, aghūsṭūs, sābṭānbriyūs, oqṭūmbriyūs, nuwām-*
AB01-PDF0650-body-L014	201	body	*briyūs, dīqembriyūs,* quae e Graecis proveniunt: Ἰανουάριος, Φεβρουάριος, Μάρτιος, Ἀπρίλλιος,
AB01-PDF0650-body-L015	201	body	Μάϊος, Ἰούνιος, Ἰούλιος, Αὔγουστος, Σεπτέμβριος, Ὀκτώβριος, Νοέμβριος, Δεκέμβριος. Apud *Arabes*
AB01-PDF0650-body-L016	201	body	*orientales* nomina directe e *Latino* aut linguis *Neolatinis* sumpta nonnisi XII saeculo Christi
AB01-PDF0650-body-L017	201	body	innotuere, per Cruciatorum bella et per foedera ab Italicis praesertim rebuspublicis cum Ae-
AB01-PDF0650-body-L018	201	body	gypti dynastibus inita (2); unde factum est ut hoc nostro tempore menses calendarii Iuliani
AB01-PDF0650-body-L019	201	body	ab Arabibus *Aegypti* ita designentur: *yanāyir, fabrāyir, mārs, abrīl, māyū, yūniyah, yū-*
AB01-PDF0650-body-L020	201	body	*liyah, oghusṭus, sebtembar, oktūbar, nōfembar, dīsembar.* — Miro modo *mārt, māyus* et
AB01-PDF0650-body-L021	201	body	*oghostūs* (اغستوس) soli recepti sunt in annum Iulianum quo *Turcae,* post 1675 Chr., in rebus
AB01-PDF0650-body-L022	201	body	ad aerarium spectantibus utuntur, dum reliqui menses Syriacis nominibus vocantur.
AB01-PDF0650-body-L023	201	body	Nomina huius tabulae spuria, etiam in tabula f. 241,v. (ex opere Arabico-Hispani {sp:Ma-}
AB01-PDF0650-body-L024	201	body	{sp:slamah al-Maǵrīṭī} sumpta) occurrentia, haec sunt: *yannayr, fabrayr, mārs, ibrīl, mā-*
AB01-PDF0650-body-L025	201	body	*yuh, yūniyuh, yulyuh* (يليه), *aghusht, sutambar, aktūbar, nuwanbar, duǵanbar.* Eadem
AB01-PDF0650-body-L026	201	body	(paulum mutatis *marsuh, ibrīr, yūliyuh*) appellantur « menses *occidentalium* » (المغاربة) ab
AB01-PDF0650-body-L027	201	body	{sp:al-Bīrūnī}, *Chron.,* p. 50 et 71 text., 59 et 83 vers.; et in astrolabio occurrunt anno 420 heg.
AB01-PDF0650-body-L028	201	body	(inc. 19 Ianuar. 1029) Toleti confecto, paulum mutatis *yūliyuh, shutanbar, dukanbar* (3).
AB01-PDF0650-body-L029	201	body	— Sub finem VI saec. heg. (XII Chr.), {sp:Ibn Ǵubayr}, scriptor Arabico-Hispanus, iter suum
AB01-PDF0650-body-L030	201	body	per Siciliam describens memorat *yannayr* (apud {sp:Amari}, *Bibl. Arabo-sicula,* text. p. 96).
AB01-PDF0650-notes_left-L001	201	notes_left	(1) Iique paucissimi sunt: {sp:Ḥabash} f. 4,v., qui
AB01-PDF0650-notes_left-L002	201	notes_left	ea appellat nomina « mensium Graecorum (*al-yū-*
AB01-PDF0650-notes_left-L003	201	notes_left	*nāniyyīn*) »; {sp:al-Bīrūnī}, *Chron.,* p. 50 text. (59
AB01-PDF0650-notes_left-L004	201	notes_left	vers.) et 71 text. (83 vers.), « menses Graecorum »
AB01-PDF0650-notes_left-L005	201	notes_left	aut « Romanorum »; Chems eddin Abou Abdallah
AB01-PDF0650-notes_left-L006	201	notes_left	Mohammed {sp:ed-Dimichqui}, *Cosmographie, texte*
AB01-PDF0650-notes_left-L007	201	notes_left	*arabe publié d’après l’édition commencée par C.*
AB01-PDF0650-notes_left-L008	201	notes_left	*M. Fraehn par M. F. Mehren,* St. Pétersbourg 1866,
AB01-PDF0650-notes_left-L009	201	notes_left	cap. IX, sect. 8, « menses Graecorum et Romano-
AB01-PDF0650-notes_left-L010	201	notes_left	rum ». — ذقمبرس in subscriptione codicis Arabico-
AB01-PDF0650-notes_left-L011	201	notes_left	-Christiani, in Syria anno 1188 Alexandri, 877 Chr.,
AB01-PDF0650-notes_right-L001	201	notes_right	exarati (vide periodicum *al-Mashriq,* t. VI, 1903,
AB01-PDF0650-notes_right-L002	201	notes_right	pag. 1011).
AB01-PDF0650-notes_right-L003	201	notes_right	(2) Ut *māy, yūniyuh, aghusht,* in foederibus
AB01-PDF0650-notes_right-L004	201	notes_right	XII ac XIII saec. inter Genuenses et Aegyptum, apud
AB01-PDF0650-notes_right-L005	201	notes_right	M. {sp:Amari}, *Nuovi ricordi arabici su la storia di*
AB01-PDF0650-notes_right-L006	201	notes_right	*Genova,* Genova 1873, p. 5, 10, 16 (= Atti della So-
AB01-PDF0650-notes_right-L007	201	notes_right	cietà Ligure di storia patria, t. V).
AB01-PDF0650-notes_right-L008	201	notes_right	(3) F. {sp:Woepcke}, *Ueber ein in der k. Bi-*
AB01-PDF0650-notes_right-L009	201	notes_right	*bliothek zu Berlin befindliches arabisches Astro-*
AB01-PDF0650-notes_right-L010	201	notes_right	*labium,* in Abhandl. der mathem. Klasse der k. Ak.
AB01-PDF0650-notes_right-L011	201	notes_right	der Wissensch. zu Berlin, Jahrg. 1858, p. 5.
AB01-PDF0651-body-L001	202	body	*fabrayr* (p. 101) et *duǵanbar* (p. 77, 94). — In opere *Vocabulista in arabico pubblicato*
AB01-PDF0651-body-L002	202	body	*da C. Schiaparelli,* Firenze 1871, in Hispania meridionali saec. XIII confecto, memorantur
AB01-PDF0651-body-L003	202	body	*fibrayr, abrīl, māyuh, yūniyuh, yūliyuh, aghusht, shutanbar, nuwanbar, dhuǵanbar* (1). Hae
AB01-PDF0651-body-L004	202	body	*Arabico-occidentales* formae a Latino sermone non per virorum doctorum sed per popularem
AB01-PDF0651-body-L005	202	body	traditionem derivatae sunt; apud agricolas enim Africae boreo-occidentalis et Nigritiae annus
AB01-PDF0651-body-L006	202	body	Iulianus et nomina Latina mensium ditioni Romanae superfuerunt ac etiam nunc vigent, sicut
AB01-PDF0651-body-L007	202	body	J. {sp:Lippert} animadvertit in Mittheilungen des Seminars für orientalische Sprachen zu Berlin,
AB01-PDF0651-body-L008	202	body	t. II, pars 2{sup:a} (Westasiatische Studien), 1899, p. 253 (2). Qua re semper memorantur in libellis
AB01-PDF0651-body-L009	202	body	de astronomia ab Arabibus Algeriensibus et Maroccanis in usum scholarum conscriptis; ita
AB01-PDF0651-body-L010	202	body	{sp:Saḥnūn al-Wānsharishī} (de quo t. I, p. 204), p. 14–15, ubi aperte etiam testatur tale
AB01-PDF0651-body-L011	202	body	calendarium ab agricolis adhiberi, et {sp:Muḥammad as-Sūsī al-Marghitī} (3), *al-Mumta‘*
AB01-PDF0651-body-L012	202	body	*fī sharḥ al-maqna‘* fasc. III, p. 4 sqq., et VI, p. 2, ubi haec « mensium anni *peregrini* (4)
AB01-PDF0651-body-L013	202	body	nomina Romana » ita esse efferenda docet: *yannayr, fabrā’ir* seu *fābrā’ir, mārs* vel *māris*
AB01-PDF0651-body-L014	202	body	vel *mars, ibrīl, māyuh* vel *māy, yūniyuh* vel *yunyuh, yūliyuh* vel *yulyuh, aghusht, shu-*
AB01-PDF0651-body-L015	202	body	*tanbir, aktūbir* seu *aktubir, nuwanbir, duǵanbir.* In provincia Maroccana Figīg (فقيق seu فجيج),
AB01-PDF0651-body-L016	202	body	nuperrime tractui Algeriensi adiecta, haec hodie nomina vigent: *yennayr, fubrayr, mars,*
AB01-PDF0651-body-L017	202	body	*ibrīr, māyū, yūlyū, yūlyūz, ghusht, shutānbīr, ktūber, nuwānbīr, duwānbīr* (5). In Ma-
AB01-PDF0651-body-L018	202	body	roccano imperio boreali, iuxta J. {sp:Lerchundi}, *Vocabulario español-arábigo del dialecto de*
AB01-PDF0651-body-L019	202	body	*Marruecos,* Tánger 1892, nomina sunt: *yinnayr, febrāyar* seu *ibrāyr, mars* seu *mārs,*
AB01-PDF0651-body-L020	202	body	*ebrīl, māyū* seu *māyuh, yunyuh, yulyuh, ghosht, shutanbir, ektūber, nuwanbir, duǵanbir.*
AB01-PDF0651-body-L021	202	body	Nomina similia Arabum Algeriensium legantur in lexicis eorum dialecti. — Animadvertendum
AB01-PDF0651-body-L022	202	body	est miras formas *ibrīlaz* (simul cum *ibrīl*), *māyb* (cum *māyuh*), *yulyuz* (cum *yulyuh*),
AB01-PDF0651-body-L023	202	body	*ghushtaǵǵ* (cum *aghusht*), *aktubiraǵǵ* (cum *aktubir*) et *nuwanbirad* (cum *nuwanbir*) apud
AB01-PDF0651-notes_left-L001	202	notes_left	(1) In Siciliae *Chronico Cantabrigensi* (apud
AB01-PDF0651-notes_left-L002	202	notes_left	{sp:Amari}, *Biblioteca arabo-sicula,* textus, Lipsia 1857,
AB01-PDF0651-notes_left-L003	202	notes_left	p. 165–76), a Christiano Siculo quodam sub finem
AB01-PDF0651-notes_left-L004	202	notes_left	X saec. Chr. Arabice scripto, occurrunt *ǵennāriyūh,*
AB01-PDF0651-notes_left-L005	202	notes_left	*mārsuh, abrīl, māyuh, yūniyūh, yūliyūh, awsuh,*
AB01-PDF0651-notes_left-L006	202	notes_left	*sutanbar, aktūbar, duǵanbar.* Post Panormum a
AB01-PDF0651-notes_left-L007	202	notes_left	Rogerio Comite, Normannorum duce, captam (1072
AB01-PDF0651-notes_left-L008	202	notes_left	Chr.), *yannār, marṭiyūs* seu *mārsū, abrīl, māyū,*
AB01-PDF0651-notes_left-L009	202	notes_left	*awsuh, sutanbar, aqtūbar, duǵanbar* invenio pas-
AB01-PDF0651-notes_left-L010	202	notes_left	sim apud {sp:Cusa}, *I diplomi greci ed arabi di Sici-*
AB01-PDF0651-notes_left-L011	202	notes_left	*lia pubblicati* ecc., Palermo 1868-82. Item *māyuh*
AB01-PDF0651-notes_left-L012	202	notes_left	et *nuwanbar* in inscriptionibus annorum 1149 et
AB01-PDF0651-notes_left-L013	202	notes_left	1153, apud {sp:Amari}, *Le epigrafi arabiche di Sicilia,*
AB01-PDF0651-notes_left-L014	202	notes_left	parte II (iscrizioni sepolcrali), Palermo 1879-81, p. 87
AB01-PDF0651-notes_left-L015	202	notes_left	et 96 (= Documenti pubbl. a cura della Società Si-
AB01-PDF0651-notes_left-L016	202	notes_left	ciliana per la storia patria, serie III, vol. I). — De-
AB01-PDF0651-notes_left-L017	202	notes_left	mum *abrīl, māyuh, yūniyuh, yūliyūh* يوليوه, *shu-*
AB01-PDF0651-notes_left-L018	202	notes_left	*tanbar, duǵanbar,* in foederibus inter Pisanos et
AB01-PDF0651-notes_left-L019	202	notes_left	dynastas Tuneti, Marocci, Hispaniae, apud {sp:Amari},
AB01-PDF0651-notes_left-L020	202	notes_left	*I diplomi arabi del R. Archivio Fiorentino,* Fi-
AB01-PDF0651-notes_left-L021	202	notes_left	renze 1863–67, t. I, p. 13, 15, 87, 97, 101, 111, 135,
AB01-PDF0651-notes_left-L022	202	notes_left	150, 171, 235, et t. II, p. 8; omnia intra annos 1181
AB01-PDF0651-notes_left-L023	202	notes_left	et 1445.
AB01-PDF0651-notes_right-L001	202	notes_right	(2) Cfr. quoque E. {sp:Doutté}, *Un texte arabe*
AB01-PDF0651-notes_right-L002	202	notes_right	*en dialecte oranais,* Mémoires de la Société de lin-
AB01-PDF0651-notes_right-L003	202	notes_right	guistique de Paris, t. XII, 1903, p. 349-50.
AB01-PDF0651-notes_right-L004	202	notes_right	(3) De quo t. I, p. 205, adn. 1, et p. {sc:lxxiii}. Li-
AB01-PDF0651-notes_right-L005	202	notes_right	bellus etiam nunc assidue perlegitur in scholis Ara-
AB01-PDF0651-notes_right-L006	202	notes_right	bicis urbis Fez seu Fās et regionis Algeriensis; v.
AB01-PDF0651-notes_right-L007	202	notes_right	{sp:Delphin}, *L’astronomie au Maroc,* in Journal
AB01-PDF0651-notes_right-L008	202	notes_right	Asiatique, ser. VIII, t. XVII, 1891, p. 195–96; {sp:Moty-}
AB01-PDF0651-notes_right-L009	202	notes_right	{sp:linski}, p. XI libri a me t. I, p. 297, adn. 4, me-
AB01-PDF0651-notes_right-L010	202	notes_right	morati.
AB01-PDF0651-notes_right-L011	202	notes_right	(4) *Sanah ‘aǵamiyyah* appellat annum sola-
AB01-PDF0651-notes_right-L012	202	notes_right	rem Iulianum, die 1 Ianuarii incipientem, quo agri-
AB01-PDF0651-notes_right-L013	202	notes_right	colae utuntur.
AB01-PDF0651-notes_right-L014	202	notes_right	(5) Teste E. {sp:Doutté}, *Figuig, notes et im-*
AB01-PDF0651-notes_right-L015	202	notes_right	*pressions,* in La Géographie, Bulletin de la Société
AB01-PDF0651-notes_right-L016	202	notes_right	de Géographie, Paris 1903, p. 198, qui etiam addit:
AB01-PDF0651-notes_right-L017	202	notes_right	« L’année musulmane, en effet, n’est employée à Fi-
AB01-PDF0651-notes_right-L018	202	notes_right	« guig que par les lettrés, ou lorsqu’on veut dater
AB01-PDF0651-notes_right-L019	202	notes_right	« une époque; en tout autre circonstance, on se sert
AB01-PDF0651-notes_right-L020	202	notes_right	« non des mois lunaires, mais des mois du calendrier
AB01-PDF0651-notes_right-L021	202	notes_right	« julien, dont les véritables noms ont été conservés
AB01-PDF0651-notes_right-L022	202	notes_right	« en berbère depuis l’antiquité, et non pas, comme
AB01-PDF0651-notes_right-L023	202	notes_right	« on le crois parfois, réintroduits par nous ».
AB01-PDF0652-body-L001	203	body	{sp:al-Akhḍarī} et {sp:al-Wānsharīshī} occurrentes, e versibus memorialibus quorumdam scrip-
AB01-PDF0652-body-L002	203	body	torum male intellectis ortas esse, ut sunt versus apud {sp:al-Marghītī}, fasc. V, p. 6:
AB01-PDF0652-body-L003	203	body	وَمَنْ يُرِدْ مَدْخَلَ شَهْرٍ يُنْشِدِ | يَنَّيرَ آ فَابْرَائرَدْ وَمَرْصَدِ
AB01-PDF0652-body-L004	203	body	أَبْرِيلَ زِ مَايَبْ وَهَاء يُنْيُهِ | يلْيُزْ أَغُشْتَجَّ شُتَنْبِرَوْ فُهِ
AB01-PDF0652-body-L005	203	body	أَكْتبِرَحْ نُوَنْبِرَدْ دُجَنْبِرَوْ | مَجْمُوعُهَا أَدَدْ زَبَهْ زَجَوْ حَدَوْ
AB01-PDF0652-body-L006	203	body	« qui vult initium mensis recitet: *yannayr-ā, fābrā’ir-ad,* et *marṣ-ad,* | *ibrīl-azi, māy-*
AB01-PDF0652-body-L007	203	body	« *-ab,* et *hā’ yunyuh, yulyu-z, aghusht-aǵǵa, shutanbir-aw* pronuntia, | *aktubir-aḥ, nu-*
AB01-PDF0652-body-L008	203	body	« *wanbir-ad, duǵanbir-aw;* quarum [consonantium] summa est *adad zabaḥ zaǵaw ḥa-*
AB01-PDF0652-body-L009	203	body	« *daw* ». Consonantes nominibus adiectae si suo valore numerali accipiantur (*ā* = 1, *d* = 4,
AB01-PDF0652-body-L010	203	body	*z* = 7 etc.) indicant diem hebdomadae quo mensis ordiri debet.
AB01-PDF0652-body-L011	203	body	Nomina « mensium Romanorum » quibus {sp:al-Battānī} et astronomi {sp:orientales} (nec
AB01-PDF0652-body-L012	203	body	non {sp:Arabes Christiani} Syriae et Mesopotamiae hoc nostro tempore) utuntur, a *Syriacis*
AB01-PDF0652-body-L013	203	body	his repetita sunt: *teshrī qdem* (vel *qdīm*), *teshrī ḥrāy* (ܐܚܪܳܝ), *kānūn qdem* (vel *qdīm*), *kānūn*
AB01-PDF0652-body-L014	203	body	*ḥrāy, shbāṭ, ādār, nīsān, iyār, ḥzīrān, tāmūz, āb, īlūl.*
AB01-PDF0652-body-L015	203	body	« Romani », *ar-Rūm,* ab Arabibus vocantur incolae omnes imperii Byzantini; eodem
AB01-PDF0652-body-L016	203	body	sensu Ῥωμαῖοι apud Graecos tardae aetatis, Procopium, Zonaram, Cedrenum, Theophanem etc.
AB01-PDF0652-body-L017	203	body	*Ad pag. 9–18.* — **Annorum Arabicorum cum Romanis concordantia.**
AB01-PDF0652-body-L018	203	body	Hae tabulae in fine XXXII capitis (t. I, p. 71) et adp. C (t. I, p. 146) memorantur ac ex-
AB01-PDF0652-body-L019	203	body	planantur.
AB01-PDF0652-body-L020	203	body	Parvos codicis errores in numeris dierum facillime emendavi, optimis fretus *Vergleichungs-*
AB01-PDF0652-body-L021	203	body	*-Tabellen der muhammedanischen und christlichen Zeitrechnung hrsg. von* F. {sp:Wüsten-}
AB01-PDF0652-body-L022	203	body	{sp:feld}, Leipzig 1854. Numeri dierum semper sunt unitate minores quam Wüstenfeldianis, quia
AB01-PDF0652-body-L023	203	body	{sp:al-Battānī} initium aerae die 15 Iulii, non 16, constituit.
AB01-PDF0652-body-L024	203	body	Duas codicis paginas (f. 163,v. ac 164,r.), concordantiam usque ad annum 720 producen-
AB01-PDF0652-body-L025	203	body	tes, omittendas censui; *spuriae* enim procul dubio sunt. Multis mendis scatent, non ex libra-
AB01-PDF0652-body-L026	203	body	riorum incuria sed e manifestis computandi erroribus ortis, ut evenit quotiescumque ineptus
AB01-PDF0652-body-L027	203	body	interpolator aliquid Albatenio addere conatur. Concordantiam usque ad 600 hegirae, id est
AB01-PDF0652-body-L028	203	body	per amplius 300 annos a tabularum epocha duxisse, sat {sp:Albatenio} erat. — In versione
AB01-PDF0652-body-L029	203	body	Hispanica, f. 30,r.–35,v., hae tabulae inabsolutae reperiuntur; nam in dextera sectione f. 35,v.
AB01-PDF0652-body-L030	203	body	anni hegirae usque ad 488 scribuntur (7 ultimis lineis vacuis exstantibus), nomina autem primi
AB01-PDF0652-body-L031	203	body	diei al-muḥarram et anni Dhū ’l-qarnayn (quorum ultimus 1492) nonnisi usque ad lineam
AB01-PDF0652-body-L032	203	body	anni 477 heg., dies demum ac menses Romani usque ad lineam anni 470 heg. tantum. Tabu-
AB01-PDF0652-body-L033	203	body	lam amanuensem non absolvisse eo puto, quod hac pagina ubicumque in centenis annorum
AB01-PDF0652-body-L034	203	body	hegirae falso 400 pro 500 scripsisse animadvertisset, praetereaque loco omissi signi al-muḥar-
AB01-PDF0652-body-L035	203	body	ram anni 452 (leg. 552) posuisse signum anni 453 (leg. 553), et extra sua loca signa sequentia
AB01-PDF0652-body-L036	203	body	constituisse.
AB01-PDF0652-body-L037	203	body	*Ad pag. 19-23.* — **Medii motus Solis et Lunae ad calendarium Arabicum.**
AB01-PDF0652-body-L038	203	body	De his tabulis agitur cap. XXVII et XXXIII (t. I, p. 42 et 71).
AB01-PDF0652-body-L039	203	body	In columnarum titulis codex semper *al-masīr al-awsaṭ* « iter medium » habet, quod
AB01-PDF0652-body-L040	203	body	nonnisi p. 20–23 convenit, nam in iis *motus medii,* scilicet gradus quos Sol, Luna etc. dato
AB01-PDF0653-body-L001	204	body	temporis intervallo motu medio conficiunt, praebentur. At p. 19 indicantur *longitudines me-*
AB01-PDF0653-body-L002	204	body	*diae* quas Sol, Luna etc. ineuntibus annis I, XXXI etc. hegirae tenebant; numeri igitur sunt
AB01-PDF0653-body-L003	204	body	*epochae* seu *radices* mediorum motuum, a quibus postea longitudines pro quocumque tem-
AB01-PDF0653-body-L004	204	body	poris momento deducuntur. Qua re titulos columnarum p. 19, Arabice sicut in codice exsta-
AB01-PDF0653-body-L005	204	body	bant servatos, paululum in versione mutavi. Cfr. quoque adnotationes ad pag. 24–28, 72–77,
AB01-PDF0653-body-L006	204	body	102–103.
AB01-PDF0653-body-L007	204	body	Motus *nodi* retrogradus est; sed in tabulis {sp:Albatenianis} ita supputatur ac si esset
AB01-PDF0653-body-L008	204	body	directus, qua re ipse auctor t. I, p. 75–76 (cap. XXXVII) iubet motum nodi e tabulis sum-
AB01-PDF0653-body-L009	204	body	ptum semper de 360° demere.
AB01-PDF0653-body-L010	204	body	{gb:Pag. 19}, sub annis 661 et sqq., facile fuit gradus anomaliae Lunae restituere, in codice
AB01-PDF0653-body-L011	204	body	omissos.
AB01-PDF0653-body-L012	204	body	{gb:Pag. 21}, cod. nonnisi dhū ’l-ḥiǵǵah annorum communium praebet, ut p. 74 subāṭ (Februa-
AB01-PDF0653-body-L013	204	body	rium); nam tabulae Albatenianae pro annis collectis et singulis ita conditae sunt, ut in com-
AB01-PDF0653-body-L014	204	body	putando nunquam opus sit bisextiles a communibus annis distinguere. Suadente tamen {sp:Schia-}
AB01-PDF0653-body-L015	204	body	{sp:parelli}, dhū ’l-ḥiǵǵah bisextilium addidi.
AB01-PDF0653-body-L016	204	body	{gb:Pag. 22}, duo codicis errores, qui me effugerunt, emendentur: secundae itineris Solis in
AB01-PDF0653-body-L017	204	body	10 diebus (ubi cod. et versio 25″ كه loco 24″ كد), et secundae nodi in 21 diebus (ubi 45″ مه
AB01-PDF0653-body-L018	204	body	pro 44″ مد). — Eadem tabula p. 75, cum tribus discrepantiis ab ipso {sp:al-Battānī} provenien-
AB01-PDF0653-body-L019	204	body	tibus, nempe 15″ in motu Solis in novem diebus, 23″ in decem, et 38′ 59″ (pro 39′ 0″) in
AB01-PDF0653-body-L020	204	body	anomalia Lunae in decem diebus.
AB01-PDF0653-body-L021	204	body	{gb:Pag. 23}, duo codicis errores, qui in versionem irrepserunt, emendentur: 25″ كه cod. pro
AB01-PDF0653-body-L022	204	body	24″ كد in Solis itinere trium horarum, et 13″ يج (cod. لج 33″) pro 14″ يد in anomalia lunari
AB01-PDF0653-body-L023	204	body	23 horarum. — Eadem tabula p. 76, ubi in motu lunari quatuordecim horarum 11″ loco 10″,
AB01-PDF0653-body-L024	204	body	et in anomalia decem horarum 37″ loco 38″ (exacte 5° 26′ 37″ 28‴ 17{sup:IV}....); ambae discre-
AB01-PDF0653-body-L025	204	body	pantiae ab {sp:al-Battānī} provenire videntur.
AB01-PDF0653-body-L026	204	body	*Ad pag. 24-28.* — **Motus medii quinque planetarum**
AB01-PDF0653-body-L027	204	body	**ad calendarium Arabicum.**
AB01-PDF0653-body-L028	204	body	Tabulas memorat auctor t. I, p. 71 et 113 (exeunte XXXIII et ineunte XLV cap.).
AB01-PDF0653-body-L029	204	body	Columnae p. 24 Arabice ut p. 25–26 inscriptae; paulo aliter in versione, ut in adn. ad
AB01-PDF0653-body-L030	204	body	p. 19–23 monui. — P. 27 et 28 necessario a p. 106 et 105 non differunt.
AB01-PDF0653-body-L031	204	body	In tabulis suis {sp:Ptolemaeus} IX, 4 (ed. Halma, t. II, p. 126–55) anomalias planetarum
AB01-PDF0653-body-L032	204	body	superiorum et motus medios longitudinis inferiorum addit. Quae {sp:al-Battānī} omittit, iure
AB01-PDF0653-body-L033	204	body	t. I, p. 113 (cap. XLV) animadvertens in systemate Ptolemaico medium motum anomaliae trium
AB01-PDF0653-body-L034	204	body	superiorum eumdem esse quem motum medium longitudinis Solis imminutum medio motu ano-
AB01-PDF0653-body-L035	204	body	maliae ipsorum planetarum; atque medium motum longitudinis Veneris ac Mercurii non differre
AB01-PDF0653-body-L036	204	body	a medio Solis motu.
AB01-PDF0653-body-L037	204	body	De parvis discrepantiis in motuum quantitatibus a {sp:Ptolemaeo} vide t. I, p. 66, et adnota-
AB01-PDF0653-body-L038	204	body	tiones meas t. I, p. 239, 242.
AB01-PDF0653-body-L039	204	body	Folium 167 codicis, in versione omissum, erat additamentum nihil ad tabulas Albatenia-
AB01-PDF0653-body-L040	204	body	nas attinens.
AB01-PDF0654-body-L001	205	body	*Ad pag. 29-32.* — **Syzygiae mediae ad annos Aegyptios.**
AB01-PDF0654-body-L002	205	body	Tabularum usum partim illustravit auctor cap. XLII (t. I, p. 92–93).
AB01-PDF0654-body-L003	205	body	In his tabulis miro modo anni *Aegyptii* (seu *vagi,* sine intercalatione Iuliana) coniuncti
AB01-PDF0654-body-L004	205	body	apparent cum aera Dhū ’l-qarnayn, quae alibi semper per annos *fixos Iulianos* computatur.
AB01-PDF0654-body-L005	205	body	Tabulis attente perspectis certissime patet hos annos vagos a Dhū ’l-qarnayn numerari, sed 1
AB01-PDF0654-body-L006	205	body	thōth i. e. anni initium semper cum 1 thōth congruere annorum Nabonassaris, a {sp:Ptolemaeo}
AB01-PDF0654-body-L007	205	body	in *Almagesto* adhibitorum; qua re 1 thōth primi anni a Dhū ’l-qarnayn fuit 1 thōth 437
AB01-PDF0654-body-L008	205	body	Nabonassaris, 9 Novembris 312 ante Chr. n., id est 69 diebus post initium aerae Dhū ’l-qarnayn
AB01-PDF0654-body-L009	205	body	iuxta usum Albatenianum. Manifeste hanc tabulam {sp:al-Battānī} in usum eorum condidit qui
AB01-PDF0654-body-L010	205	body	annis *Aegyptiis vagis* Nabonassaris cum {sp:Ptolemaeo} uti vellent; sed cur eos maluerit a Dhū
AB01-PDF0654-body-L011	205	body	’l-qarnayn numerare nescio.
AB01-PDF0654-body-L012	205	body	Confusio etiam oriri potest e nomine « *mensium Coptorum* » quod p. 31 occurrit. Nam,
AB01-PDF0654-body-L013	205	body	iuxta t. I, p. 67, l. 19–20, *annus Copticus* est fixus, eiusque 1 thōth (I, p. 68, l. 23 sqq., et
AB01-PDF0654-body-L014	205	body	p. 69, l. 7–21) semper in 29 Augusti incidit; praeterea, sicut in adn. t. I, p. 244–45 exposui,
AB01-PDF0654-body-L015	205	body	Albatenio *aera Coptorum* est aera quaedam Augusti vel Alexandrina, a {sp:Theone} quoque adhi-
AB01-PDF0654-body-L016	205	body	bita, annis fixis praedita, cuius initium fuit 29 Aug. 25 ante Chr. n., seu 287 annis, 3 diebus de-
AB01-PDF0654-body-L017	205	body	tractis, post aeram Dhū ’l-qarnayn. Hic tamen sunt menses annorum *vagorum,* quos miro modo
AB01-PDF0654-body-L018	205	body	etiam t. I, p. 70, l. 30 sqq. *annos Coptorum* vocat, addens eos « annos esse Aegyptios a Dhū
AB01-PDF0654-body-L019	205	body	« ’l-qarnayn »; eodemque sensu in praeceptis ad syzygias supputandas (t. I, p. 92–93) accipiuntur.
AB01-PDF0654-body-L020	205	body	Animadvertendum etiam est diem 29 Aug. 25 ante Chr. n., aerae Coptorum seu Augusti
AB01-PDF0654-body-L021	205	body	initium, esse primum diem thōth anni 724 Nabonassaris, 300 Aridaei seu Alexandri mortui,
AB01-PDF0654-body-L022	205	body	ac initium anni 287 a Dhū ’l-qarnayn iuxta Copticum incipiendi morem (a 29 Aug.). Qua re
AB01-PDF0654-body-L023	205	body	t. I, p. 70 et 92–93, ad annos vagos Coptorum, a Dhū ’l-qarnayn numeratos, convertendos
AB01-PDF0654-body-L024	205	body	in annos fixos, iubet {sp:al-Battānī} ab annis datis detrahere 287, ac residuum per 4 dividere.
AB01-PDF0654-body-L025	205	body	Re vera initium anni 287 Dhū ’l-qarnayn, *Coptico* ordiendi more, cadit 29 Augusti tam iuxta
AB01-PDF0654-body-L026	205	body	annos vagos quam fixos, ut etiam tribus sequentibus annis; quod postea nonnisi quadriennio
AB01-PDF0654-body-L027	205	body	rursus eveniet cuius primus annus 287 + 365 × 4 = 1747 Dhū ’l-qarnayn. Quem annum ta-
AB01-PDF0654-body-L028	205	body	bulae {sp:Albatenianae} non assequuntur.
AB01-PDF0654-body-L029	205	body	Quinque tabularum columnae haec praebent:
AB01-PDF0654-body-L030	205	body	I. Annos aut menses datos, cum quibus est in tabulas intrandum.
AB01-PDF0654-body-L031	205	body	II. Dies primi mensis Aegyptii (thōth), et partes dierum sexagesimas, quibus dati anni
AB01-PDF0654-body-L032	205	body	prima coniunctio aut oppositio media evenit.
AB01-PDF0654-body-L033	205	body	III. Mediam longitudinem Solis, temporis momento in II indicato.
AB01-PDF0654-body-L034	205	body	IV. Anomaliam mediam Lunae eodem temporis momento.
AB01-PDF0654-body-L035	205	body	V. Argumentum latitudinis Lunae seu distantiam a nodo boreali.
AB01-PDF0654-body-L036	205	body	{sp:Ptolemaeus} (1) in III non mediam longitudinem Solis exhibet, at Solis distantiam (ἀποχή)
AB01-PDF0654-body-L037	205	body	ab apogeo, quod perperam in 65° 30′ fixum arbitrabatur; in V argumentum latitudinis Lunae
AB01-PDF0654-body-L038	205	body	a limite boreali (= longit. nodi + 90°) numeratum. In reliquis constructio tabularum apud
AB01-PDF0654-body-L039	205	body	utrumque aequalis; sed elementa pro annis collectis aliquantulo discrepant ob motum Solis
AB01-PDF0654-body-L040	205	body	in tabulis Albatenianis diversum et ob longitudinis intervallum inter urbem Alexandriam et
AB01-PDF0654-body-L041	205	body	ar-Raqqah. Elementa sua {sp:Ptolemaeus} VI, 2 (ed. Halma, t. I, p. 374–78) exposuit, quae vide
AB01-PDF0654-notes_left-L001	205	notes_left	(1) Cuius tabulae in *Almag.* VI, 3 (ed. Halma,
AB01-PDF0654-notes_left-L002	205	notes_left	t. I, p. 378-83); earum usus, et conversio syzygia-
AB01-PDF0654-notes_right-L001	205	notes_right	rum mediarum in veras postea docetur VI, 4 (Hal-
AB01-PDF0654-notes_right-L002	205	notes_right	ma, I, 384-87).
AB01-PDF0655-body-L001	206	body	etiam apud {sp:Delambre}, *Hist. de l’astron. ancienne,* t. II, p. 223–24; sua {sp:al-Battānī} non
AB01-PDF0655-body-L002	206	body	indicat. Ut discrepantiae quantitas cognoscatur, primam coniunctionem anni *vagi* 915 Dhū
AB01-PDF0655-body-L003	206	body	’l-qarnayn, 1351 Nabonassaris supputo iuxta *Almagestum.* Ultimus annus tabulae Ptolemaei
AB01-PDF0655-body-L004	206	body	est 1101 Nabonassaris;
AB01-PDF0655-body-L005	206	body	prima coniunctio anni 1101 Nabonassaris 22{sup:*d*} 41′ 45″ thōth
AB01-PDF0655-body-L006	206	body	variatio intervallo 250 annorum vagorum — 0 27 51
AB01-PDF0655-body-L007	206	body	pro 1351 Nabonassaris, 915 Dhū ’l-qarn. 22{sup:*d*} 13′ 54″ thōth
AB01-PDF0655-body-L008	206	body	T. I, pag. 42, cap. XXVII, differentiam horariam inter Alexandriam et ar-Raqqah statuit
AB01-PDF0655-body-L009	206	body	al-Battānī « circiter {sfrac:2/3} horae aequinoctialis », seu 10° seu 0{sup:*d*} 1′ 40″; igitur
AB01-PDF0655-body-L010	206	body	22{sup:*d*} 13′ 54″
AB01-PDF0655-body-L011	206	body	+ 0 1 40
AB01-PDF0655-body-L012	206	body	pro meridiano ar-Raqqah iuxta {sp:Ptolem.} 22{sup:*d*} 15′ 34″
AB01-PDF0655-body-L013	206	body	iuxta tabulam {sp:Albatenii} 22 14 44
AB01-PDF0655-body-L014	206	body	differentia a {sp:Ptolemaeo} — 0{sup:*d*} 0′ 50″ = — 0{sup:*h*} 20{sup:*m*}.
AB01-PDF0655-body-L015	206	body	Si differentiam longitudinis inter Alexandriam et ar-Raqqah sumimus 12° 45′ = 0{sup:*h*} 51{sup:*m*} =
AB01-PDF0655-body-L016	206	body	= 0{sup:*d*} 2′ 7″.5, ut a tabulis geographicis Albatenianis (t. II, nr. 109 ac 150) deducitur, differentia
AB01-PDF0655-body-L017	206	body	in coniunctione fit — 0{sup:*d*} 1′ 17″.5 = — 0{sup:*h*} 31{sup:*m*}.
AB01-PDF0655-body-L018	206	body	{gb:Pag. 29-30}, pro *annis collectis.* Periodos 25 annorum delegit, {sp:Ptolemaei} exemplum se-
AB01-PDF0655-body-L019	206	body	quens, quia 25 anni vagi (seu 9125 dies) 309 lunationes fere exacte complectuntur; differentia
AB01-PDF0655-body-L020	206	body	ab illis 9125 diebus demenda nonnisi 0{sup:*d*} 2′ 47″ 5‴ seu 0{sup:*d*} 1{sup:*h*} 6{sup:*m*} 50{sup:*s*} attingit, qua re per multas
AB01-PDF0655-body-L021	206	body	periodos 25 annorum vagorum una tantum coniunctio unaque oppositio mensi thōth primi anni
AB01-PDF0655-body-L022	206	body	periodi erit, taliumque coniunctionum aut oppositionum tempora paululo ab alteris different. —
AB01-PDF0655-body-L023	206	body	Oppositionum tabula construitur, a diebus coniunctionum dimidiam lunationem seu 14{sup:*d*} 45′ 55″
AB01-PDF0655-body-L024	206	body	demendo, motusque huic lunationi respondentes a motibus coniunctionum.
AB01-PDF0655-body-L025	206	body	{gb:Pag. 31}. — **[**Trium tabellarum quae hac pagina continentur, una, *mensium* scilicet, est
AB01-PDF0655-body-L026	206	body	necessaria et in *Almagesto* quoque (VI, 3, ed. Halma t. I, p. 383) exhibetur. — *Prima* inutilis;
AB01-PDF0655-body-L027	206	body	quis enim per quadrantes mensis Aegyptii seu Coptici, i. e. per 7 {sfrac:1/2} dies unquam computabit? —
AB01-PDF0655-body-L028	206	body	*Ultima,* pro annorum intervallis a quolibet temporis momento numeratis, parvae est utilitatis;
AB01-PDF0655-body-L029	206	body	praeterea ultima eius columna manifeste in codice ab imperito lectore suppleta erat, nam motus
AB01-PDF0655-body-L030	206	body	latitudinis Lunae supputabatur quasi 108° 47′ 19″ {sfrac:1/2} esset intervallo 100 annorum vagorum,
AB01-PDF0655-body-L031	206	body	loco 108° 48′ 23″ {sfrac:1/2} quae e tabulis Albatenianis p. 29–30 eliciuntur. Eam denuo supputavi ut
AB01-PDF0655-body-L032	206	body	cum Albatenii elementis congrueret. — Primam ultimamque tabellam *spurias* esse suspicor;
AB01-PDF0655-body-L033	206	body	p. 87 tamen similes exstant (1). Tituli columnarum ultimae significant pro tempore futuro nu-
AB01-PDF0655-body-L034	206	body	meros dierum esse subtrahendos, motuum autem addendos. — {sc:Schiaparelli}.**]** — Ultima linea
AB01-PDF0655-body-L035	206	body	primae tabellae pro « monsis » legendum « mensis ». Tabellae prima et secunda eaedem sunt
AB01-PDF0655-body-L036	206	body	quae p. 87, cum duabus parvis discrepantiis: sub {sfrac:1/4} mensis hic 57″, illic 58″ in diebus; sub
AB01-PDF0655-body-L037	206	body	III mense (ayyār) hic 1″, illic 0″ in anomalia Lunae.
AB01-PDF0655-body-L038	206	body	{gb:Pag. 32}, pro *annis singulis.* Ad amussim cum {sp:Ptolemaica} VI, 3 (ed. Halma t. I, p. 382)
AB01-PDF0655-body-L039	206	body	congruit; eius supputatio facillima. Excessus 13 lunationem super 365 dies anni vagi est 18{sup:*d*}
AB01-PDF0655-body-L040	206	body	53′ 51″ 43‴; ergo si A vocemus dies mensis thōth ac diei sexagesimas respondentes primo
AB01-PDF0655-body-L041	206	body	anni cuiusdam novilunio (aut plenilunio), anno sequenti primum novilunium (aut plenilunium)
AB01-PDF0655-notes-L001	206	notes	(1) Item in Hispanica versione f. 41,v. et 56,v.
AB01-PDF0656-body-L001	207	body	eveniet tempore A + 18{sup:*d*} 53′ 52″. Quod, si lunationem integram seu 29{sup:*d*} 31′ 50″ superaverit,
AB01-PDF0656-body-L002	207	body	erit secundum mensis thōth novilunium, aut (30 dies excedente) novilunium mensis sequentis;
AB01-PDF0656-body-L003	207	body	tunc ad primam coniunctionem aut oppositionem anni reperiendam oportebit de summa luna-
AB01-PDF0656-body-L004	207	body	tionem demere ac de motibus columnarum reliquarum motus lunationi respondentes. — In
AB01-PDF0656-body-L005	207	body	columna dierum emendanda sunt: 40″ pro 50″ sub anno 6, 39″ pro 29″ sub 11, 24″ pro 34″
AB01-PDF0656-body-L006	207	body	sub 14, 23″ pro 13″ sub 19.
AB01-PDF0656-body-L007	207	body	*Termini eclipsium* (ὅροι ἐκλειπτικοί). — Eos « in pagina mensium syzygiarum » indica-
AB01-PDF0656-body-L008	207	body	visse {sp:al-Battānī} affirmat cap. XLII et XLIV (t. I, p. 96 ac 104), et eo quidem loco in ver-
AB01-PDF0656-body-L009	207	body	sione Hispanica (f. 41,v. et 56,v.) termini occurrunt; sed codex Escurialensis eos praebet
AB01-PDF0656-body-L010	207	body	hic sub tabula annorum singulorum et pag. 88. Suos {sp:Ptolemaeus} in tabula syzygiarum pro
AB01-PDF0656-body-L011	207	body	annis singulis dedit, eorum supputationem postea docens (VI, 5, ed. Halma t. I, p. 388–96); ob
AB01-PDF0656-body-L012	207	body	diversam Solis aequationem diversasque diametros angulares luminarium et umbrae necessario
AB01-PDF0656-body-L013	207	body	*Ptolemaici* ab *Albatenianis* differunt. Cum nullo loco {sp:al-Battānī} doceat quo modo terminos
AB01-PDF0656-body-L014	207	body	supputaverit, numeros codicis qui ad *eclipses solares* spectant, manifestissimis mendis affectos,
AB01-PDF0656-body-L015	207	body	proxime emendare studueram, numeros deligens e quibus facilius amanuensium errores orti vi-
AB01-PDF0656-body-L016	207	body	derentur, et proportiones terminorum Almagesti quantum fieri poterat servans. Correctionum
AB01-PDF0656-body-L017	207	body	conspectum praebeo, primo numeros codicis hac pagina 32 (f. 172,r.) contentos indicans, deinde
AB01-PDF0656-body-L018	207	body	numeros codicis pag. 88 (f. 194,v.), tertio numeros receptos, quarto errorum explicationem:
AB01-PDF0656-body-L019	207	body	{brace2} | *154*~*°* | 44~′ | 159~° | 44~′ | 159~° | 44~′ | قند pro قنط
AB01-PDF0656-body-L020	207	body	| *190* | 16 | *167* | 16 | 191 | 16 | قض et قصز pro قضا
AB01-PDF0656-body-L021	207	body	{brace2} | 0 | 0 | 0 | 0 | 0 | 0 |
AB01-PDF0656-body-L022	207	body	| 20 | 16 | 20 | 16 | 20 | 16 |
AB01-PDF0656-body-L023	207	body	{brace2} | 348 | *57* | *345* | *53* | 348 | 44 | نز et نج pro مد; سمه pro سمح
AB01-PDF0656-body-L024	207	body	| 360 | 0 | 360 | 0 | 360 | 0 |
AB01-PDF0656-body-L025	207	body	Si iustae essent emendationes (1), distantiam Lunae a nodo necessariam ut contactus di-
AB01-PDF0656-body-L026	207	body	scorum eveniat {sp:al-Battānī} statuisset 20° 16′ in boream, 11° 16′ in austrum. {sp:Ptolemaeus}
AB01-PDF0656-body-L027	207	body	20° 41′ et 11° 22′. Sed non impossibile est pro 191° emendationis meae esse 190° codicis ser-
AB01-PDF0656-body-L028	207	body	vandum, tunc vero 349° سمط loco codicis سمه 345° (qui error in scriptura maghrebina facil-
AB01-PDF0656-body-L029	207	body	limus) et سمح 348°; distantiae a nodo ita fiunt 20° 16′, 10° 26′. — Sed nunc puto veros nu-
AB01-PDF0656-body-L030	207	body	meros *alios esse quam quos in tabulis imprimendis receperam.*
AB01-PDF0656-body-L031	207	body	Ut melius dubitationis causa in emendando appareat, rationem qua {sp:Ptolemaeus} ter-
AB01-PDF0656-body-L032	207	body	minos *eclipsium solarium* constituit exponam. Sit Σ summa semidiametrorum Solis et Lunae
AB01-PDF0656-body-L033	207	body	in eclipsibus, sive distantia centrorum necessaria ut contactus fiat. Parallaxis Lunae negligi
AB01-PDF0656-body-L034	207	body	non potest; maximam parallaxim latitudinis, quae omnibus septem Terrae climatibus inter Me-
AB01-PDF0656-body-L035	207	body	roëm (cuius maximus dies 13{sup:*h*}) et Boristhenis ostia (ubi maximus dies 16{sup:*h*}) contentis contingere pos-
AB01-PDF0656-body-L036	207	body	sit, Ptolemaeus considerat esse 58′ in austrum, 8′ in boream; tunc maximas parallaxes lunares
AB01-PDF0656-body-L037	207	body	longitudinis esse 15′ (in Scorpio Piscibusque) et 30′ (in Leone ac Geminis). Ergo latitudo apparens
AB01-PDF0656-body-L038	207	body	Lunae necessaria ad contactum erit summum Σ + 58′ pro Luna boreali, Σ + 8′ pro australi.
AB01-PDF0656-body-L039	207	body	Ab his latitudinibus, per tabulas aut per regulam
AB01-PDF0656-body-L040	207	body	sin dist. ☾ a nodo boreali $= \\mathit{R}\\;\\dfrac{\\text{sin datae lat. ☾}}{\\text{sin maximae lat. ☾}}$\\,,
AB01-PDF0656-notes_left-L001	207	notes_left	(1) Numeros addo Hispanicae versionis f. 41,v.,
AB01-PDF0656-notes_left-L002	207	notes_left	inter parentheses notans discrepantias f. 56,v. Ter-
AB01-PDF0656-notes_left-L003	207	notes_left	mini eclipsium Solis: 159° 44′ — 197° 16′ (190° 57′),
AB01-PDF0656-notes_right-L001	207	notes_right	0° — 20° 16′, 348° 21′ (348° 57′) — 360°. Termini Lu-
AB01-PDF0656-notes_right-L002	207	notes_right	nae: 165° 53′ (165° 13′) — 194° 47′, 0° — 14° 47′, 345°
AB01-PDF0656-notes_right-L003	207	notes_right	13′ — 360°.
AB01-PDF0657-body-L001	208	body	deducuntur distantiae apparentes Δ et Δ′ Lunae a nodo, seu loci coniunctionis *apparentis.*
AB01-PDF0657-body-L002	208	body	Vera coniunctio sit etiam adhuc futura; parallaxes longitudinis (15′ pro Luna australi, 30′
AB01-PDF0657-body-L003	208	body	pro boreali) addantur distantiis Δ et Δ′; provenient distantiae D et D′ seu loci veri *verae* co-
AB01-PDF0657-body-L004	208	body	niunctionis. Coniunctio media adhuc sit futura; quantitas
AB01-PDF0657-body-L005	208	body	(α)\\hspace{14mm}maxima aequatio ⊙ $+\\;\\dfrac{\\text{maxima aeq. ⊙ $+$ maxima aeq. simpl. ☾}}{12}$\\,,
AB01-PDF0657-body-L006	208	body	quam Ptolemaeus statuit esse maximam differentiam longitudinis quae inter locum verum verae
AB01-PDF0657-body-L007	208	body	coniunctionis et medium mediae cadere possit, addatur distantiis D et D′; exibunt distantiae
AB01-PDF0657-body-L008	208	body	maximae Lunae a nodo in *mediis* coniunctionibus, seu *limites eclipsium solarium.*
AB01-PDF0657-body-L009	208	body	Ita {sp:Ptolemaeus}, quem tamen {sp:Regiomontanus} (1) monet erravisse in D ac D′ sup-
AB01-PDF0657-body-L010	208	body	putandis; non enim parallaxes longitudinis erant addendae, sed ipsarum duodecima pars, quia
AB01-PDF0657-body-L011	208	body	tempore quo Luna spatium parallaxis longitudinis percurrit, Sol eius duodecimam conficit. —
AB01-PDF0657-body-L012	208	body	{sp:Al-Battānī}, cap. XXX (t. I, p. 58), in eclipsibus statuit maximam semidiametrum angularem
AB01-PDF0657-body-L013	208	body	Solis 16′ 50″, maximam Lunae 17′ 40″; ergo summa semidiametrorum est 34′ 30″. Si *paral-*
AB01-PDF0657-body-L014	208	body	*laxibus Ptolemaicis* usus esset, invenisset
AB01-PDF0657-body-L015	208	body	latitudinem ☾ austr. | 34′ 30″ | + | 58′ 0″ | = | 1° 32′ 30″
AB01-PDF0657-body-L016	208	body	latitudinem ☾ boreal. | 34′ 30″ | + | 8′ 0″ | = | 0° 42′ 30″~,
AB01-PDF0657-body-L017	208	body	quibus latitudinibus respondent distantiae a nodo 17° 58′ 48″.6 et 8° 9′ 16″ (2). {sp:Albatenio}
AB01-PDF0657-body-L018	208	body	maxima aequatio Solis est 1° 59′ 10″, maxima simplex Lunae 5° 1′; ergo (α) est 2° 34′ 10″.
AB01-PDF0657-body-L019	208	body	Unde distantiae provenient:
AB01-PDF0657-body-L020	208	body	iuxta rationem Ptolemaei | | iuxta eandem emendatam
AB01-PDF0657-body-L021	208	body	17~° | 59~′ | | 8~° | 9~′ | | 17~° | 59~′ | | 8~° | 9~′
AB01-PDF0657-body-L022	208	body	| 15 | | | 30 | | | 1 | | | 3
AB01-PDF0657-body-L023	208	body	2 | 34 | | 2 | 34 | | 2 | 34 | | 2 | 34
AB01-PDF0657-body-L024	208	body	20~° | 48~′ | | 11~° | 13~′ | | 20~° | 34~′ | | 10~° | 46~′
AB01-PDF0657-body-L025	208	body	Sed distantiae utraque ratione supputatae, cum numeris codicis non congruunt. Calculos
AB01-PDF0657-body-L026	208	body	iterum suscipiam, ponens {sp:al-Battānī} parvam differentiam in semidiametro Solis repertam
AB01-PDF0657-body-L027	208	body	neglexisse et quantitate *Ptolemaica* usum esse (15′ 40″); summa semidiametrorum tunc
AB01-PDF0657-body-L028	208	body	15′ 40″ + 17′ 40″ = 33′ 20″. Quibus addantur parallaxes latitudinis 58′ et 8′; provenient
AB01-PDF0657-body-L029	208	body	latitudines apparentes 1° 31′ 20″ in boream, 0° 41′ 20″ in austrum, sicut in *Almagesto.* Ab
AB01-PDF0657-body-L030	208	body	iis per tabulas nostras logarithmicas deducuntur distantiae apparentes a nodo 17° 44′ 45″,
AB01-PDF0657-body-L031	208	body	7° 55′ 45″; per tabulas {sp:Albatenii} 17° 45′ 42″, 7° 55′ 45″. Sed ponamus {sp:al-Battānī} quan-
AB01-PDF0657-body-L032	208	body	titates recepisse quas {sp:Ptolemaeus} rudiore supputatione invenerat, 17° 27′ et 7° 52′. His lati-
AB01-PDF0657-body-L033	208	body	tudinibus addantur parallaxes longitudinis 15′ et 30′; utrique summae adiiciatur quantitas (α)
AB01-PDF0657-body-L034	208	body	iuxta aequationes *Albatenianas* luminarium seu 2° 34′ (iuxta aequationes Ptolemaei 3°); pro-
AB01-PDF0657-body-L035	208	body	dibunt | 17° 27′ | + | 0° 15′ | + | 2° 34′ | = | 20° 16′
AB01-PDF0657-body-L036	208	body	| 7° 52′ | + | 0° 30′ | + | 2° 34′ | = | 10° 56′~.
AB01-PDF0657-body-L037	208	body	Prior numerus ad amussim cum terminis borealibus codicis congruit; alter cum australibus
AB01-PDF0657-body-L038	208	body	convenit si نو 56′ pro يو 16′ cod., د 4′ pro نج 53′ et نز 57′ cod., سمط 349° (ut antea iam pro-
AB01-PDF0657-notes_left-L001	208	notes_left	(1) I. {sp:de Monteregio} *et* G. {sp:Purbachii}
AB01-PDF0657-notes_left-L002	208	notes_left	*Epitome in Cl. Ptolemaei magnam compositionem,*
AB01-PDF0657-notes_left-L003	208	notes_left	Basileae 1543, lib. VI, prop. VII, p. 118.
AB01-PDF0657-notes_left-L004	208	notes_left	(2) Ita iuxta tabulas logarithmicas et formu-
AB01-PDF0657-notes_right-L001	208	notes_right	lam Albatenianam praecedenti pagina memoratam.
AB01-PDF0657-notes_right-L002	208	notes_right	E tabulis {sp:Albatenii} t. II, p. 78, in quibus inter-
AB01-PDF0657-notes_right-L003	208	notes_right	polatio rudior fit ob intervallum 1° in argumento
AB01-PDF0657-notes_right-L004	208	notes_right	tabularum, 17° 59′ 48″ et 8° 9′ 18″.
AB01-PDF0658-body-L001	209	body	posueram) pro سمه 345° et سمح 348° cod. restituantur. — Rogo igitur ut hic et pag. 88, *termini*
AB01-PDF0658-body-L002	209	body	*eclipsium Solis ita emendentur:*
AB01-PDF0658-body-L003	209	body	{brace2} | 159~° | 44~′ | | {brace2} | 0~° | 0~′ | | {brace2} | *349*~*°* | *4*~*′*
AB01-PDF0658-body-L004	209	body	| *190* | *56* | | | 20 | 16 | | | 360 | 0
AB01-PDF0658-body-L005	209	body	{sp:Regiomontanus}, l. c., affirmat {sp:al-Battānī} invenisse 20° 12′ et 10° 40′; quo modo
AB01-PDF0658-body-L006	209	body	hos numeros supputaverit nescio. — {sp:Ḥabash}, f. 122,r. et 133,r. terminos Ptolemaei servavit.
AB01-PDF0658-body-L007	209	body	*Termini eclipsium lunarium* certissime restitui potuerunt:
AB01-PDF0658-body-L008	209	body	{brace2} | 165~° | ... | *355*~*°* | *53*~*′* | 165~° | 13~′ | سنه false pro قصه, et نج pro يج
AB01-PDF0658-body-L009	209	body	| 194 | 47 | *167* | *44* | 194 | 47 | قصز false pro قضد, et مد pro مز
AB01-PDF0658-body-L010	209	body	{brace2} | 0 | 0 | 0 | 0 | 0 | 0 |
AB01-PDF0658-body-L011	209	body	| 14 | 47 | 14 | 47 | 14 | 47 |
AB01-PDF0658-body-L012	209	body	{brace2} | 345 | *53* | 345 | *53* | 345 | 13 | نج false pro يج
AB01-PDF0658-body-L013	209	body	| 360 | 0 | 360 | 0 | 360 | 0 |
AB01-PDF0658-body-L014	209	body	Unde elucet {sp:al-Battānī} distantiam maximam Lunae a nodo in *mediis* oppositionibus ad
AB01-PDF0658-body-L015	209	body	contactum cum umbra posuisse 14° 47′. Supputatio facilis. In eclipsibus reperit (t. I, p. 58)
AB01-PDF0658-body-L016	209	body	maximam semidiametrum Lunae 17′ 40″, maximam umbrae 46′ 0″; earum summa 1° 3′ 40″,
AB01-PDF0658-body-L017	209	body	cui latitudini respondet distantia a nodo 12° 16′ 23″ iuxta tabulas nostras logarithmicas,
AB01-PDF0658-body-L018	209	body	12° 16′ 25″ iuxta tabulas {sp:al-Battānī} t. II, p. 78. Procul dubio {sp:Albatenius} rudiorem valo-
AB01-PDF0658-body-L019	209	body	rem 12° 13′ recepit, proximum 12° 12′ *Almagesti;* quibus addita quantitate (α) seu 2° 34′, pro-
AB01-PDF0658-body-L020	209	body	veniunt 14° 47′. — Miro modo {sp:Regiomontanus}, VI, 8, p. 119, ex sua coniectura: « Al-
AB01-PDF0658-body-L021	209	body	« bategni tamen dicit terminum esse 14. grad. 15. minut. ». — {sp:Ḥabash}, f. 122, r., quan-
AB01-PDF0658-body-L022	209	body	titatem {sp:Ptolemaei} servat, i. e. 15° 12′ a nodo.
AB01-PDF0658-body-L023	209	body	*Ad pag. 33–54.* — **Tabulae geographicae.**
AB01-PDF0658-body-L024	209	body	Memorantur t. I, p. 20, 30, 73, 137 (l. 2), seu cap. VI, XIV, XXXIV, LVI. — Textus
AB01-PDF0658-body-L025	209	body	Arabicus, in quo codicis numeros immutatos servavi, est t. III, p. 234–41.
AB01-PDF0658-body-L026	209	body	Arabice et Gallice eas iam ediderat ac illustraverat J. {sp:Lelewel}, *Géographie du moyen*
AB01-PDF0658-body-L027	209	body	*âge,* Breslau 1852, t. IV, Épilogue, p. 61–100 (tabulae, cum notis, p. 64–93), iuxta apographum
AB01-PDF0658-body-L028	209	body	codicis Escurialensis charta pellucida factum. Sed linguae fere ignarus multisque Arabicis
AB01-PDF0658-body-L029	209	body	subsidiis destitutus, non semper potuit clarus vir bonas emendationes et coniecturas proponere,
AB01-PDF0658-body-L030	209	body	nec de tabularum loco in historia geographiae recte iudicare. Duae etiam mappae quas ad
AB01-PDF0658-body-L031	209	body	Albatenii mentem construere studuit plurimis locis emendandae sunt.
AB01-PDF0658-body-L032	209	body	Easdem tabulas ego Italice edidi et multis notis praemissaque dissertatione illustravi in
AB01-PDF0658-body-L033	209	body	meo *Le tabelle geografiche d’al-Battâni,* Torino 1898, seorsum edito ex *Cosmos di* {sp:Guido}
AB01-PDF0658-body-L034	209	body	{sp:Cora}, ser. II, t. XII, p. 161–83. Quae tunc scripseram, aucta et passim etiam emendata, hic
AB01-PDF0658-body-L035	209	body	atque in notis ad ipsas tabulas praebeo.
AB01-PDF0658-body-L036	209	body	Longitudines ac latitudines praecipuarum urbium in omnibus astronomicis operibus Arabum
AB01-PDF0658-body-L037	209	body	indicantur, et in Tabulis manualibus {sp:Theonis Alexandrini}. Desunt in *Almagesto,* quia
AB01-PDF0658-body-L038	209	body	{sp:Ptolemaeo}, ut ipse II, 12 (ed. Halma, t. I, p. 148) dicit, in animo erat Geographiam seor-
AB01-PDF0658-body-L039	209	body	sum edere.
AB01-PDF0658-body-L040	209	body	Ex ipsarum tabularum inscriptionibus (t. II, p. 33 ac 37) et ex iis quae t. I, p. 19–20 narrat,
AB01-PDF0658-body-L041	209	body	patet {sp:al-Battānī} situs urbium e *Libro Figurae Terrae* (*Kitāb ṣūrat al-arḍ*) sumpsisse,
